/*
 Navicat Premium Data Transfer

 Source Server         : local
 Source Server Type    : MySQL
 Source Server Version : 80024
 Source Host           : localhost:3306
 Source Schema         : db

 Target Server Type    : MySQL
 Target Server Version : 80024
 File Encoding         : 65001

 Date: 12/08/2021 22:10:59
*/

SET NAMES utf8mb4;
SET FOREIGN_KEY_CHECKS = 0;

-- ----------------------------
-- Table structure for article
-- ----------------------------
DROP TABLE IF EXISTS `article`;
CREATE TABLE `article`  (
  `art_id` bigint NOT NULL AUTO_INCREMENT COMMENT '文章标号，主键',
  `auth_id` bigint NOT NULL COMMENT '发表文章的用户id 若为官方发布即为0',
  `title` varchar(255) CHARACTER SET utf8mb4 COLLATE utf8mb4_general_ci NOT NULL COMMENT '文章标题',
  `visitornum` int NULL DEFAULT NULL,
  `thumb` int NULL DEFAULT NULL,
  `collect` int NULL DEFAULT NULL,
  `outstanding` int NULL DEFAULT NULL COMMENT '是否首页轮播推荐',
  `status` int NULL DEFAULT NULL COMMENT '当前文章的状态 1正常 0正在编辑',
  `imgurl` varchar(500) CHARACTER SET utf8mb4 COLLATE utf8mb4_general_ci NULL DEFAULT NULL,
  `abstruct` varchar(500) CHARACTER SET utf8mb4 COLLATE utf8mb4_general_ci NULL DEFAULT NULL,
  `url` varchar(255) CHARACTER SET utf8mb4 COLLATE utf8mb4_general_ci NULL DEFAULT NULL COMMENT '文章来源',
  `publishdate` datetime NULL DEFAULT NULL,
  `update_time` datetime NULL DEFAULT NULL ON UPDATE CURRENT_TIMESTAMP,
  `come_from` varchar(30) CHARACTER SET utf8mb4 COLLATE utf8mb4_general_ci NULL DEFAULT NULL,
  `category` varchar(255) CHARACTER SET utf8mb4 COLLATE utf8mb4_general_ci NULL DEFAULT NULL,
  PRIMARY KEY (`art_id`) USING BTREE,
  INDEX `user_id`(`auth_id`) USING BTREE
) ENGINE = InnoDB AUTO_INCREMENT = 16 CHARACTER SET = utf8mb4 COLLATE = utf8mb4_general_ci ROW_FORMAT = DYNAMIC;

-- ----------------------------
-- Records of article
-- ----------------------------
INSERT INTO `article` VALUES (988350023973625273, 0, '重庆：记者打探“24小时不打烊”的智慧政务服务中心', NULL, NULL, NULL, NULL, NULL, NULL, NULL, NULL, '2021-08-11 10:57:44', NULL, 'video-platform-operation_重庆学习平', '5G');
INSERT INTO `article` VALUES (988350023973625274, 0, '湖南打造智慧智能农机高地', NULL, NULL, NULL, NULL, NULL, NULL, NULL, NULL, '2021-08-11 09:42:16', NULL, 'yres-article-manual_湖南日报', '5G');
INSERT INTO `article` VALUES (988350023973625275, 0, '促进科学数据共享 建立激励机制是关键', NULL, NULL, NULL, NULL, NULL, NULL, NULL, NULL, '2021-08-10 15:17:51', NULL, 'yres-article-manual_科技日报', '科技新闻,5G');
INSERT INTO `article` VALUES (988350023973625276, 0, '约150年后，数据的比特数量将超地球原子总数', NULL, NULL, NULL, NULL, NULL, NULL, NULL, NULL, '2021-08-10 09:02:15', NULL, 'yres-article-manual_科技日报', '5G');
INSERT INTO `article` VALUES (988350023973625277, 0, '上海：借力智慧安防平台，解锁乡村智治新模式', NULL, NULL, NULL, NULL, NULL, NULL, NULL, NULL, '2021-08-09 14:44:32', NULL, 'yres-article-manual_上海学习平台', '5G');
INSERT INTO `article` VALUES (988350023973625278, 0, '全国首笔“区块链+闲置住宅”交易在江苏昆山完成', NULL, NULL, NULL, NULL, NULL, NULL, NULL, NULL, '2021-08-09 09:33:36', NULL, 'yres-article-manual_科技日报', '5G,科技新闻');
INSERT INTO `article` VALUES (988350023973625279, 0, '湖南张家界武陵源：移动5G技术助力疫情防控', NULL, NULL, NULL, NULL, NULL, NULL, NULL, NULL, '2021-08-09 08:58:29', NULL, 'video-platform-operation_湖南学习平', '5G');
INSERT INTO `article` VALUES (988350023973625280, 0, '辽宁大连：“5G+工业互联网” 推动产业数字化', NULL, NULL, NULL, NULL, NULL, NULL, NULL, NULL, '2021-08-09 08:54:41', NULL, 'video-platform-operation_辽宁学习平', '5G');
INSERT INTO `article` VALUES (988350023973625281, 0, '天津推动5G在安全生产领域深度应用 联网接入上千家危险化学品企业', NULL, NULL, NULL, NULL, NULL, NULL, NULL, NULL, '2021-08-06 08:24:00', NULL, 'yres-article-manual_天津日报', '5G');
INSERT INTO `article` VALUES (988350023973625282, 0, '5G向规模化应用迈进', NULL, NULL, NULL, NULL, NULL, NULL, NULL, NULL, '2021-08-05 11:15:10', NULL, 'yres-article-manual_经济日报', '5G');
INSERT INTO `article` VALUES (988350023973625283, 0, '国内首台建筑构件装配机器人下线', NULL, NULL, NULL, NULL, NULL, NULL, NULL, NULL, '2021-08-04 09:50:36', NULL, 'yres-article-manual_科技日报', '国家工程,5G');
INSERT INTO `article` VALUES (988350023973625284, 0, '我国科学家展示实现拓扑量子计算新方法', NULL, NULL, NULL, NULL, NULL, NULL, NULL, NULL, '2021-08-12 14:30:18', NULL, 'yres-article-manual_科技日报', '科技前沿');
INSERT INTO `article` VALUES (988350023973625285, 0, '同济大学学者研发磁性纳米材料让指纹“无处遁形”', NULL, NULL, NULL, NULL, NULL, NULL, NULL, NULL, '2021-08-11 11:14:01', NULL, 'video-platform-operation_新华社', '默认,科技前沿');
INSERT INTO `article` VALUES (988350023973625286, 0, '稀土超分子感光变色镜片试制成功', NULL, NULL, NULL, NULL, NULL, NULL, NULL, NULL, '2021-08-11 11:20:47', NULL, 'yres-article-manual_科技日报', '科技前沿');
INSERT INTO `article` VALUES (988350023973625287, 0, '俄罗斯科学院制成高透明度电磁辐射屏蔽膜', NULL, NULL, NULL, NULL, NULL, NULL, NULL, NULL, '2021-08-10 15:03:30', NULL, 'yres-article-manual_科技日报', '科技前沿');
INSERT INTO `article` VALUES (988350023973625288, 0, '在地球实现行星深处的“魔术” 绝缘纯水首次在实验室转成金属', NULL, NULL, NULL, NULL, NULL, NULL, NULL, NULL, '2021-08-10 09:11:41', NULL, 'yres-article-manual_科技日报', '科技前沿');
INSERT INTO `article` VALUES (988350023973625289, 0, '国内首台紫外光催化复合冷链病毒消杀机在闽面世', NULL, NULL, NULL, NULL, NULL, NULL, NULL, NULL, '2021-08-09 11:17:29', NULL, 'yres-article-manual_科技日报', '科技前沿,科技新闻');
INSERT INTO `article` VALUES (988350023973625290, 0, '戴口罩也能识别 用量子计算处理人像获指数级加速', NULL, NULL, NULL, NULL, NULL, NULL, NULL, NULL, '2021-08-06 08:59:25', NULL, 'yres-article-manual_科技日报', '科技前沿');
INSERT INTO `article` VALUES (988350023973625291, 0, '国药集团重大发现，德尔塔变异毒株有望迎来特效药！', NULL, NULL, NULL, NULL, NULL, NULL, NULL, NULL, '2021-08-05 14:50:51', NULL, 'yres-article-manual_科技日报', '科学防控,科技前沿');
INSERT INTO `article` VALUES (988350023973625292, 0, '我国科学家首次观测到源自纯能量的物质/反物质对产生', NULL, NULL, NULL, NULL, NULL, NULL, NULL, NULL, '2021-08-05 09:09:00', NULL, 'yres-article-manual_科技日报', '科技前沿');
INSERT INTO `article` VALUES (988350023973625293, 0, '质优价廉固态电解质问世 安全“锂”想电池不再遥远', NULL, NULL, NULL, NULL, NULL, NULL, NULL, NULL, '2021-08-04 15:47:20', NULL, 'yres-article-manual_科技日报', '科技前沿');
INSERT INTO `article` VALUES (988350023973625294, 0, '两种量子密钥分发融合可用性首次获现网验证', NULL, NULL, NULL, NULL, NULL, NULL, NULL, NULL, '2021-08-03 10:03:57', NULL, 'yres-article-manual_科技日报', '科技前沿,科技新闻');
INSERT INTO `article` VALUES (988350023973625295, 0, '70兆帕冬奥配套加氢站投入使用', NULL, NULL, NULL, NULL, NULL, NULL, NULL, NULL, '2021-08-10 10:34:44', NULL, 'yres-article-manual_科技日报', '国家工程');
INSERT INTO `article` VALUES (988350023973625296, 0, '广东：深中通道中山大桥西主塔完成封顶', NULL, NULL, NULL, NULL, NULL, NULL, NULL, NULL, '2021-08-10 10:19:00', NULL, 'yres-article-manual_中央广播电视总台', '国家工程');
INSERT INTO `article` VALUES (988350023973625297, 0, '山东：跨京沪铁路双T构转体桥顺利完成双转体施工', NULL, NULL, NULL, NULL, NULL, NULL, NULL, NULL, '2021-08-10 09:39:13', NULL, 'yres-article-manual_新华社', '科技新闻,国家工程');
INSERT INTO `article` VALUES (988350023973625298, 0, '北京：京广特大桥成功跨越京石高速 丰台站10月份开始联调联试', NULL, NULL, NULL, NULL, NULL, NULL, NULL, NULL, '2021-08-09 13:08:59', NULL, 'yres-article-manual_北京日报', '国家工程');
INSERT INTO `article` VALUES (988350023973625299, 0, '福建：福厦客专泉州湾跨海大桥主桥合龙', NULL, NULL, NULL, NULL, NULL, NULL, NULL, NULL, '2021-08-09 10:54:52', NULL, 'yres-article-manual_泉州网', '国家工程');
INSERT INTO `article` VALUES (988350023973625300, 0, '西藏拉萨贡嘎国际机场T3航站楼正式投运', NULL, NULL, NULL, NULL, NULL, NULL, NULL, NULL, '2021-08-09 10:04:28', NULL, 'yres-article-manual_中央广播电视总台', '国家工程');
INSERT INTO `article` VALUES (988350023973625301, 0, '云南：小湾水电站700兆瓦水电机组全国产计算机监控系统正式投运', NULL, NULL, NULL, NULL, NULL, NULL, NULL, NULL, '2021-08-09 09:50:18', NULL, 'yres-article-manual_新华社', '国家工程');
INSERT INTO `article` VALUES (988350023973625302, 0, '我国成功发射中星2E卫星', NULL, NULL, NULL, NULL, NULL, NULL, NULL, NULL, '2021-08-06 08:14:41', NULL, 'yres-article-manual_中央广播电视总台', '科技新闻,国家工程');
INSERT INTO `article` VALUES (988350023973625303, 0, '深山藏水电 可可托海地下有一座功勋水电站', NULL, NULL, NULL, NULL, NULL, NULL, NULL, NULL, '2021-08-05 10:14:36', NULL, 'yres-article-manual_新华社', '国家工程,科技新闻');
INSERT INTO `article` VALUES (988350023973625304, 0, '福建：“巨无霸”升顶  漳州核电2号机组钢衬里模块四吊装就位 ', NULL, NULL, NULL, NULL, NULL, NULL, NULL, NULL, '2021-08-05 09:58:07', NULL, 'yres-article-manual_闽南日报', '国家工程');
INSERT INTO `article` VALUES (988350023973625305, 0, '这个国之重器将对全球科学家开放！揭秘上海超强超短激光装置', NULL, NULL, NULL, NULL, NULL, NULL, NULL, NULL, '2021-08-05 09:53:39', NULL, 'yres-article-manual_视觉中国', '国家工程,科技新闻');
INSERT INTO `article` VALUES (988350023973625306, 0, '以数字技术推动工业绿色低碳转型', NULL, NULL, NULL, NULL, NULL, NULL, NULL, NULL, '2021-08-12 09:32:16', NULL, 'yres-article-manual_经济日报', '学习理论,经济');
INSERT INTO `article` VALUES (988350023973625307, 0, '全面建成小康社会必将载入中华民族发展史册', NULL, NULL, NULL, NULL, NULL, NULL, NULL, NULL, '2021-08-12 08:39:52', NULL, 'yres-article-manual_《红旗文稿》', '默认,经济');
INSERT INTO `article` VALUES (988350023973625308, 0, '货币政策的目标取向', NULL, NULL, NULL, NULL, NULL, NULL, NULL, NULL, '2021-08-11 15:37:11', NULL, 'yres-article-manual_学习时报', '学习理论,经济');
INSERT INTO `article` VALUES (988350023973625309, 0, '打造数字经济新优势的着力点', NULL, NULL, NULL, NULL, NULL, NULL, NULL, NULL, '2021-08-11 08:42:38', NULL, 'yres-article-manual_经济日报', '学习理论,经济');
INSERT INTO `article` VALUES (988350023973625310, 0, '发挥好制造业与服务业在促进高质量发展中的不同作用', NULL, NULL, NULL, NULL, NULL, NULL, NULL, NULL, '2021-08-10 09:22:20', NULL, 'yres-article-manual_光明日报', '学习理论,经济');
INSERT INTO `article` VALUES (988350023973625311, 0, '营造良好公平竞争秩序 服务构建新发展格局', NULL, NULL, NULL, NULL, NULL, NULL, NULL, NULL, '2021-08-10 08:21:36', NULL, 'yres-article-manual_《中国发展观察》', '默认,经济');
INSERT INTO `article` VALUES (988350023973625312, 0, '如何理解宏观政策跨周期调节', NULL, NULL, NULL, NULL, NULL, NULL, NULL, NULL, '2021-08-10 09:43:26', NULL, 'yres-article-manual_光明日报', '经济,学习理论');
INSERT INTO `article` VALUES (988350023973625313, 0, '实现共同富裕须推动有效市场和有为政府更好结合', NULL, NULL, NULL, NULL, NULL, NULL, NULL, NULL, '2021-08-10 09:31:23', NULL, 'yres-article-manual_浙江日报', '学习理论,经济');
INSERT INTO `article` VALUES (988350023973625314, 0, '经济恢复成效明显 发展韧性不断增强', NULL, NULL, NULL, NULL, NULL, NULL, NULL, NULL, '2021-08-06 09:00:00', NULL, 'yres-article-manual_人民日报', '学习理论,经济');
INSERT INTO `article` VALUES (988350023973625315, 0, '坚持深化供给侧结构性改革 更好服务构建新发展格局', NULL, NULL, NULL, NULL, NULL, NULL, NULL, NULL, '2021-08-05 07:00:00', NULL, 'yres-article-manual_人民日报', '学习理论,经济');
INSERT INTO `article` VALUES (988350023973625316, 0, '关注制造环节在全球价值链中的变化', NULL, NULL, NULL, NULL, NULL, NULL, NULL, NULL, '2021-08-05 10:42:32', NULL, 'yres-article-manual_经济日报', '学习理论,经济,国际问题研究');
INSERT INTO `article` VALUES (988350023973625317, 0, '全面小康融汇光荣与梦想', NULL, NULL, NULL, NULL, NULL, NULL, NULL, NULL, '2021-08-11 05:00:00', NULL, 'yres-article-manual_人民日报', '学习理论,文化历史');
INSERT INTO `article` VALUES (988350023973625318, 0, '中华民族伟大复兴的领路人', NULL, NULL, NULL, NULL, NULL, NULL, NULL, NULL, '2021-08-10 06:00:00', NULL, 'yres-article-manual_人民日报', '学习理论,文化历史');
INSERT INTO `article` VALUES (988350023973625319, 0, '深刻把握中国共产党百年奋斗的主题 ', NULL, NULL, NULL, NULL, NULL, NULL, NULL, NULL, '2021-08-09 08:48:28', NULL, 'yres-article-manual_天津日报', '学习理论,文化历史');
INSERT INTO `article` VALUES (988350023973625320, 0, '深刻理解马克思主义基本原理同中华优秀传统文化相结合', NULL, NULL, NULL, NULL, NULL, NULL, NULL, NULL, '2021-08-09 00:00:00', NULL, 'yres-article-manual_人民日报', '悟思想,学习理论,文化历史');
INSERT INTO `article` VALUES (988350023973625321, 0, '在把握历史大势中抓住和用好历史机遇', NULL, NULL, NULL, NULL, NULL, NULL, NULL, NULL, '2021-08-06 07:00:00', NULL, 'yres-article-manual_人民日报', '学习理论,文化历史,悟思想');
INSERT INTO `article` VALUES (988350023973625322, 0, '人类文明新形态的中国宣言', NULL, NULL, NULL, NULL, NULL, NULL, NULL, NULL, '2021-08-06 08:42:12', NULL, 'yres-article-manual_光明日报', '学习理论,悟思想,文化历史');
INSERT INTO `article` VALUES (988350023973625323, 0, '让科学社会主义焕发强大生机活力', NULL, NULL, NULL, NULL, NULL, NULL, NULL, NULL, '2021-08-05 07:00:00', NULL, 'yres-article-manual_人民日报', '学习理论,文化历史,党史理论');
INSERT INTO `article` VALUES (988350023973625324, 0, '深入理解中华文明 增强做中国人的骨气和底气', NULL, NULL, NULL, NULL, NULL, NULL, NULL, NULL, '2021-08-04 09:23:26', NULL, 'yres-article-manual_光明日报', '学习理论,文化历史');
INSERT INTO `article` VALUES (988350023973625325, 0, '提升中华文化感召力', NULL, NULL, NULL, NULL, NULL, NULL, NULL, NULL, '2021-08-04 05:00:00', NULL, 'yres-article-manual_人民日报', '学习理论,文化历史');
INSERT INTO `article` VALUES (988350023973625326, 0, '从党史中汲取奋进力量', NULL, NULL, NULL, NULL, NULL, NULL, NULL, NULL, '2021-08-03 04:00:00', NULL, 'yres-article-manual_人民日报', '学习理论,文化历史');
INSERT INTO `article` VALUES (988350023973625327, 0, '永远把伟大建党精神继承下去发扬光大', NULL, NULL, NULL, NULL, NULL, NULL, NULL, NULL, '2021-08-03 08:41:24', NULL, 'yres-article-manual_《求是》2021/1', '学习理论,党史理论,文化历史,建党精神');

-- ----------------------------
-- Table structure for article_category
-- ----------------------------
DROP TABLE IF EXISTS `article_category`;
CREATE TABLE `article_category`  (
  `id` bigint NOT NULL AUTO_INCREMENT COMMENT '编号',
  `article_id` bigint NOT NULL COMMENT '文章ID',
  `category_id` bigint NOT NULL COMMENT '分类ID',
  PRIMARY KEY (`id`) USING BTREE
) ENGINE = InnoDB AUTO_INCREMENT = 278 CHARACTER SET = utf8 COLLATE = utf8_general_ci COMMENT = '文章&&分类关联表' ROW_FORMAT = Dynamic;

-- ----------------------------
-- Records of article_category
-- ----------------------------
INSERT INTO `article_category` VALUES (168, 988350023973625214, 5);
INSERT INTO `article_category` VALUES (169, 988350023973625215, 5);
INSERT INTO `article_category` VALUES (170, 988350023973625216, 0);
INSERT INTO `article_category` VALUES (171, 988350023973625217, 5);
INSERT INTO `article_category` VALUES (172, 988350023973625218, 5);
INSERT INTO `article_category` VALUES (173, 988350023973625219, 5);
INSERT INTO `article_category` VALUES (174, 988350023973625220, 5);
INSERT INTO `article_category` VALUES (175, 988350023973625221, 5);
INSERT INTO `article_category` VALUES (176, 988350023973625222, 5);
INSERT INTO `article_category` VALUES (177, 988350023973625223, 5);
INSERT INTO `article_category` VALUES (178, 988350023973625224, 0);
INSERT INTO `article_category` VALUES (179, 988350023973625225, 0);
INSERT INTO `article_category` VALUES (180, 988350023973625226, 0);
INSERT INTO `article_category` VALUES (181, 988350023973625227, 0);
INSERT INTO `article_category` VALUES (182, 988350023973625228, 0);
INSERT INTO `article_category` VALUES (183, 988350023973625229, 0);
INSERT INTO `article_category` VALUES (184, 988350023973625230, 0);
INSERT INTO `article_category` VALUES (185, 988350023973625231, 0);
INSERT INTO `article_category` VALUES (186, 988350023973625232, 0);
INSERT INTO `article_category` VALUES (187, 988350023973625233, 0);
INSERT INTO `article_category` VALUES (188, 988350023973625234, 0);
INSERT INTO `article_category` VALUES (189, 988350023973625235, 0);
INSERT INTO `article_category` VALUES (190, 988350023973625236, 0);
INSERT INTO `article_category` VALUES (191, 988350023973625237, 0);
INSERT INTO `article_category` VALUES (192, 988350023973625238, 0);
INSERT INTO `article_category` VALUES (193, 988350023973625239, 0);
INSERT INTO `article_category` VALUES (194, 988350023973625240, 0);
INSERT INTO `article_category` VALUES (195, 988350023973625241, 0);
INSERT INTO `article_category` VALUES (196, 988350023973625242, 0);
INSERT INTO `article_category` VALUES (197, 988350023973625243, 0);
INSERT INTO `article_category` VALUES (198, 988350023973625244, 0);
INSERT INTO `article_category` VALUES (199, 988350023973625245, 0);
INSERT INTO `article_category` VALUES (200, 988350023973625246, 0);
INSERT INTO `article_category` VALUES (201, 988350023973625247, 0);
INSERT INTO `article_category` VALUES (202, 988350023973625248, 0);
INSERT INTO `article_category` VALUES (203, 988350023973625249, 0);
INSERT INTO `article_category` VALUES (204, 988350023973625250, 0);
INSERT INTO `article_category` VALUES (205, 988350023973625251, 0);
INSERT INTO `article_category` VALUES (206, 988350023973625252, 0);
INSERT INTO `article_category` VALUES (207, 988350023973625253, 0);
INSERT INTO `article_category` VALUES (208, 988350023973625254, 0);
INSERT INTO `article_category` VALUES (209, 988350023973625255, 0);
INSERT INTO `article_category` VALUES (210, 988350023973625256, 0);
INSERT INTO `article_category` VALUES (211, 988350023973625257, 0);
INSERT INTO `article_category` VALUES (212, 988350023973625258, 0);
INSERT INTO `article_category` VALUES (213, 988350023973625259, 0);
INSERT INTO `article_category` VALUES (214, 988350023973625260, 0);
INSERT INTO `article_category` VALUES (215, 988350023973625261, 0);
INSERT INTO `article_category` VALUES (216, 988350023973625262, 0);
INSERT INTO `article_category` VALUES (217, 988350023973625263, 0);
INSERT INTO `article_category` VALUES (218, 988350023973625264, 0);
INSERT INTO `article_category` VALUES (219, 988350023973625265, 0);
INSERT INTO `article_category` VALUES (220, 988350023973625266, 0);
INSERT INTO `article_category` VALUES (221, 988350023973625267, 0);
INSERT INTO `article_category` VALUES (222, 988350023973625268, 0);
INSERT INTO `article_category` VALUES (223, 988350023973625273, 5);
INSERT INTO `article_category` VALUES (224, 988350023973625274, 5);
INSERT INTO `article_category` VALUES (225, 988350023973625275, 0);
INSERT INTO `article_category` VALUES (226, 988350023973625276, 5);
INSERT INTO `article_category` VALUES (227, 988350023973625277, 5);
INSERT INTO `article_category` VALUES (228, 988350023973625278, 5);
INSERT INTO `article_category` VALUES (229, 988350023973625279, 5);
INSERT INTO `article_category` VALUES (230, 988350023973625280, 5);
INSERT INTO `article_category` VALUES (231, 988350023973625281, 5);
INSERT INTO `article_category` VALUES (232, 988350023973625282, 5);
INSERT INTO `article_category` VALUES (233, 988350023973625283, 0);
INSERT INTO `article_category` VALUES (234, 988350023973625284, 0);
INSERT INTO `article_category` VALUES (235, 988350023973625285, 0);
INSERT INTO `article_category` VALUES (236, 988350023973625286, 0);
INSERT INTO `article_category` VALUES (237, 988350023973625287, 0);
INSERT INTO `article_category` VALUES (238, 988350023973625288, 0);
INSERT INTO `article_category` VALUES (239, 988350023973625289, 0);
INSERT INTO `article_category` VALUES (240, 988350023973625290, 0);
INSERT INTO `article_category` VALUES (241, 988350023973625291, 0);
INSERT INTO `article_category` VALUES (242, 988350023973625292, 0);
INSERT INTO `article_category` VALUES (243, 988350023973625293, 0);
INSERT INTO `article_category` VALUES (244, 988350023973625294, 0);
INSERT INTO `article_category` VALUES (245, 988350023973625295, 0);
INSERT INTO `article_category` VALUES (246, 988350023973625296, 0);
INSERT INTO `article_category` VALUES (247, 988350023973625297, 0);
INSERT INTO `article_category` VALUES (248, 988350023973625298, 0);
INSERT INTO `article_category` VALUES (249, 988350023973625299, 0);
INSERT INTO `article_category` VALUES (250, 988350023973625300, 0);
INSERT INTO `article_category` VALUES (251, 988350023973625301, 0);
INSERT INTO `article_category` VALUES (252, 988350023973625302, 0);
INSERT INTO `article_category` VALUES (253, 988350023973625303, 0);
INSERT INTO `article_category` VALUES (254, 988350023973625304, 0);
INSERT INTO `article_category` VALUES (255, 988350023973625305, 0);
INSERT INTO `article_category` VALUES (256, 988350023973625306, 0);
INSERT INTO `article_category` VALUES (257, 988350023973625307, 0);
INSERT INTO `article_category` VALUES (258, 988350023973625308, 0);
INSERT INTO `article_category` VALUES (259, 988350023973625309, 0);
INSERT INTO `article_category` VALUES (260, 988350023973625310, 0);
INSERT INTO `article_category` VALUES (261, 988350023973625311, 0);
INSERT INTO `article_category` VALUES (262, 988350023973625312, 0);
INSERT INTO `article_category` VALUES (263, 988350023973625313, 0);
INSERT INTO `article_category` VALUES (264, 988350023973625314, 0);
INSERT INTO `article_category` VALUES (265, 988350023973625315, 0);
INSERT INTO `article_category` VALUES (266, 988350023973625316, 0);
INSERT INTO `article_category` VALUES (267, 988350023973625317, 0);
INSERT INTO `article_category` VALUES (268, 988350023973625318, 0);
INSERT INTO `article_category` VALUES (269, 988350023973625319, 0);
INSERT INTO `article_category` VALUES (270, 988350023973625320, 0);
INSERT INTO `article_category` VALUES (271, 988350023973625321, 0);
INSERT INTO `article_category` VALUES (272, 988350023973625322, 0);
INSERT INTO `article_category` VALUES (273, 988350023973625323, 0);
INSERT INTO `article_category` VALUES (274, 988350023973625324, 0);
INSERT INTO `article_category` VALUES (275, 988350023973625325, 0);
INSERT INTO `article_category` VALUES (276, 988350023973625326, 0);
INSERT INTO `article_category` VALUES (277, 988350023973625327, 0);

-- ----------------------------
-- Table structure for article_content
-- ----------------------------
DROP TABLE IF EXISTS `article_content`;
CREATE TABLE `article_content`  (
  `art_id` bigint NOT NULL,
  `content` mediumtext CHARACTER SET utf8 COLLATE utf8_general_ci NULL,
  PRIMARY KEY (`art_id`) USING BTREE
) ENGINE = InnoDB CHARACTER SET = utf8 COLLATE = utf8_general_ci ROW_FORMAT = Dynamic;

-- ----------------------------
-- Records of article_content
-- ----------------------------
INSERT INTO `article_content` VALUES (988350023973625273, '');
INSERT INTO `article_content` VALUES (988350023973625274, '<p class=\"text_align-justify text_indent-2em\" data-source=\"cke\">农机监测加快“织网”，农机作业开通“千里眼”。记者今天从湖南省农机事务中心获悉，湖南省农机监测系统已接入90个县级平台，农机作业现场一目了然，机械化增产增收更有保障。</p>\n\n<p class=\"text_align-justify text_indent-2em\" data-source=\"cke\">据介绍，农机监测系统采用北斗导航定位技术、无线通信技术和检测传感技术，对农机作业的过程和面积实施准确监测。至8月上旬，该平台监测终端10990台大中型农机，监测各类机械化作业总面积406.3万亩。</p>\n\n<p class=\"text_align-justify text_indent-2em\" data-source=\"cke\">今年以来，湖南省加快打造智慧智能农机高地。湖南智能农机创新研发中心日前挂牌成立，聘请中国工程院院士罗锡文、赵春江领衔攻关，着力突破“卡脖子”技术瓶颈。重点打造湖南汉寿、双峰两个农机制造基地，建设双季稻全程机械化示范区、丘陵山区设施农业示范区、数字农业示范区等“一中心两基地三示范区”，推进“三高四新”战略落实落地。</p>\n\n<p class=\"text_align-justify text_indent-2em\" data-source=\"cke\">科技赋能“铁牛”，田野充满“智慧”。长沙市望城区创建首个无人农场，实现全程无人操作的机械化种植水稻。在沅江市草尾镇、常德市西洞庭管理区的中联智慧农业示范基地，记者看到田里布设土壤墒情数据收集、苗情观测、虫害测报等多种仪器。工作人员告诉记者，基地采用大数据、物联网、智能制造等技术，探索数字化种植水稻的标准体系。</p>\n\n<p class=\"text_align-justify text_indent-2em\" data-source=\"cke\">“田间设备采集温、光、水分等数据，并监测土壤氮磷钾含量、虫情动态。”据中联智慧农业项目负责人介绍，运用数据精准指导水稻生产，有效降低化肥、农药使用量，与普通种植比较，每亩节本增效200元以上。（记者张尚武 通讯员谢国政 万凌肖）</p>\n\n<!--{img:0}-->\n');
INSERT INTO `article_content` VALUES (988350023973625275, '<p class=\"text_align-justify text_indent-2em\" data-source=\"cke\">科学数据是国家科技创新和发展的基础性战略资源，增强数据资源利用至关重要。</p>\n\n<p class=\"text_align-justify text_indent-2em\" data-source=\"cke\">8月9日，记者从中科院青藏高原所获悉，我国研究人员发表评论文章分析我国科学数据共享的现状，总结了我国在科学数据共享方面取得的成功经验，并呼吁对数据共享给予政策支持，对数据贡献者予以激励，从而实现更广泛的数据共享。相关研究成果在线发表于《自然·地球科学》杂志。</p>\n\n<p class=\"text_align-justify text_indent-2em\" data-source=\"cke\">数据流动和信息共享对人类科技进步至关重要，数据中心是促进科学数据开放共享的重要载体。近年来，我国在促进科学数据共享方面出台了一系列举措。2018年，国务院办公厅印发的《科学数据管理办法》中指出，数据开放将是受政府预算资金资助研究项目的基本原则；2019年，国家青藏高原科学数据中心、国家人口健康科学数据中心、国家天文科学数据中心等第一批20个国家数据中心上线。</p>\n\n<p class=\"text_align-justify text_indent-2em\" data-source=\"cke\">然而，最近的一项超过2000名我国研究学者参与的调查显示，我国的研究学者虽有分享研究数据的意愿，但也担心数据的误用及版权和许可受到侵犯。在我国，与同事和合作者私下共享数据的情况更为普遍，而不是更广泛的公开共享。“可见，要增加新建科学数据中心的影响力，并在我国研究人员中更为广泛地树立数据共享的信心，仍需大量工作。”中国科学院青藏高原研究所研究员、国家青藏高原科学数据中心主任李新坦言。</p>\n\n<p class=\"text_align-justify text_indent-2em\" data-source=\"cke\">为了推动我国科学数据广泛共享，国家自然科学基金委在地学领域的两个重大研究计划——“中国西部环境与生态科学研究”和“黑河流域生态—水文过程集成研究”中提出了新要求：受资助项目得到的科学数据都必须在国家自然科学基金委地球科学数据中心公开共享；在项目的年度评估、中期考核及最终评估环节，数据提交共享和数据质量都是被评定的内容。</p>\n\n<p class=\"text_align-justify text_indent-2em\" data-source=\"cke\">同时，这项机制还明确了数据共享者的贡献，并给予他们激励。迄今为止，已有2500多篇科学论文引用了这些数据集。“这两个重大研究计划强调数据共享的强制性，以及对数据共享者的肯定和对知识产权的尊重。”李新说。</p>\n\n<p class=\"text_align-justify text_indent-2em\" data-source=\"cke\">更令人欣慰的是，中国科学院近期发起了地球大数据科学工程专项，该项目旨在构建一个地球科学数据的信息基础设施。通过收集来自专项的各类数据，地球大数据平台目前已存储超过5PB的数据，其下载已经超过50万次。</p>\n\n<p class=\"text_align-justify text_indent-2em\" data-source=\"cke\">基于此，专家呼吁，我国还要在政策、管理、技术和国际化等方面采取更为具体的行动，以更大的力度和措施提高科学家共享数据的意愿，提高我国科学数据中心的影响力，推动更为广泛的科学数据共享。</p>\n\n<p class=\"text_align-justify text_indent-2em\" data-source=\"cke\" abs_visibility=\"true\">李新表示，在政策方面，要进一步明确敏感数据及其使用界限；在管理方面，可将科学数据质量等指标纳入评价机制，数据中心也可通过推进数据引用、利用数据重用指标来量化每个数据集的影响，以激励数据贡献者；在技术方面，数据中心可以通过提供数据集成与包括机器学习等技术在内的平台、数据搜索引擎、智能数据处理工具等措施，更为有效地为用户和机器提供更加友好、智能的服务；在国际化方面，鼓励以中英文双语发布元数据和数据，并积极参与国际认证，以增强中国数据中心的国际影响力。（记者陆成宽）</p>\n\n<!--{img:0}-->\n');
INSERT INTO `article_content` VALUES (988350023973625276, '<p class=\"text_align-justify text_indent-2em\" data-source=\"cke\">人类在过去150年里取得的技术进步比在之前的2000年里取得的还要多。数字电路可以说是人类历史上最重要的发展成就之一。</p>\n\n<p class=\"text_align-justify text_indent-2em\" data-source=\"cke\">自从1947年发明晶体管和1956年发明集成微芯片以来，我们的社会经历了一次重大转变。仅仅50年里，我们在计算能力、无线技术、互联网、人工智能、显示技术、移动通信、交通、医学和太空探索方面都取得了前所未有的进步。</p>\n\n<p class=\"text_align-justify text_indent-2em\" data-source=\"cke\">数字信息已经渗透到人们生活和社会的方方面面，以至于近些年信息生产量的增长似乎势不可当。在地球上，我们每天都会产生5亿条推文、2940亿封电子邮件、400万GB的Facebook数据、650亿条WhatsApp消息和72万个小时的YouTube新视频。</p>\n\n<p class=\"text_align-justify text_indent-2em\" data-source=\"cke\">全世界在2018年创建、捕获、复制和消耗的数据总量为33ZB，相当于33万亿GB。2020年，这一数字增长到59ZB，预计到2025年将达到令人难以想象的175ZB。</p>\n\n<p class=\"text_align-justify text_indent-2em\" data-source=\"cke\">为了让这些数字更直观，我们假设每一个比特都是一枚1英镑的硬币，大约3毫米厚。由一摞硬币组成的1ZB将有2550光年高，可以让你到达最近的恒星系统半人马座阿尔法星600次。目前，我们每年产生的数据量是这个数字的59倍，复合增长率估计在61%左右。</p>\n\n<p class=\"text_align-justify text_indent-2em\" data-source=\"cke\">大部分数字信息存储在3种地方。第一是全球各地的终端，包括所有物联网设备、个人电脑、智能手机和所有其他信息存储设备。第二是边缘位置，包括基础设施如手机发射塔和机构服务器，以及服务处，如大学、政府办公室、银行和工厂。第三是传统数据服务器和云数据中心。它们是存储大部分数据的核心位置。</p>\n\n<p class=\"text_align-justify text_indent-2em\" data-source=\"cke\">世界上大约有600个超大规模的数据中心，每个都拥有超过5000台服务器。中国、日本、英国、德国和澳大利亚的服务器数量总和约占总数的30%。</p>\n\n<p class=\"text_align-justify text_indent-2em\" data-source=\"cke\">世界上最大的数据服务器是位于中国呼和浩特的中国电信数据中心（占地100万平方米）和位于美国内华达州里诺市附近的The Citadel数据中心（占地67万平方米）。</p>\n\n<p class=\"text_align-justify text_indent-2em\" data-source=\"cke\">为满足日益增长的数字数据存储需求，每两年就会有约100个新的超大规模数据中心建成。一项最近的研究调查了这种趋势，结论显示，若年增长率为50%，那么大约110年后，维持这种数字化生产所需的能源将超过现在的全球能源消耗总量。大约150年后，数据的比特数量将达到一个不可估量的数值，超过地球上所有的原子数量。</p>\n\n<p class=\"text_align-justify text_indent-2em\" data-source=\"cke\">（Melvin M. Vopson撰文，张乃欣翻译，据《环球科学》）</p>\n\n<!--{img:0}-->\n');
INSERT INTO `article_content` VALUES (988350023973625277, '<p class=\"text_align-justify text_indent-2em\" data-source=\"cke\">2020年，一场突如其来的新冠肺炎疫情让人措手不及。在全国“外防输入，内防反弹”大形势下，上海市宝山区杨行镇西街村的智慧安防大显身手：“道闸、门禁、刷脸，放行……”一连串行云流水般的数字智慧流程，让西街村的疫情防控手段插上了科技的翅膀，让小小的基层村落开启了现代化治理的模式。</p>\n\n<!--{img:0}-->\n\n<!--{img:1}-->\n\n<p class=\"text_align-justify text_indent-2em\" data-source=\"cke\">西街村智慧安防平台始建于2019年，在疫情防控期间发挥了显著效果，让西街村更坚定了“数字”化的治理手段，持续探索深化平台应用，通过构筑“三张网”，创新“1+2+N”的乡村智慧治理模式，形成了以视频中台为核心，监控网格和道闸门禁设施为支点，人员管理、车辆分流、环境维护、安全监测等多场景应用的治理架构，助推乡村治理从复杂、被动、分散，向集约、高效、精准转变。</p>\n\n<!--{img:2}-->\n\n<!--{img:3}-->\n\n<p class=\"text_align-justify text_indent-2em\" data-source=\"cke\"><strong data-source=\"cke\">织密织牢“数据网”，关口前移管源头</strong></p>\n\n<p class=\"text_align-justify text_indent-2em\" data-source=\"cke\">由于紧邻地铁一号线，交通便利，村内外来租户多、流动快、出入车辆杂。西街村在出入口安装智能门禁、道闸，对村内常住人口进行全面排摸，采集人员、车牌数据3000余条，这些数据输入智慧安防平台，配合人脸、车牌识别技术，实现“刷脸、刷牌”入村，严格农房出租管理，清退了外来租户，村内来沪流动人员从6000余人减少到4000余人，有效遏制了群租乱象，消除安全隐患。同时，合理匹配停车场设计容量，入村车辆稳定控制在400余辆，村内车辆停放、道路交通更加井然有序。</p>\n\n<!--{img:4}-->\n\n<!--{img:5}-->\n\n<p class=\"text_align-justify text_indent-2em\" data-source=\"cke\"><strong data-source=\"cke\">周密布局“监测网”，围绕重点强监督</strong></p>\n\n<p class=\"text_align-justify text_indent-2em\" data-source=\"cke\">2019年，西街村创建宝山区“美丽乡村达标村”期间共拆除违章搭建12220平方米，清理各类垃圾5838吨，改建垃圾厢房6座，修建停车场4处。为巩固成果，西街村借助智慧安防平台，在入口处、道路岔口、停车场、河道两侧、垃圾堆积高频点位等区域加装监控设备50余套，围绕公共安全、环境治理、秩序管理，多层级、精准化布局监控网络，实现对重点场所24小时“不下线”管理，杜绝垃圾偷倒、私拉乱建、车辆占道等乱象，通过智能监控设备，确保了整治后零反弹、零回潮，让美丽乡村建设成效得到长久落实。</p>\n\n<!--{img:6}-->\n\n<!--{img:7}-->\n\n<p class=\"text_align-justify text_indent-2em\" data-source=\"cke\"><strong data-source=\"cke\">融合联动“人力网”，解决问题见实效</strong></p>\n\n<p class=\"text_align-justify text_indent-2em\" data-source=\"cke\">在打造严密安防网络、强化问题发现机制的同时，西街村通过“数据+人”，打通问题发现、上报、处理的高速通道。安排专人值守视频中台，发挥视频中台信息集成枢纽作用，通过数据赋能实现村内问题的快发现、快上报。联合警务工作站，借助警务人力资源，配强处置应对力量，完善村内安全问题响应工作机制，做到第一时间上报警情、第一时间人员到位、第一时间响应处置，通过“线上”“线下”的双向互动，实现社会治安事件零发生，守护好群众的生命财产安全，让群众生活得安心、放心。</p>\n\n<!--{img:8}-->\n\n<!--{img:9}-->\n\n<p class=\"text_align-justify text_indent-2em\" data-source=\"cke\">西街村依托智慧安防平台应用，立足本村实际，深入挖掘“数据+人”的乡村治理机制潜力，在农民房出租管理、人居环境优化管理、社会综合治理方面，补齐传统治理短板，优化传统乡村治理模式耗时长、成本高、效率低的问题，探索构建起更加精准、高效、便捷的乡村智治体系。</p>\n\n<p class=\"text_align-justify text_indent-2em\" data-source=\"cke\">（图片来源：上海市宝山区杨行镇西街村）</p>\n\n<!--{img:10}-->\n');
INSERT INTO `article_content` VALUES (988350023973625278, '<p class=\"text_align-justify text_indent-2em\" data-source=\"cke\">8月2日下午，江苏省昆山市首次运用区块链技术完成农村闲置住宅使用权流转交易，永新村六如墩25号闲置住宅12年使用权被企业以18.69元/（月·平方米）的单价在江苏省农村产权交易信息服务平台上竞得。依托江苏省信息服务平台，此笔交易信息直接上链存证，保证房源可信、交易真实、结果可追溯。</p>\n\n<p class=\"text_align-justify text_indent-2em\" data-source=\"cke\">这是继江苏在射阳县探索农村土地线上全流程“不见面”交易、金湖县探索“区块链+农村产权交易+抵押贷款”服务后，农村产权交易领域的再创新。据了解，这也是全国首笔基于区块链技术的闲置住宅使用权流转。</p>\n\n<p class=\"text_align-justify text_indent-2em\" data-source=\"cke\">通过将闲置住宅使用权“上链”流转，破解了交易可信的难题，从而进一步盘活农村“沉睡”资产、扩大农户财产收益权。“交易完成后，后续合同拟定、签约这些都不用老百姓自己跑了，日后租金收入村里会直接全额分到‘户主’手上，交易过程都看得到，群众很放心！”淀山湖永新村村委会主任蔡顺华说道。</p>\n\n<p class=\"text_align-justify text_indent-2em\" data-source=\"cke\">合同签订后，这些农房将会被改造成为民宿，接待外地游客。昆山市农业农村局发展改革与资产管理科科长戴欢告诉记者，昆山毗邻上海，进城务工或在外定居的人不在少数，村里一些农房处于闲置状态，而每逢节假日，昆山乡镇又会成为“周边游”的热门选择。民宿和农家乐的发展加速了闲置住宅升级改造的需求。</p>\n\n<p class=\"text_align-justify text_indent-2em\" data-source=\"cke\">虽然需求量大，但是闲置住宅流转纠纷问题一直存在。过去闲置住宅多是私下协商流转，没有规范的流转程序和合同，对权籍信息和地籍信息难以确认，农房主人或第三方租客如违反合约，经常引发矛盾。此外，更因缺乏可证可信的交易信息，银行无法提供后续的金融服务与保障，使得区域农房交易难以形成规模化流转与产业化经营。</p>\n\n<p class=\"text_align-justify text_indent-2em\" data-source=\"cke\">一方面是有需求的市场，另一方面又是难以流转的闲置住宅。昆山市以承担全国宅基地制度改革试点为契机，在淀山湖镇六如墩村成立了专业合作社，村民将闲置住宅入股合作社并委托给社里，在江苏省农村产权交易信息服务平台进行流转，依托区块链技术，既规范了交易又实现了可信。</p>\n\n<p class=\"text_align-justify text_indent-2em\" data-source=\"cke\">“这栋农房变成民宿后，将给农户带来每年5万多元的稳定收益，还将额外获得民宿项目年净利润的20%分红。”蔡顺华补充道。</p>\n\n<p class=\"text_align-justify text_indent-2em\" data-source=\"cke\">据了解，该闲置住宅使用权流转由昆山市农业农村局在江苏省农业农村厅、江苏省财政厅等指导下联合打造，江苏南京南大尚诚软件有限公司和蚂蚁链提供技术支持。</p>\n\n<p class=\"text_align-justify text_indent-2em\" data-source=\"cke\">江苏省农业农村厅农村合作经济指导处处长张玉庆说：“昆山以承担全国深化农村宅基地制度改革试点为契机，积极探索闲置住宅使用权流转现实路径，通过将闲置住宅在农村产权交易平台上应用区块链技术流转，一方面可以规范流转行为，减少交易纠纷；另一方面通过交易的信息和上链的数据，可引导更多的金融活水流向农村。”</p>\n\n<p class=\"text_align-justify text_indent-2em\" data-source=\"cke\">记者了解到，目前昆山正在推进农房规范翻建工作，农房已翻建完成1.3万余户，接下来将持续推进宅基地确权颁证工作，明晰农户的房屋所有权和宅基地使用权，为农村宅基地流转、抵押等权能拓展提供基础。（科技日报记者张晔）</p>\n\n<!--{img:0}-->\n');
INSERT INTO `article_content` VALUES (988350023973625279, '');
INSERT INTO `article_content` VALUES (988350023973625280, '');
INSERT INTO `article_content` VALUES (988350023973625281, '<p class=\"text_align-justify text_indent-2em\" data-source=\"cke\">超高清视频、AI分析预警、巡检机器人……随着5G、大数据、云计算、人工智能等新一代信息技术在安全监管中的融合应用，天津市安全生产实现从静态分析向动态感知、从事后应急向事前预防、从单点防控向全局联防的转变，建立起了事前监测预防、事中应急处置以及事后巩固加强的动态防护体系。目前，天津市上千家危险化学品企业已联网接入天津市、区两级应急部门。这是记者在8月4日天津市召开的“5G+安全生产”推动会上获悉的。</p>\n\n<p class=\"text_align-justify text_indent-2em\" data-source=\"cke\">近年来，天津市安全监管部门加大在安全生产领域的信息化投入，相继推动上线“天津市安全生产防控网”“危险化学品重大危险源在线监测及事故预警系统”“安全生产隐患排查治理系统”和“安全监管移动执法”等信息化系统。目前，天津市、区两级应急部门共联网接入企业1207家，其中危险化学品企业1163家、工贸企业30家、其他企业14家，安装视频监控5844处，具备了重大危险源企业重点部位视频和储罐液位、压力、温度等风险参数的实时监测预警能力，相关传感数据实时上传应急管理部，为做好安全生产风险隐患化解工作奠定了基础。</p>\n\n<p class=\"text_align-justify text_indent-2em\" data-source=\"cke\">下一步，天津市将加快推进5G基础设施建设，树立一批高水平5G应用标杆，形成一批成熟的应用解决方案，建设一批行业特色应用集群，并加强跨部门、跨行业、跨领域的协同合作，通过建设市级安全生产监管平台与数据支撑平台，支撑安全生产全过程、全要素、全产业链的连接和融合。依托新型基础设施载体，提升安全生产快速感知、实时监测、超前预警、应急处置、系统评估等五大新型能力，并加快在安全生产领域制定基于5G新基础设施的协议标准和数据格式，制定多层平台联动框架和标准，推动安全生产全过程中风险可感知、可分析、可预测、可管控。深化“5G+安全生产”的融合应用，企业层面提升工业企业数字化、网络化、智能化水平，把一线人员从危险作业现场解放出来，实现“机械化换人”“自动化减人”，而监管层面要通过全要素网络化连接和智能化管控，实现不同企业、不同部门与不同层级之间的协同联动，整体把握行业、区域的安全风险动态变化，提前预警，化解风险隐患。</p>\n\n<p class=\"text_align-justify text_indent-2em\" data-source=\"cke\">8月4日，由天津市工业和信息化局联合天津市应急管理局共同举办的天津市“5G+安全生产”推动会，是全国5G行业应用规模化发展现场会召开后，首次由省部级、跨部门合作举办的5G创新应用专题推广大会。（天津日报记者吴巧君）</p>\n\n<!--{img:0}-->\n');
INSERT INTO `article_content` VALUES (988350023973625282, '<!--{img:0}-->\n\n<!--{img:1}-->\n\n<p class=\"text_align-justify text_indent-2em\" data-source=\"cke\">“推动5G应用规模化发展是赋能制造业数字化转型、提升产业链供应链韧性的重要举措。”在前不久举行的全国5G行业应用规模化发展现场会上，工业和信息化部部长肖亚庆表示，5G将与人工智能、大数据等技术结合，构建数据要素更快速可靠流通的信息“大动脉”，释放数字对经济发展的放大、叠加、倍增作用，优化技术、资本、人才等要素配置，赋能经济高质量发展。</p>\n\n<p class=\"text_align-justify text_indent-2em\" data-source=\"cke\">但也要看到，5G与行业融合是一个渐进的过程，需要遵循从试点示范到复制推广再到大规模应用的发展规律，其中必然经历各种坎坷，因此需要各方优势互补，打通技术、标准、产品、方案等各环节，打造跨行业协同的5G应用“大生态系统”。</p>\n\n<p class=\"text_align-justify text_indent-2em\" data-source=\"cke\"><strong data-source=\"cke\">制造业数字化转型不是“选择题”，而是关乎生存和长远发展的“必修课”</strong></p>\n\n<p class=\"text_align-justify text_indent-2em\" data-source=\"cke\">“5G商用两年多来，在技术标准、网络建设和产业发展等方面取得积极进展，5G应用实现从0到1的突破，在工业、能源、交通等多个先导行业率先落地。”工业和信息化部信息通信发展司司长谢存表示，当前我国5G发展已走在世界的前列，5G应用探索不断深入，电信运营企业、设备商、行业单位等陆续打造了一批面向不同行业的应用场景。</p>\n\n<p class=\"text_align-justify text_indent-2em\" data-source=\"cke\">在深圳比亚迪总装车厂，中国联通以5G技术全程赋能老旧工厂数字化升级。通过构建高质量的5G行业虚拟专网，为企业部署MEC边缘云平台和网络切片，结合自主研发的AI平台能力，落地13种“5G+工业互联网”融合创新应用。</p>\n\n<p class=\"text_align-justify text_indent-2em\" data-source=\"cke\">“5G与AI相结合应用在车窗合规检测环节，使生产效率提升15%，车窗涂胶不良品流出由原来每月1例至2例降到0，实现企业精益化管理。”中国联通总经理陈忠岳介绍，通过5G+AGV智能物流、5G+AI车尾识别等应用，物流效率提升15%、车标错漏贴问题发生率从原来每月2辆至3辆降为0，全方位打造5G柔性化生产线。</p>\n\n<p class=\"text_align-justify text_indent-2em\" data-source=\"cke\">为解决输电线路巡视工作量大和人工作业效率低之间的突出矛盾，深圳供电局探索应用5G、人工智能等技术，在输电线路上部署2727套智能摄像头，并结合可自动识别外力破坏隐患和设备缺陷的12种算法，打造了新一代输电智能巡检系统，实现足不出户就能“一日尽览鹏城塔”。</p>\n\n<p class=\"text_align-justify text_indent-2em\" data-source=\"cke\">“巡视一回500千伏输电线路，传统人工巡视需要2个人巡视10天，现在通过新一代输电智能巡检系统，2小时就可以完成了，巡视效率较人工作业提升了11倍。”深圳供电局输电管理所线路部副主管裴慧坤说。</p>\n\n<p class=\"text_align-justify text_indent-2em\" data-source=\"cke\">截至目前，全国5G应用创新案例超过1万个，“5G+工业互联网”项目超过1500个，138个钢铁企业、194个电力企业、175个矿山、89个港口实现5G应用商用落地。</p>\n\n<p class=\"text_align-justify text_indent-2em\" data-source=\"cke\">“制造业的数字化转型，已不是‘选择题’，而是关乎生存和长远发展的‘必修课’。利用5G等新技术新应用对传统产业进行全链条、多环节的改造，推动制造业加速向数字化、网络化、智能化发展，是加快产业结构优化升级，推动实体经济发展模式、生产方式变革的必然选择。”肖亚庆说。</p>\n\n<p class=\"text_align-justify text_indent-2em\" data-source=\"cke\"><strong data-source=\"cke\">遵循技术、标准和产业渐次导入的客观规律，提高5G标准对重点行业应用的支撑能力</strong></p>\n\n<p class=\"text_align-justify text_indent-2em\" data-source=\"cke\">5G对行业的赋能作用已经在制造业、交通等领域效果初显，但其规模化落地仍面临不少难题。“产业基础薄弱、关键元器件缺位等短板仍限制5G应用的发展，从技术研发到产业化落地，环节多、过程长，亟待加强5G技术对行业需求的适配和支撑。”谢存说。</p>\n\n<p class=\"text_align-justify text_indent-2em\" data-source=\"cke\" abs_visibility=\"true\">为此，工业和信息化部联合国家发展和改革委员会等9部门印发《5G应用“扬帆”行动计划（2021—2023年）》（以下简称《行动计划》），提出实施5G产业基础强化行动，加大基带芯片、射频芯片、关键射频前端器件等的投入力度，加速突破技术和产业化瓶颈，带动设计工具、制造工艺、核心IP等产业整体水平的提升；加快轻量化5G芯片模组和毫米波器件的研发及产业化，进一步提升终端模组性价比，满足行业应用个性化需求；支持高精度、高灵敏度、大动态范围的5G射频、协议、性能等仪器仪表研发，带动仪表用高端芯片、核心器件等尽快突破。</p>\n\n<p class=\"text_align-justify text_indent-2em\" data-source=\"cke\">“夯实产业基础要根深本固，遵循技术、标准和产业渐次导入的客观规律，科研机构、高校和龙头企业要推动5G后续国际标准演进，提高5G标准对重点行业应用的支撑能力。”肖亚庆建议，要针对芯片、模组等制约规模化应用的关键环节，加大资金、税收等政策支持力度。</p>\n\n<p class=\"text_align-justify text_indent-2em\" data-source=\"cke\">华为常务董事、ICT产品与解决方案总裁汪涛建议，下一步，可以通过集采补贴等措施将终端模组成本降至100元，加快规模部署，力争到2030年实现超过500亿个5G行业物联目标。</p>\n\n<p class=\"text_align-justify text_indent-2em\" data-source=\"cke\">中国移动总经理董昕表示，产业链、供应链应共同协作，推动终端模组等成本大幅降低，实现5G到现场、到网关、到设备，推动5G行业终端从试点到量产，再到规模应用。</p>\n\n<p class=\"text_align-justify text_indent-2em\" data-source=\"cke\">加快5G规模化应用网络是保障。肖亚庆说，要坚持适度超前、以建促用、建用结合的原则，紧贴行业和市场需求，实现深度覆盖和按需覆盖。推动5G行业虚拟专网规模化发展，加快端到端网络切片等新技术成熟商用，探索建网新模式。</p>\n\n<p class=\"text_align-justify text_indent-2em\" data-source=\"cke\">“应持续增强5G网络能力，促进5.5G标准的成熟和部署，提高其大上行、高可靠、精准定位等能力，推动5G技术进入更多行业的核心生产环节。”汪涛说。</p>\n\n<p class=\"text_align-justify text_indent-2em\" data-source=\"cke\"><strong data-source=\"cke\">加快重点领域特色应用落地，亟待推广一批基础扎实、模式清晰、前景广阔、示范带动效应强的应用</strong></p>\n\n<p class=\"text_align-justify text_indent-2em\" data-source=\"cke\">我国行业众多，各行业、各企业数字化水平和发展阶段不同，需求差异性大，个性化更为突出。因此，5G应用发展必须紧密结合行业特点和发展需求，充分把握5G应用发展的阶段性、创新性和复杂性特点，分重点、分批次，循序渐进，在部分应用需求强烈、基础较好、带动性强的重点行业，形成突破性进展，待成熟后，逐步复制推广到千行百业。</p>\n\n<p class=\"text_align-justify text_indent-2em\" data-source=\"cke\">在广东省深圳市妈湾港，招商局港口集团股份有限公司与中国移动共同打造了全国第一个应用于港口的5G商用网络。“5G大带宽、低时延的特点能够满足单台场桥（集装箱门式起重机）上行45Mbps、时延15ms的远程操控要求，极大改善了场桥司机工作环境，保障人员安全。”招商港口副总经理兼首席数字官李玉彬告诉记者，过去场桥司机要爬到30多米的起重机上作业，一干就是8个小时，还要时刻低头观察下方，大部分司机都患有颈椎病。5G让工人从风吹日晒的蓝领变成了室内办公的白领。</p>\n\n<p class=\"text_align-justify text_indent-2em\" data-source=\"cke\">此外，5G与自动驾驶结合实现了38台集卡无人驾驶运输货物；5G网联无人机、机器人智能巡检将巡检时长由原先的6小时缩短至20分钟；“5G+边缘计算+AI机器视觉”将单箱理货时长从20秒缩减至10秒。</p>\n\n<p class=\"text_align-justify text_indent-2em\" data-source=\"cke\">能将不同技术集成应用在港口得益于招商港口自主研发的码头操作管理系统——招商芯。“北斗定位、5G、人工智能等新技术与招商芯相结合形成智慧港口解决方案。该方案可同时对接不同供应商的不同设备、系统和应用，能够较为便捷地在不同码头和港口落地并发挥作用，既可以适用于现代化的自动化码头，同时也可以帮助传统码头改造升级，具有较强的复制性和兼容性。”李玉彬说。</p>\n\n<p class=\"text_align-justify text_indent-2em\" data-source=\"cke\" abs_visibility=\"true\">“要加快重点领域特色应用落地，亟需推广一批基础扎实、模式清晰、前景广阔、示范带动效应强的应用。”在谢存看来，5G融合应用目前尚未形成稳定的应用产业生态。因此，《行动计划》聚焦解决应用发展中的堵点、难点，通过对我国5G应用规划发展作出系统部署，持续推动5G应用从1到N跨越。（经济日报记者李芃达）</p>\n\n<!--{img:2}-->\n');
INSERT INTO `article_content` VALUES (988350023973625283, '<p class=\"text_align-justify text_indent-2em\" data-source=\"cke\">8月2日，国内首台建筑构件装配机器人在中国中铁科工集团江苏南通制造基地下线，填补了我国装配式建筑施工装备领域的一项空白，将用于广州地铁11号线赤沙车辆段的建设。</p>\n\n<!--{img:0}-->\n\n<p class=\"text_align-justify text_indent-2em\" data-source=\"cke\">该台机器人由中铁科工集团与中铁建工集团联合研制，长80米，自重460吨，有效跨度达69米，可架设最重120吨的梁体。为了让机器人变得聪明灵活，设备上安装了72个传感器、50个摄像头，构成了“网络中枢”；由32个轮胎组成的8条独立活动的腿，可以横向、纵向行走，独立伸缩，爬坡过坎，跨层施工，与塔吊、现浇等施工互不干扰，如同一个灵活自如的蜘蛛，实现功能人性化、自动化和智能化。</p>\n\n<p class=\"text_align-justify text_indent-2em\" data-source=\"cke\">中铁科工集团项目科研人员介绍，该台自主研制的装配机器人采用北斗差分定位纠偏系统和变频调速技术，解决了精准施工、平稳作业等难题，测量精度可达10毫米，已申请两项国家发明专利。（记者马爱平）</p>\n\n<!--{img:1}-->\n');
INSERT INTO `article_content` VALUES (988350023973625284, '<p class=\"text_align-justify text_indent-2em\" data-source=\"cke\">记者从中国科学技术大学获悉，该校郭光灿院士团队李传锋、韩永建、许金时等研究发现：仲费米子零模编织过程对局域噪声免疫，并且保持量子互文资源守恒，因此有望通过编织操作和魔术态萃取等手段进行普适、容错的量子计算。该成果8月9日以研究长文的形式在线发表在美国物理学会期刊《PRX量子》上，并被选为编辑推荐文章。</p>\n\n<p class=\"text_align-justify text_indent-2em\" data-source=\"cke\">在实现拓扑量子计算的过程中，马约拉纳零模的实验制备一直是研究热点，但迄今为止仍然没有实验能明确验证它的存在。除实验困难外，马约拉纳零模体系还有两个缺点：一是它们的编织不足以在拓扑保护下实现通用量子门；二是一种名为准粒子中毒的机制可能会严重降低其相干时间，从而影响该体系的量子计算能力。</p>\n\n<p class=\"text_align-justify text_indent-2em\" data-source=\"cke\">科研团队在前期关于马约拉纳零模体系的工作基础上，使用光量子模拟器研究了仲费米子零模的特性，借助一种非定域的数学变换，将一条包含两个仲费米子零模的仲费米子链编码成一个多模式马赫—曾德尔干涉仪中光子的波函数。利用不同模式间光子的干涉以及相应激发模式的耗散，研究人员在光量子模拟器中展现了仲费米子零模的编织统计和拓扑抗噪性质。编织操作的过程保真度达到93.4%。进一步研究发现，仲费米子零模中的量子互文资源在局域噪声下受到拓扑保护几乎保持不变，而且在编织操作前后，量子互文资源也是一个守恒量。因此可以在编织操作中穿插进行魔术态萃取，从而在仲费米子零模体系中实现容错的普适量子计算。</p>\n\n<p class=\"text_align-justify text_indent-2em\" data-source=\"cke\">该成果为拓扑量子计算的实现提供一种可行的物理途径。审稿人高度评价：“不仅展示了全新的物理机制，而且扩展了他们先前对马约拉纳费米子体系的研究。”（记者吴长锋）</p>\n\n<!--{img:0}-->\n');
INSERT INTO `article_content` VALUES (988350023973625285, '');
INSERT INTO `article_content` VALUES (988350023973625286, '<p class=\"text_align-justify text_indent-2em\" data-source=\"cke\">记者8月10日从内蒙古自治区包头市稀土高新区获悉，由包头稀土研究院与黑龙江大学联合研发的稀土超分子感光变色镜片试制成功。研发团队充分利用轻稀土在稀土元素中较大的金属半径、易变价和化学性质稳定等优点研发出新型感光变色材料，该类新材料由于稀土元素镧、铈、钇的引入使镜片具有更好的呈色速率（小于3秒）及褪色速率（小于60秒），抗疲劳性强且稳定性好，从而可以延长镜片使用周期，打破我国高端变色镜片市场被进口镜片垄断的局面。</p>\n\n<p class=\"text_align-justify text_indent-2em\" data-source=\"cke\">在日常生活中，无处不在的紫外线是伤害眼睛的一大“黑手”。人眼在短时间接触大量紫外线会造成电光性眼炎，长期接触则会造成白内障、黄斑病变、眼睑皮肤癌等。想要在强光随处可见的环境中呵护好眼睛，越来越多的人将目光投向了感光变色镜片。</p>\n\n<p class=\"text_align-justify text_indent-2em\" data-source=\"cke\">包头稀土研究院稀土功能材料研究所传感材料研究室高级工程师李静雅告诉记者：“我们首次将稀土通过无机和有机杂化的方式引入智能感光变色材料中，充分发挥稀土离子在超分子结构构筑，实现空间限域效应、重原子效应和抗氧化性等方面的优势。”</p>\n\n<p class=\"text_align-justify text_indent-2em\" data-source=\"cke\">据介绍，稀土超分子感光变色镜片采用自主研发的稀土超分子感光变色材料（可解决低端材料褪变色速率慢，寿命短和底色残留量多的问题）制备而成，可以智能调节光线的透过率，有效阻挡100%的紫外光和30%至80%的可见光，从而减少强光对眼睛的伤害，达到保护眼睛和减少视疲劳的目的。</p>\n\n<p class=\"text_align-justify text_indent-2em\" data-source=\"cke\">稀土的特点使稀土超分子感光变色镜片在性能上相比于传统感光变色镜片在使用寿命、褪变色速率、底色残留量和提高镜片折射率方面均有明显改善。（记者张景阳&nbsp;通讯员李宝乐）</p>\n\n<!--{img:0}-->\n');
INSERT INTO `article_content` VALUES (988350023973625287, '<p class=\"text_align-justify text_indent-2em\" data-source=\"cke\">俄罗斯科学院西伯利亚分院克拉斯诺亚尔斯克科学中心开发出一款高透明度且成本低于同类产品的电磁辐射屏蔽膜，制作工艺中用到了鸡蛋蛋清。</p>\n\n<p class=\"text_align-justify text_indent-2em\" data-source=\"cke\">如何保护电子设备上的数据并屏蔽电磁干扰，这在军事和经济领域都是极为现实的任务。目前大部分屏蔽膜的外观都是金属箔或者粗网，无法用于覆盖设备显示屏或者窗户。</p>\n\n<p class=\"text_align-justify text_indent-2em\" data-source=\"cke\">俄罗斯科学院西伯利亚分院克拉斯诺亚尔斯克科学中心、西伯利亚联邦大学、西伯利亚国立列舍特涅夫科技大学的科学家们开发出一款基于铜和镍的透明高效屏蔽膜。研究人员将鸡蛋蛋清涂到聚合物托板表面，风干后形成的裂纹结构被用作模板，然后在模板上覆盖涂层得到膜材。</p>\n\n<p class=\"text_align-justify text_indent-2em\" data-source=\"cke\">研究人员指出，与同类透明导电膜材相比，新膜材的屏蔽效果更好，造价更低。该屏蔽膜透明度超过80%，还具有良好的柔韧性。此类膜材不仅能用于保护电子设备中的数据，也能被用于制造触摸屏。</p>\n\n<p class=\"text_align-justify text_indent-2em\" data-source=\"cke\">（稿件来源：俄罗斯卫星通讯社；整编：科技日报驻俄罗斯记者董映璧）</p>\n\n<!--{img:0}-->\n');
INSERT INTO `article_content` VALUES (988350023973625288, '<!--{img:0}-->\n\n<p class=\"text_align-justify text_indent-2em\" data-source=\"cke\">在正常条件下，纯水几乎是完美的绝缘体，水只有在极端压力下才会产生金属特性，譬如说在某些行星的深处。但据物理学家组织网近日消息称，一项国际合作研究使用完全不同的方法生产了“金属水”。这是科学家们“绕过”高压首次在实验室里让原本绝缘的纯水转变成金属。该研究现已发表在近期《自然》杂志上。</p>\n\n<p class=\"text_align-justify text_indent-2em\" data-source=\"cke\">只要有足够大的压力条件，很多物质，包括水在内，都可以转化成导体，从而呈现特殊的金属性质。这是因为在高压下，原子或分子被挤压并共用电子，这些自由移动的电子，就让绝缘材料拥有了导电性。当然，这一条件意味着非常高的压力，对于纯水而言，需在4800万个大气压下才有可能转化为导体，这种极端压力往往仅存在于大质量行星的内部。</p>\n\n<p class=\"text_align-justify text_indent-2em\" data-source=\"cke\">现在，来自世界各地11个研究机构组成的国际团队，“绕开”了高压条件，在德国柏林名为“BESSY Ⅱ”的实验设施中完成了这项工作。研究团队突破的关键是将水与碱金属配对。碱金属其实很容易从其原子的外壳中释放电子，不过，碱金属和水之间的化学反应非常之剧烈。因此在实验中，研究人员颠倒了惯例混合方式，改为将一小点水滴在一滴碱金属上，在一个真空室内，室温下以液体形式存在的钠钾合金从一个喷嘴滴下，然后水蒸气再通过管道进入真空室，在金属液滴的外部形成一个极薄的外层。最后，电子和金属阳离子从钠钾合金中流入水中，形成导电的“金属水”。</p>\n\n<p class=\"text_align-justify text_indent-2em\" data-source=\"cke\">这项研究成果避开了极端压力的条件限制，使在地球上的实验室内制备“金属水”成为可能，突破了人类对水的认知。</p>\n\n<p class=\"text_align-justify text_indent-2em\" data-source=\"cke\">研究人员罗伯特·塞德尔表示，他们甚至可以用肉眼看到“金属水”的相变——“银色的钠钾液滴覆盖着金色的光芒”，令人“印象深刻”。研究人员帕弗尔·朱威尔斯则表示，观察到“金属水”是他学术生涯的高光时刻。（记者张梦然）</p>\n\n<!--{img:1}-->\n');
INSERT INTO `article_content` VALUES (988350023973625289, '<!--{img:0}-->\n\n<p class=\"text_align-justify text_indent-2em\" data-source=\"cke\">冷链食品新冠病毒防控添“利器”，只需照射5秒即可完成消杀，有望斩断曾让人为之色变的隐蔽传播链条！8月6日，福建省冷链物流新冠病毒消杀应急科研项目“紫外光催化复合消杀机”通过国家级专家论证，顺利进行技术验收。记者了解到，这是我国首台光催化消杀冷链病毒装备，也是国内在紫外和光催化技术应用研究领域的重大突破，将为冷链食品新冠病毒消杀提供一种便捷、快速、无害的技术手段。</p>\n\n<p class=\"text_align-justify text_indent-2em\" data-source=\"cke\">据福建省科技厅有关负责人介绍，当前全球新冠肺炎疫情形势严峻复杂，通过冷链食品及物流的疫情传播已成为新冠肺炎疫情传播的重要渠道，做好消杀工作对做好常态化疫情防控工作和保障人民生命健康意义重大。为此，福建省组织全省优势科研力量全力推进冷链物流新冠病毒消杀科研应急攻关，紫外光催化复合消杀装备是其中进展成效最为明显的项目之一。</p>\n\n<p class=\"text_align-justify text_indent-2em\" data-source=\"cke\">光催化被誉为“当今世界最理想的净化技术”，该技术是让一定波长的光照射在纳米光催化剂上，使水和空气中的PM2.5、甲醛等有害物质，迅速氧化分解为无毒无味的二氧化碳和水，其应用于病毒消杀等节点。项目承担单位福州大学联合福夏科技公司以紫外光催化技术为核心进行攻关，建立以核酸结构深度破坏为特征的综合消杀新工艺与新装置。</p>\n\n<p class=\"text_align-justify text_indent-2em\" data-source=\"cke\">经过多轮P3实验室新冠病毒消杀效果实验证明，相比常见的冷链病毒消杀技术，紫外线联合光催化复合对光滑不渗透材质表面新冠病毒具有较好杀灭效果，且病毒滴度下降更显著，完全达到并符合《国家消毒技术规范》的要求；速度更快，适用于大宗产品的快速消杀；环境友好，属于物理消杀产品，对人体健康和食品安全不产生影响；性价比高，对单位体积的冷链产品消杀费用低于次氯酸消毒，设备一次投入可重复使用。</p>\n\n<p class=\"text_align-justify text_indent-2em\" data-source=\"cke\">由中国工程院院士侯立安、中国科学院院士邹志刚等组成的评审专家组认为，该项目的新冠病毒消杀研究证据链完整充分，成果成效明显，科研及应用价值和社会意义较大，对新冠肺炎疫情的严防严控具有重大实际意义。目前，福建省正在加快推进产品备案，力争成为全国率先应用物理消毒设备消杀新冠病毒的省份。（记者谢开飞 通讯员高凌 王忆希）</p>\n\n<!--{img:1}-->\n');
INSERT INTO `article_content` VALUES (988350023973625290, '<p class=\"text_align-justify text_indent-2em\" data-source=\"cke\">记者从合肥本源量子计算科技有限责任公司（以下简称“本源量子”）了解到，本源量子团队基于自主研发的量子机器学习框架VQNet，设计实现的量子生成对抗网络（QGAN）可用于图像处理领域，比如人像的修复。与经典计算机相比，量子计算处理图像在时间上具有指数级提升，在空间上处理的数据量也将随之呈指数级增加。其应用体验于8月5日正式上线。</p>\n\n<p class=\"text_align-justify text_indent-2em\" data-source=\"cke\">据了解，此次发布的新算法是基于本源量子自主研发的量子机器学习框架VQNet，在量子操作系统本源司南上，验证了设计的QGAN算法的可行性和有效性。研发人员利用QGAN网络实现了一个在图像修复方面的应用示例，展现了量子计算机的生成对抗网络在人像修复领域拥有相对于经典计算机的速度优势和空间优势，证明了基于超导量子比特技术的量子机器学习可行性，在量子领域迈出了重要一步。</p>\n\n<p class=\"text_align-justify text_indent-2em\" data-source=\"cke\">“简单来说，比如你戴口罩经过一个需要人脸识别的安检系统，基于量子计算的这套算法，综合大数据分析和图像修复，我们能识别你，给出一个不戴口罩的面部。”该算法的工程师介绍说。</p>\n\n<p class=\"text_align-justify text_indent-2em\" data-source=\"cke\">据研发人员介绍，GAN网络在人工智能领域已有广泛应用，但在实际算法及应用处理过程中，数据集的训练收敛性及计算速度上，GAN网络结构、模型的评估上，判别模型的对抗性和稳健性上都是考验和挑战。结合量子计算，实现量子生成对抗网络，即QGAN，就能利用量子计算的并行计算的优势，通过量子线路实现量子生成对抗网络，可以加速数据集训练速度，并有效提升网络模型精度。该网络模型和算法的实现，在理论和算法实验运行上都证明了与经典的GAN网络相比，具有指数级的算法优势。</p>\n\n<p class=\"text_align-justify text_indent-2em\" data-source=\"cke\">“我们的算法和应用在原理和示例演示上证明了这一点。”本源量子研发负责人表示，一旦该应用成熟，处理人像技术将从速度、算法、空间效率和准确率上实现强有力的效果。（张梦怡 杨夏 记者吴长锋）</p>\n\n<!--{img:0}-->\n');
INSERT INTO `article_content` VALUES (988350023973625291, '<p class=\"text_align-justify text_indent-2em\" data-source=\"cke\">8月4日，中国生物CNBG发布消息，国药集团中国生物杨晓明研究员团队最新发现针对德尔塔变异毒株有效的单克隆抗体，其中和活性IC50高达5ng/ml。这意味着单抗对德尔塔等新冠变异毒株体有效，针对新冠肺炎尤其是德尔塔等变异毒株的治疗有望迎来特效药。该研究成果已在线发表于《Nature》子刊《Cell Discovery》。目前，有关该抗体的临床申报工作正在有序推进，有望用于国内相关新冠疫情的防控中。</p>\n\n<!--{img:0}-->\n\n<p class=\"text_align-justify text_indent-2em\" data-source=\"cke\">单克隆抗体作为靶向治疗药物，具有特异性强、疗效显著及毒性低等特点，被誉为“生物导弹”，在多种疾病治疗上显示出极好的疗效和广阔的应用前景。在应对病毒性传染病上，具有中和作用的单克隆抗体，可以特异性的中和病毒，阻止病毒进入细胞增殖，既可以作为高危人群的短期预防，也可以用于病毒感染后疾病的治疗，因此也是全球新冠疫情防控研究的热点。</p>\n\n<p class=\"text_align-justify text_indent-2em\" data-source=\"cke\">该研究利用噬菌体展示技术，以8名新冠病毒感染康复患者外周血单个核细胞（PBMC）为基因原材料，建立免疫文库，成功筛选出多株对新冠病毒具有高中和活性的单克隆抗体。晶体结构解析数据显示，活性最强的抗体2B11所识别的RBD表位与ACE2的结合位点高度重叠，可有效阻断新冠病毒与细胞表面的ACE2结合，进而阻止其感染细胞。</p>\n\n<p class=\"text_align-justify text_indent-2em\" data-source=\"cke\">同时，研究团队还利用hACE2-腺病毒（hACE2-ADV）转导的IFNAR-/-小鼠模型评价了2B11对新冠病毒感染的预防和治疗效果。研究结果表明，与对照组相比，攻毒前或后施用2B11均能显著降低病毒感染引起的体重减少及肺部病毒载量；进一步的肺部病理组织切片分析结果显示，2B11的施用能明显降低病毒感染引起的肺部炎症。</p>\n\n<p class=\"text_align-justify text_indent-2em\" data-source=\"cke\">而针对目前已成为全球新冠肺炎传播的主要变异株的德尔塔变异毒株（B.1.617.2），研究团队表示，该研究的近期补充研究结果显示，2B11对该变异株具有与野生株高度一致的中和活性，预示2B11在由德尔塔变异毒株引起的新冠肺炎的短期预防与早期治疗上具有较大的应用价值。</p>\n\n<!--{img:1}-->\n');
INSERT INTO `article_content` VALUES (988350023973625292, '<p class=\"text_align-justify text_indent-2em\" data-source=\"cke\">记者从中国科学技术大学获悉，该校高能核物理课题组与美国布鲁克海文国家实验室、山东大学等单位的联合研究团队，首次在高能重离子碰撞过程中观测到源自纯能量的物质/反物质对的产生，并发现该过程中存在真空双折射的迹象，研究成果日前发表在《物理评论快报》上。</p>\n\n<p class=\"text_align-justify text_indent-2em\" data-source=\"cke\">中国科学技术大学近代物理系首任系主任赵忠尧先生是人类物理学史上第一个发现反物质的物理学家，并观测到正负电子对的湮灭现象。1934年，科学家布雷特和惠勒提出这个现象的反过程，让两个光子通过撞击结合在一起，有可能变成物质，形成电子和正电子。这种把光变成物质的过程是爱因斯坦质能方程的直接反映，表明能量和质量是可以相互转化的。长期以来，人们期望通过超强功率的激光碰撞来观测这个过程，然而两个光子发生碰撞的概率非常低，其所需的最低激光功率仍然比目前功率最高的激光系统要高几个数量级。</p>\n\n<p class=\"text_align-justify text_indent-2em\" data-source=\"cke\">在布雷特和惠勒提出这个反应过程时，激光并没有被发明，他们提出可以通过加速重离子到相对论能区并碰撞来实现光生物质。RHIC-STAR的研究团队利用相对论重离子碰撞来寻找布雷特—惠勒的产生过程，在海量数据中找到6000多正负电子对，通过分析这些候选事例的配对质量和角分布以及与理论计算的比较，证实这些正负电子对源自布雷特—惠勒过程。更进一步，该研究团队观测到正负电子对的角关联呈现4阶余弦振荡，这是真空双折射现象的有力证据。</p>\n\n<p class=\"text_align-justify text_indent-2em\" data-source=\"cke\">中国科大STAR研究团队，主导研制了基于MRPC的飞行时间探测器，极大拓展了STAR实验上带电粒子的鉴别能力，在该实验研究中发挥了关键作用。该校查王妹在实验和理论分析中作出了重要贡献。</p>\n\n<p class=\"text_align-justify text_indent-2em\" data-source=\"cke\">RHIC-STAR是基于美国布鲁克海文国家实验室相对论重离子对撞机（RHIC）上STAR实验的大型国际合作组，由来自13个国家67个单位的706位科研人员组成。（记者吴长锋）</p>\n\n<!--{img:0}-->\n');
INSERT INTO `article_content` VALUES (988350023973625293, '<p class=\"text_align-justify text_indent-2em\" data-source=\"cke\">记者8月2日从中国科学技术大学获悉，该校马骋教授团队设计并合成了一种同时具有成本与性能优势的锂电池固态电解质，从而打破了固态电解质材料生产成本和综合性能难以兼得的瓶颈，使得全固态电池的商业化不再只是遥不可及的“锂”想。相关成果发表在《自然·通讯》上。</p>\n\n<p class=\"text_align-justify text_indent-2em\" data-source=\"cke\">传统商用锂电池采用有机液态电解质，其热失控之后的起火、爆炸问题成为一大安全隐患。而固态电池中的固态电解质，可以杜绝液态电解质带来的易燃、易爆炸与漏液等问题。但固态电解质的原材料成本非常高，成为其商业化制造的巨大挑战。</p>\n\n<p class=\"text_align-justify text_indent-2em\" data-source=\"cke\">为此，马骋团队设计并合成了一种新型氯化物固态电解质——氯化锆锂，其在离子电导率、可变形性、与高电压正极的相容性等方面，很好地继承了氯化物固态电解质相对于其他固态电解质的优势，由其组成的全固态电池的循环性能，甚至远远超过基于硫化物和氧化物固态电解质的同类电池。</p>\n\n<p class=\"text_align-justify text_indent-2em\" data-source=\"cke\">更重要的是，这一材料成功将50微米厚度的原材料成本降低至1.38美元/平方米，远低于10美元/平方米这一确保全固态电池市场竞争力的阈值，而此前最廉价的氯化物固态电解质相对应的成本为23.05美元/平方米，远远超过这一阈值。除此之外，氯化锆锂在湿度高达5%时仍能保持稳定，因此其合成和储存对条件的要求并不苛刻，从而进一步降低了生产成本。</p>\n\n<p class=\"text_align-justify text_indent-2em\" data-source=\"cke\">这一研究成果为商业化量产全固态电池奠定了坚实基础。“全固态锂电池的商业化将对实现碳达峰、碳中和的目标有着重要意义。”马骋表示，在新能源电动汽车领域，全固态锂电池或是安全问题的最终解决方案。（记者吴长锋）</p>\n\n<!--{img:0}-->\n');
INSERT INTO `article_content` VALUES (988350023973625294, '<p class=\"text_align-justify text_indent-2em\" data-source=\"cke\">记者8月2日从国盾量子了解到，来自中国科大、国盾量子、国科量子、济南量子技术研究院以及上海交大等单位的联合团队，完成了国际首次量子密钥分发（QKD）和后量子密码（PQC）融合可用性的现网验证。相关研究成果7月30日发表在著名学术期刊《光学通讯》上。</p>\n\n<p class=\"text_align-justify text_indent-2em\" data-source=\"cke\">量子计算时代的信息安全问题是全世界的研究热点，目前的解决方案主要有QKD和PQC两种。国际上比较普遍的观点是，QKD具有长效安全性，但缺少认证手段，应用成本相对较高；PQC具有功能和应用体系与传统密码兼容的优势，但缺少安全性证明。相对于在两种技术路线间“二选一”，融合两者优势可能是更为有效的方法。</p>\n\n<p class=\"text_align-justify text_indent-2em\" data-source=\"cke\">最新研究在现网实际业务中验证了融合方案的可行性，不仅将PQC认证协议集成到QKD设备内部，还在多用户和现网通信条件下进行了长时间运行测试。实验在真实的量子保密通信网络中运行，包括14个用户节点、5个光交换节点、49条光纤链路，网络线路均为中国联通正常运营的商业线路。整个测试系统持续运行36天，采用PQC认证后的成码率与原成码率相比误差在2%范围内，证明了融合方案对QKD性能并未产生明显影响。</p>\n\n<p class=\"text_align-justify text_indent-2em\" data-source=\"cke\">审稿人认为其解决了网络安全方面的一个长期问题。该研究证明了“PQC+QKD”的融合方案能够有效适应规模网络的交互通信条件，在实际应用中具有可行性，为QKD设备大规模认证提供了一种便利的新型手段，也为融合技术的进一步研究和应用推广奠定基础。（记者吴长锋）</p>\n\n<!--{img:0}-->\n');
INSERT INTO `article_content` VALUES (988350023973625295, '<p class=\"text_align-justify text_indent-2em\" data-source=\"cke\">在加氢站内，工作人员身着防静电服，待人体释放报警器语音播报正常后，进入加氢区域。此时，一辆白色国产氢能源大巴车缓缓驶入中关村延庆园加氢站，工作人员拿下加氢枪对准氢能源车70兆帕车载气瓶加氢口，此时，氢能源车在红外通讯检测正常后，开始向大巴车输送氢能源，整个过程仅用了半个多小时。</p>\n\n<p class=\"text_align-justify text_indent-2em\" data-source=\"cke\">近日，记者在中关村延庆园氢能产业园采访时看到，园区二期项目冬奥配套加氢站（70兆帕）投入使用。这标志着氢能产业园加氢站项目加氢能力和服务水平实现跨越式提升，进一步提高了对冬奥氢燃料车辆用氢的保障能力，对氢能在国内交通领域的应用具有示范意义。</p>\n\n<p class=\"text_align-justify text_indent-2em\" data-source=\"cke\">据悉，2019年12月，中关村延庆园加氢站开工建设，2020年7月建成35兆帕加氢站，10月通过验收并投入使用。2021年6月30日，完成70兆帕加氢站项目设备调试，建成投产。自此，中关村延庆园加氢站完成项目扩建，成为北京市第一座具备70兆帕加氢能力的加氢站，也是科技部“科技冬奥”重点专项——“氢能出行关键技术研发和应用示范”第一个完成建设任务的加氢保障项目。该项目自今年4月10日开工，经过两个多月的紧张施工顺利建成投产，以实际行动助力北京2022冬奥会。</p>\n\n<p class=\"text_align-justify text_indent-2em\" data-source=\"cke\">从35兆帕到70兆帕，中关村延庆园加氢站实现了续航里程、全站供氢能力、加氢安全性、智能化程度的“四大跨越”，每次加满70兆帕氢能可支持氢能源车行驶约500公里，70兆帕加氢站每天可为60辆到100辆大巴车，或200辆中小型客车补充氢能。同时，70兆帕加氢站采用的国际通用的红外通讯协议，可实现加氢过程的自动检测、自动控制、 自动计费、扫码付款、智慧调度等功能。</p>\n\n<p class=\"text_align-justify text_indent-2em\" data-source=\"cke\">“‘四大跨越’来自加氢站技术上的升级，70兆帕是国际先进的水平，设备更先进，氢气压力更大，使单位体积的充氢量大大提高。”中关村延庆园加氢站项目经理、站长王云龙说，“下一步，我们将按照北京冬奥组委、‘科技冬奥’课题组要求，积极配合冬奥会各类氢燃料车辆开展示范运营，服务‘绿色冬奥’、服务北京市和国家电投集团氢能科技创新，探索绿色氢能技术应用，攻克产业发展‘卡脖子’关键技术。”（记者华凌 通讯员许小蕊）</p>\n\n<!--{img:0}-->\n');
INSERT INTO `article_content` VALUES (988350023973625296, '<p class=\"text_align-justify text_indent-2em\" data-source=\"cke\">8月8日18时，广东交通集团发布消息，粤港澳大湾区超级工程深中通道中山大桥西主塔封顶，标志着该桥转入上部结构施工的快车道。</p>\n\n<!--{img:0}-->\n\n<p class=\"text_align-justify text_indent-2em\" data-source=\"cke\">深中通道是集“桥、岛、隧、水下互通”为一体的跨海集群工程，全长24公里，桥梁工程长约17.2公里。其中，中山大桥是全长1170米、主跨580米的双塔斜拉桥，建成后主塔将高达213.5米，相当于70层楼高。目前，中山大桥西主塔已建至206米，剩余7.5米钢结构塔冠待主桥钢箱梁合龙后再安装到塔顶。</p>\n\n<!--{img:1}-->\n\n<p class=\"text_align-justify text_indent-2em\" data-source=\"cke\">深中通道中山大桥设有东、西两座主塔，塔柱为钢筋混凝土结构，整座主塔共浇筑混凝土约42000立方米，钢筋用量近万吨，西塔位于中山市翠亨新区马鞍岛侧，东塔位于广州市南沙区万顷沙侧，由中交二公局承建。</p>\n\n<p class=\"text_align-justify text_indent-2em\" data-source=\"cke\">深中通道管理中心桥梁工程管理部部长姚志安介绍，深中通道中山大桥主塔共需要完成34节塔柱施工，塔柱的尺寸随着塔高增加逐渐收窄，上细下粗，横截面呈八边宝石形结构，每一节段断面尺寸都不相同，带来极大挑战。</p>\n\n<p class=\"text_align-justify text_indent-2em\" data-source=\"cke\">据了解，中山大桥主塔采用液压爬模系统进行建设，为适应塔身的曲线设计，模板每爬升一节都需要对尺寸进行调整。</p>\n\n<p class=\"text_align-justify text_indent-2em\" data-source=\"cke\">中交二公局深中通道S06合同段项目负责人徐冬生说：“为了保证建设质量，我们应用BIM技术构建主塔模型实体，精确控制每一节段的结构尺寸，有效指导现场施工；引入液压爬模系统，加快模板改制速度，提高作业效率；引入智能监控系统，大大提升现场安全管控力度。”经实践，中山大桥塔柱施工精度控制良好，安全性稳定，能够达到平均每11天完成一节塔柱施工的工效。</p>\n\n<p class=\"text_align-justify text_indent-2em\" data-source=\"cke\">深中通道中山大桥施工现场处于伶仃洋海域，面对海洋高盐高湿环境特点，项目采用耐腐蚀的高性能材料对所有钢性构件进行涂装作业，靠其表面氧化物锈层形成保护实现长效防腐，通过顶面覆水养生、涂抹养护剂等措施，确保混凝土质量满足要求。</p>\n\n<p class=\"text_align-justify text_indent-2em\" data-source=\"cke\">目前，中山大桥西主塔已封顶，东主塔已施工至192米，计划9月封顶，后续中山大桥将整体转入钢箱梁吊装上部结构施工阶段，为明年顺利合龙夯实基础。（中央广播电视总台央视记者魏星）</p>\n\n<!--{img:2}-->\n');
INSERT INTO `article_content` VALUES (988350023973625297, '<p class=\"text_align-justify text_indent-2em\" data-source=\"cke\">8月9日9时25分，由中铁四局集团承建的京台高速山东泰安至枣庄段改扩建项目跨京沪铁路双T构转体桥，经过60分钟逆时针旋转后，在空中实现精准对接，较计划工期提前1个月完成了双转体施工，为加快实现全线双向八车道通车奠定了坚实基础。</p>\n\n<!--{img:0}-->\n\n<!--{img:1}-->\n\n<!--{img:2}-->\n\n<!--{img:3}-->\n');
INSERT INTO `article_content` VALUES (988350023973625298, '<!--{img:0}-->\n\n<p class=\"text_align-justify text_indent-2em\" data-source=\"cke\" data-align=\"justify\">记者从中国铁路北京局集团有限公司获悉，8月5日18时18分，北京丰台站改建工程——京广特大桥128米连续梁拱匀速平稳推移至拱座上，成功跨越G4京石高速公路，标志着北京丰台站改建工程最大跨度连续梁拱京广特大桥全桥正式贯通。</p>\n\n<p class=\"text_align-justify text_indent-2em\" data-source=\"cke\" data-align=\"justify\">北京丰台站是我国首座采用高速、普速客运车场重叠布置的大型客站，总规模为17台32线，站房近40万平方米，是集高铁、普速铁路、公路、地铁四位一体，形成“天上有高铁、地面有普速、地下有地铁”的立体交通方式。</p>\n\n<p class=\"text_align-justify text_indent-2em\" data-source=\"cke\" data-align=\"justify\">据中铁十四局项目部技术负责人介绍，由于受施工环境影响，128米连续梁拱上跨京石高速公路和卢沟桥南路，车流量大，为了使连续梁拱在施工过程中减少对高速公路的干扰，确保高速公路运营安全，采用在相邻的桥面上拼装钢管拱。将钢管拱拆分成五节段，采用2台350吨吊车吊装对称拼装成形，同时在梁面铺设两组四条轨道，采用连续拖拉的方法，选用2台250吨的连续千斤顶向前牵引，同时利用卷扬机在后方进行防溜，将钢管拱整体缓慢纵移240米就位。管拱拖拉到位后，采用三向千斤顶对钢管拱各方位进行精调，拱脚修正到位后与拱座预埋段焊接合龙，再进行浇筑拱座混凝土、拆除临时拱座，最后进行拱肋注浆，吊杆安装及张拉。</p>\n\n<p class=\"text_align-justify text_indent-2em\" data-source=\"cke\" data-align=\"justify\">按照北京丰台站改建工程整体施工安排，北京丰台站计划于2021年10月份开始进行联调联试和静动态验收，预计2021年年底实现开通运营。</p>\n\n<!--{img:1}-->\n\n<p class=\"text_align-justify text_indent-2em\" data-source=\"cke\" data-align=\"justify\">&nbsp;</p>\n');
INSERT INTO `article_content` VALUES (988350023973625299, '<!--{img:0}-->\n\n<p class=\"text_align-justify text_indent-2em\" data-source=\"cke\">8月6日，记者从福厦客专泉州段6标项目部获悉，国内首座跨海高速铁路桥——福厦客专泉州湾跨海大桥主桥成功合龙。</p>\n\n<p class=\"text_align-justify text_indent-2em\" data-source=\"cke\">泉州湾跨海大桥是福厦客专全线的重点控制性工程，全长20.287公里，海上桥梁长8.96公里，跨越泉州湾的主桥长800米，为双塔双索面钢混结合梁半漂浮体系斜拉桥。再过一个多月，待主桥两边的海上引桥也合龙后，整座跨海大桥将全部贯通。</p>\n\n<!--{img:1}-->\n\n<!--{img:2}-->\n\n<p class=\"text_align-justify text_indent-2em\" data-source=\"cke\">在海上建设一座高速铁路桥实非易事。面对梁体吊装重量大、落位精度要求高、海上施工环境复杂等难题，施工项目团队进行了十余次方案讨论和施工组织优化，征询国内知名桥梁专家意见，明确主梁施工采用“分节悬臂吊装，先边跨、后中跨合龙”的总体施工工艺，并通过对主桥162个工况进行全方位实时监控，实现钢箱梁从材料进场、加工制造，到运输安装全过程安全质量可控。</p>\n\n<!--{img:3}-->\n\n<!--{img:4}-->\n\n<p class=\"text_align-justify text_indent-2em\" data-source=\"cke\">这座建在海上的高速铁路桥如何防御台风？海水会不会对桥墩产生腐蚀性影响？据介绍，泉州湾跨海大桥根据泉州地区气候现状进行设计，最高可防御12级台风；创新采用钢梁超长耐久防腐涂装体系，可实现钢结构在强腐蚀海洋大气环境下30年及以上的超长寿命耐久目标；采用纵向黏滞阻尼器、可剪断的耐候双曲面球形钢支座、金属阻尼器的综合减隔震体系及技术，解决了地震高烈度区长联高墩大跨桥梁的抗震设计难题。</p>\n\n<!--{img:5}-->\n\n<!--{img:6}-->\n\n<p class=\"text_align-justify text_indent-2em\" data-source=\"cke\">福厦客专（新建福州至厦门高速铁路）项目北起福州，经过莆田、泉州，南至厦门、漳州，正线全长277.42公里，设计时速350公里。福厦客专建成通车后，将推动福州、莆田、泉州、厦门和漳州融入“一小时生活圈”，对加快海西城市群经济社会发展步伐具有重要意义。作为京福高铁的重要延伸，其建成将使泉州实现“高铁进京”，泉州直达北京的时间有望从10小时45分钟缩短至7小时左右。</p>\n\n<!--{img:7}-->\n');
INSERT INTO `article_content` VALUES (988350023973625300, '<p class=\"text_align-justify text_indent-2em\" data-source=\"cke\">8月7日，西藏拉萨贡嘎国际机场T3航站楼正式投运。目前，拉萨贡嘎国际机场共通航62座城市，开辟航线114条。2019年，拉萨贡嘎国际机场年旅客吞吐量首次突破450万人次。</p>\n\n<p class=\"text_align-justify text_indent-2em\" data-source=\"cke\">2016年5月，拉萨贡嘎国际机场航站区改扩建工程正式获得西藏自治区人民政府和民航局联合批复，被列为西藏自治区“十三五”重点建设项目、重要民生项目。工程于2017年12月正式开工建设，工程总投资39.07亿元。</p>\n\n<p class=\"text_align-justify text_indent-2em\" data-source=\"cke\">拉萨贡嘎国际机场T1、T2航站楼总面积为2.5万平方米，新建的T3航站楼面积为8.8万平方米，是原航站楼面积的3倍多。前期，拉萨贡嘎国际机场新货站、东西站坪已经相继投入使用。T3航站楼有4个值机岛，40个值机柜台。3年多的时间，在40多家工程建设单位、上万名工程建设者的共同努力下，一座崭新的现代化航站楼矗立在雅鲁藏布江畔。</p>\n\n<p class=\"text_align-justify text_indent-2em\" data-source=\"cke\">拉萨贡嘎国际机场于1966年11月23日启用，目前机场旅客吞吐量占西藏机场总量的75％以上，也是西藏唯一一个通航国际城市的机场。1989年7月15日第一次改扩建，2001年第二次改扩建。截至目前，西藏民航实现安全飞行56周年，创造了在世界平均海拔高度最高、保障飞行难度最大地区安全飞行时间最长的纪录。依托航空运输，“十三五”期间，西藏累计接待游客近1.6亿人次，实现旅游收入约2126亿元。</p>\n\n<p class=\"text_align-justify text_indent-2em\" data-source=\"cke\">T3航站楼的建成投运，将极大提高拉萨机场的综合保障能力，改善了广大人民群众的出行体验，对于打造区域枢纽、构建更为完善的综合交通体系，发挥民航在西藏地区“空中生命线”“运输保障线”“民族团结线”“社会进步线”的作用，对助力西藏经济社会发展具有重要意义。（中央广播电视总台央视记者普布次仁 李彭林 扎旺）</p>\n\n<!--{img:0}-->\n');
INSERT INTO `article_content` VALUES (988350023973625301, '<p class=\"text_align-justify text_indent-2em\" data-source=\"cke\">700兆瓦水电机组全国产计算机监控系统——华能睿渥系统，8月6日在澜沧江中下游龙头电站小湾水电站正式投运。</p>\n\n<p class=\"text_align-justify text_indent-2em\" data-source=\"cke\">当日，工业和信息化部电子第五研究所宣读了第三方检测报告，认证华能睿渥系统软硬件满足100%全国产的目标。中国华能集团授予小湾水电站“700兆瓦水电机组全国产计算机监控系统首台（套）示范基地”称号。</p>\n\n<p class=\"text_align-justify text_indent-2em\" data-source=\"cke\">计算机监控系统是水电站的“神经中枢”，是水电站核心控制系统，通过对水电站机组和辅助系统的智能控制，实现机组的自动启停、负荷及运行工况的智能调整，是保障电网安全稳定运行的重要基础。掌握水电计算机监控系统核心技术，并拥有完全自主知识产权，是保障国家能源安全的重要支撑。</p>\n\n<p class=\"text_align-justify text_indent-2em\" data-source=\"cke\">为解决水电计算机监控系统软硬件长期依赖进口的“卡脖子”难题，中国华能集团组建了联合研发团队，开展水电监控国产化研发及实施工作，以小湾水电站作为示范项目，成功研制出国产化率100%的华能睿渥系统，实现了软硬件的完全自主可控。</p>\n\n<p class=\"text_align-justify text_indent-2em\" data-source=\"cke\">华能睿渥系统在小湾水电站首台700兆瓦机组投入使用，对于推动我国水电计算机监控系统国产化产业链发展，提升水电控制信息安全和网络安全水平，实现水电站核心技术国产化替代具有重大作用。</p>\n\n<p class=\"text_align-justify text_indent-2em\" data-source=\"cke\">小湾水电站是国家重点工程和实施西部大开发、“西电东送”战略的标志性工程。电站位于云南省南涧县与凤庆县交界处澜沧江中游河段上，总装机容量420万千瓦，单机容量70万千瓦，年保证发电量190亿千瓦时，于2011年全部建成。该电站以发电为主，兼有防洪、灌溉、拦沙及航运等综合利用效益，是澜沧江中下游河段的龙头电站。（记者浦超）</p>\n\n<!--{img:0}-->\n');
INSERT INTO `article_content` VALUES (988350023973625302, '<!--{video:0}-->\n\n<p class=\"text_align-justify text_indent-2em\" data-source=\"cke\">北京时间2021年8月6日0时30分，我国在西昌卫星发射中心用长征三号乙运载火箭，成功将中星2E卫星发射升空，卫星顺利进入预定轨道，发射任务获得圆满成功。</p>\n\n<!--{img:0}-->\n\n<p class=\"text_align-justify text_indent-2em\" data-source=\"cke\">此次任务是长征系列运载火箭的第383次飞行。</p>\n\n<blockquote data-source=\"cke\">\n<p class=\"text_align-justify text_indent-2em\" data-source=\"cke\">中央广播电视总台央视记者：刘常连 杨弘杨 刘旭 刘文勇 车元元 刘晓晖 郝伟琪</p>\n\n<p class=\"text_align-justify text_indent-2em\" data-source=\"cke\">我们的太空创新实践中心：高阳 黄国畅</p>\n</blockquote>\n\n<!--{img:1}-->\n');
INSERT INTO `article_content` VALUES (988350023973625303, '<!--{img:0}-->\n\n<p class=\"text_align-justify text_indent-2em\" data-source=\"cke\">距离新疆阿勒泰地区富蕴县可可托海镇约17公里的山区，有一座位于地下136米的水电站。</p>\n\n<p class=\"text_align-justify text_indent-2em\" data-source=\"cke\">20世纪50年代，随着可可托海矿产开采规模不断扩大，用电量紧缺问题日益凸显，急需依托水能资源建设电站。1958年，水电站开始在地表下136米的位置修建。水电站于1966年竣工，次年投入使用。</p>\n\n<p class=\"text_align-justify text_indent-2em\" data-source=\"cke\">时过境迁，昔日繁忙的矿坑已成为可可托海旅游的新兴“打卡地”，而这座地下水电站仍在民生领域发挥作用。</p>\n\n<!--{img:1}-->\n\n<!--{img:2}-->\n\n<!--{img:3}-->\n\n<!--{img:4}-->\n\n<!--{img:5}-->\n\n<!--{video:0}-->\n\n<p class=\"text_align-justify text_indent-2em\" data-source=\"cke\">可可托海镇因矿而生，而这座地下水电站因矿而建。</p>\n\n<!--{img:6}-->\n\n<!--{img:7}-->\n\n<!--{img:8}-->\n\n<p class=\"text_align-justify text_indent-2em\" data-source=\"cke\">近年来，随着当地采矿业的停止和旅游业的发展，这座曾为共和国立下赫赫战功的地下水电站又开始在民生领域发挥作用。</p>\n\n<!--{img:9}-->\n\n<!--{img:10}-->\n\n<p class=\"text_align-justify text_indent-2em\" data-source=\"cke\">深山藏电站，也藏着一部筚路蓝缕的新中国水电史。145秒，时光穿梭，让一段奋斗与另一段奋斗相遇。</p>\n\n<!--{img:11}-->\n\n<blockquote data-source=\"cke\">\n<p class=\"text_align-justify text_indent-2em\" data-source=\"cke\">记者：高晗 高尊 张钟凯 侯昭康</p>\n\n<p class=\"text_align-justify text_indent-2em\" data-source=\"cke\">新华社音视频部制作</p>\n</blockquote>\n\n<!--{img:12}-->\n');
INSERT INTO `article_content` VALUES (988350023973625304, '<p class=\"text_align-justify text_indent-2em\" data-source=\"cke\">8月2日8时36分，总重量157吨的“华龙一号”漳州核电厂2号机组核岛反应堆厂房钢衬里模块四吊装就位，全过程历时2小时50分钟。</p>\n\n<!--{img:0}-->\n\n<p class=\"text_align-justify text_indent-2em\" data-source=\"cke\">模块四吊装就位，标志着由漳州能源提出的2号机组钢衬里筒体全模块建造技术升级优化方案全面启动实施，将为后续漳州核电2号机组实现国内外首个PCS热交换器支架及环吊牛腿与钢衬里全面模块化建造奠定坚实基础。</p>\n\n<p class=\"text_align-justify text_indent-2em\" data-source=\"cke\">福建省漳州市云霄县紧抓碳达峰、碳中和发展机遇，以开展“产业发展项目建设年”活动、实施“六比一看”竞赛为抓手，用“妈妈式”服务认真做好漳州核电项目要素保障和服务文章，助力加快工程施工进度。漳州核电项目建设管理大团队始终以技术创新为引领，火热开展“同一面党旗、同一个梦想”党建联建工作，全力以赴将漳州核电建设成精品工程、标杆项目。</p>\n\n<!--{img:1}-->\n');
INSERT INTO `article_content` VALUES (988350023973625305, '<!--{img:0}--><!--{img:1}--><!--{img:2}--><!--{img:3}--><!--{img:4}--><!--{img:5}--><!--{img:6}-->');
INSERT INTO `article_content` VALUES (988350023973625306, '<p class=\"text_align-justify text_indent-2em\" data-source=\"cke\">我国宣布力争2030年前实现碳达峰、2060年前实现碳中和，这是我国基于推动构建人类命运共同体的责任担当和实现可持续发展的内在要求作出的重大战略决策。我国承诺实现从碳达峰到碳中和的时间，远远少于发达国家所用时间，这需要付出艰苦努力。中国电子信息产业发展研究院的数据显示，工业是碳排放的重要领域，约占70%，推进工业绿色低碳发展是实现“双碳”目标的重中之重。作为节能减排的“主战场”，工业需要尽快解决产业结构和能源结构不平衡、资源利用效率相对较低等一系列问题，加快推进绿色低碳发展。</p>\n\n<p class=\"text_align-justify text_indent-2em\" data-source=\"cke\">“十四五”规划和2035年远景目标纲要提出“推动能源清洁低碳安全高效利用，深入推进工业、建筑、交通等领域低碳转型”，同时要求“以数字化转型整体驱动生产方式、生活方式和治理方式变革”，这为加快数字经济与实体经济深度融合，进而推动工业绿色低碳发展指明了方向。</p>\n\n<p class=\"text_align-justify text_indent-2em\" data-source=\"cke\">当前，数字技术广泛渗透于生产生活，数字经济蓬勃兴起，数字产业化和产业数字化加速演进，推动数字经济与实体经济深度融合已经成为推动生产方式绿色化、实现高质量发展的重要路径。一方面，数字经济能有效改进生产工艺流程、提高设备运转效率、提升生产过程管理的精准性，从而通过智能协同管理实现生产效率和节能减排“双提升”。另一方面，数字经济能有效优化资源配置模式，通过工业互联网、大数据、人工智能等领域的数字基础设施实现各种资源要素在不同行业、不同企业间的融通和共享，进一步提升资源配置效率。此外，数字经济最重要的生产要素就是数据，数据具有高效、清洁、低成本、可复制等特点。用好数据要素，加快数字经济与实体经济的深度融合，能有效优化传统产业结构、优化创新生态系统。</p>\n\n<p class=\"text_align-justify text_indent-2em\" data-source=\"cke\">进一步激发数字经济的赋能作用，推动工业绿色低碳发展，可在以下几个方面下功夫。</p>\n\n<p class=\"text_align-justify text_indent-2em\" data-source=\"cke\">一是优化产业结构，加快构建绿色低碳工业体系。要将绿色发展理念贯穿于工业经济全领域、生产全过程，充分激发工业互联网、大数据、人工智能对优化产业结构的重要作用，力争推动工业领域的绿色低碳技术实现重大突破，促进传统产业智能化、清洁化改造，建设低耗高产的绿色制造体系；充分利用工业互联网、大数据、人工智能等技术，围绕钢铁、石化、水泥等重点高能耗高排放行业打造能效可视、可控的能源管控解决方案，实现节能减排和绿色生产；进一步加强对数据的分析和价值挖掘，加速绿色产品开发，精细管理工业企业工艺、制造、采购、营销、物流供应链及服务等各个环节，提升端到端的生产和管理效率，实现各环节的节能减排；打造绿色制造公共服务平台，赋能和服务工业企业绿色转型升级。</p>\n\n<p class=\"text_align-justify text_indent-2em\" data-source=\"cke\">二是优化能源结构，加快能源绿色低碳转型。重点是要推动电力和煤炭等传统能源的绿色低碳转型，推进能源企业各环节数字化，提升能源企业的生产效率，降低碳排放；提高能源互联网的智能化水平，利用人工智能、大数据和云计算等技术实时采集运行数据，实现精准预测需求、设备远程监测、能耗管理、预测性维护、设备运行优化，进而降低能耗和碳排放；加快构建清洁低碳、安全高效的能源体系，推进绿色能源在工业企业中的应用。</p>\n\n<p class=\"text_align-justify text_indent-2em\" data-source=\"cke\">三是推动数字化和绿色化协同发展，实现数字基础设施绿色低碳发展。要加强顶层设计，强化数字基础设施的绿色低碳导向，规划数字基础设施从设计、建设到投产运营的全生命周期节能减排路线图；利用5G、人工智能等技术更加有效地采集数字基础设施建设的能耗和排放数据，建立绿色发展管理数据系统，实现智能化管理；充分发挥市场机制作用，以绿色金融赋能数字化和绿色化发展深度融合。</p>\n\n<p class=\"text_align-justify text_indent-2em\" data-source=\"cke\">四是积极推动数字技术企业和工业企业携手共进。现实地看，数字技术企业缺乏工业领域的专业知识，难以了解工业企业的工艺与流程，工业企业则难以了解如何应用数字技术推动业务转型升级，这种情况在一定程度上导致数字技术落地缓慢。对此，需要鼓励数字技术企业深入到工业企业生产的全流程，在工业互联网等新型基础设施的支撑下，为工业企业量身打造数字化转型解决方案，助力工业企业加快数字化转型升级；需要支持工业企业通过与数字技术企业合作加快设备联网和智能化改造，实时收集设备运行数据，改善生产管理，加强行业间、企业间的互联互通，打破地域限制和信息孤岛；还需要重视在同一个行业内打造流程统一、标准一致、上下游数据互通的数据管理平台，以此推动整个行业的数字化转型。</p>\n\n<p class=\"text_align-justify text_indent-2em\" data-source=\"cke\"><strong data-source=\"cke\">（作者单位：对外经济贸易大学北京企业国际化经营研究基地）</strong></p>\n\n<!--{img:0}-->\n');
INSERT INTO `article_content` VALUES (988350023973625307, '<p class=\"text_align-justify text_indent-2em\" data-source=\"cke\">在庆祝中国共产党成立100周年大会上的重要讲话中，习近平总书记代表党和人民向世界庄严宣告：经过全党全国各族人民持续奋斗，我们实现了第一个百年奋斗目标，在中华大地上全面建成了小康社会，历史性地解决了绝对贫困问题，正在意气风发向着全面建成社会主义现代化强国的第二个百年奋斗目标迈进。全面建成小康社会，作为一百年来党团结带领中国人民不懈奋斗取得的伟大成就，必将载入中华民族发展史册、人类文明发展史册。</p>\n\n<p class=\"text_align-justify text_indent-2em\" data-source=\"cke\"><strong data-source=\"cke\">圆了中华民族千年“小康”梦</strong></p>\n\n<p class=\"text_align-justify text_indent-2em\" data-source=\"cke\">世界上有200多个国家，有为数众多的民族，无论哪个国家和民族，摆脱贫穷，走向富裕之路，是普天之下的殷切期望。由于种种原因，世界上大部分的国家仍处在发展中或欠发达的状态，大部分的民族享有的生活状况与良好愿望还有很大的距离。</p>\n\n<p class=\"text_align-justify text_indent-2em\" data-source=\"cke\">中华民族历史悠久，文明积淀深厚，更是对摆脱贫困和追求宽裕富足的生活有美好的冀盼。一部中国发展史，就是中华民族同贫困作斗争、争取安定宽裕生活的历史。殷实小康的生活，构成了中华文明中不可或缺的重要一面。“小康”一词，千百年来不断出现于各种历史文献和文学作品中，真切反映了长期处于贫困之中的中国百姓对美好生活的向往。</p>\n\n<p class=\"text_align-justify text_indent-2em\" data-source=\"cke\">然而，中华民族的悠久历史并没有给小康社会的产生留出空间，积淀深厚的中华文化也没能让中国百姓摆脱千年的贫困。鸦片战争之后，中国更是陷入了半殖民地半封建社会，受尽列强的欺负和压迫，民众的生活更为贫困，中国成了世界上最落后、最悲惨的国家之一。在中国历史长河的千年流淌中，宽裕富足的小康社会只能是中国百姓深埋在心中而难以实现的一个梦。</p>\n\n<p class=\"text_align-justify text_indent-2em\" data-source=\"cke\">中国共产党人被历史所选择，被人民所选择，被时代推上了改变中国历史的舞台中央，带领人民破坏一个旧世界，从头建设一个新世界。中国共产党人要来解决千百年来中华民族面对的第一难题：消除贫困、实现小康。摆脱贫困，成为实现中华民族伟大复兴中国梦的重要内容。新中国的建立，为社会主义建设奠定了根本政治前提，为人民谋利益有了制度保障。改革开放之初，邓小平同志提出了建设小康社会的伟大构想。1979年12月，邓小平同志在会见外国友人时就明确指出，中国要实现的现代化，是中国式的四个现代化，不是西方国家那样的现代化概念，而是“小康之家”。接着，邓小平同志为“小康”目标划出了人均国民生产总值800美元的底线，“就是还不富裕，但日子好过”。1982年9月，根据邓小平同志的构想，党的十二大正式提出从1981年起到20世纪末实现全国工农业总产值翻两番，达到“小康”水平的战略目标。</p>\n\n<p class=\"text_align-justify text_indent-2em\" data-source=\"cke\">用小康社会来定位一个时期中国经济社会发展的战略目标，是中国共产党执政理念的一大创举。提出小康社会的建设目标，把一个本来很抽象的发展概念阐释为中国百姓千百年来梦中的理想社会状态，并为之确定一个具体的量化标准，是把现代社会价值观与传统社会理想加以结合的智慧创造。党的十六大着眼于我国长远发展目标，提出了全面建设小康社会的奋斗目标，并作出具体的战略部署。</p>\n\n<p class=\"text_align-justify text_indent-2em\" data-source=\"cke\">党的十八大以来，中国特色社会主义进入新时代，全面小康社会建设开启了新阶段。党的十八大报告郑重提出，确保到2020年实现全面建成小康社会宏伟目标。这是中国共产党向全国人民的庄严承诺，更是中国共产党人的历史担当。在党的十九大上，以习近平同志为核心的党中央提出，我们既要全面建成小康社会、实现第一个百年奋斗目标，又要乘势而上开启全面建设社会主义现代化国家新征程，向第二个百年奋斗目标进军。党的十九大报告明确指出，从现在起到2020年，是全面建成小康社会决胜期。这个决胜期满打满算只有三年多一点的时间，任务极其艰巨。而且，我们要实现的全面建成小康社会目标，是实打实的不含水分的成就，是群众看得见、信得过的成就。习近平总书记反复强调，要“使全面建成小康社会得到人民认可、经得起历史检验”。</p>\n\n<p class=\"text_align-justify text_indent-2em\" data-source=\"cke\">作为一个拥有14亿多人口的发展中大国，在“一穷二白”的基础上，经历了发展的多次跳跃，从生产力水平落后低下到建立起比较完善的产业门类体系，实现经济总量跃居世界第二的历史性突破，标志着中国大踏步地赶上了时代。党的十八大以来，这个古老的东方大国更是经受住各种考验，战胜了一系列重大风险挑战，在既定的时间内全面建成小康社会，终于实现第一个百年奋斗目标，使中华民族的千年梦想变成现实。这是一场历史性的社会变革，是中国人民的光荣与梦想，是中华文明进程的伟大成就！</p>\n\n<p class=\"text_align-justify text_indent-2em\" data-source=\"cke\"><strong data-source=\"cke\">为世界减贫治理提供中国样本</strong></p>\n\n<p class=\"text_align-justify text_indent-2em\" data-source=\"cke\">中国全面建成小康社会，其意义不仅在于经济发展水平跃上一个新的台阶，赶上时代的步伐又向前迈出了一大步，还在于作为一个人口大国历史性地解决了绝对贫困问题，在脱贫上走在了时代的前列，为全世界消除贫困作出表率，为发展中国家脱贫减贫提供了有益的经验，树立了可供借鉴的样本。</p>\n\n<p class=\"text_align-justify text_indent-2em\" data-source=\"cke\">人类社会虽然进入了21世纪，贫困问题却没有因互联网、大数据、人工智能等最新科学技术的应用而消亡，全球贫困状况依然严重，减贫形势依然严峻，消除贫困仍是联合国“可持续发展目标”中的首项目标。根据联合国公布的数据，全球仍有近10%的人口生活在人均每天费用不到1.9美元的绝对贫困状态，全世界农村地区的贫困率仍高达17%以上。而且，由于新冠肺炎疫情在全球的大流行，全球贫困率将出现30年来的首次上升，贫困人口不减反增。</p>\n\n<p class=\"text_align-justify text_indent-2em\" data-source=\"cke\">与全球减贫形势形成鲜明对照的是，中国的脱贫攻坚战取得了全面胜利，现行标准下9899万农村贫困人口全部脱贫，区域性整体贫困得到解决，在中华大地上消除了绝对贫困，创造了又一个彪炳史册的人间奇迹！改革开放以来，我国共有7.7亿农村贫困人口摆脱贫穷，减贫人口占同期全球减贫人口70%以上，提前10年实现《联合国2030年可持续发展议程》减贫目标，为全球减贫事业作出了重大贡献。</p>\n\n<p class=\"text_align-justify text_indent-2em\" data-source=\"cke\">世界上没有哪一个国家能在这么短的时间内实现几亿人脱贫，没有哪一个国家在遭受世纪罕见疫情的情况下，决战决胜脱贫攻坚的任务不动摇，目标不放松、不打折，最终如期全面建成小康社会。党的十八大以来，党中央就明确指出，全面建成小康社会最艰巨最繁重的任务在农村特别是贫困地区，没有农村的小康特别是贫困地区的小康，就没有全面建成小康社会，必须时不我待抓好脱贫攻坚工作。党的十九大把精准脱贫作为三大攻坚战之一，进行全面部署，锚定全面建成小康社会目标，决战决胜脱贫攻坚。2020年，面对突如其来的新冠肺炎疫情和特大洪涝灾情，在以习近平同志为核心的党中央坚强领导下，全党全国人民以更大的决心、更强的力度，坚决打好脱贫攻坚收官战，以最大的果敢迈向胜利的终点。</p>\n\n<p class=\"text_align-justify text_indent-2em\" data-source=\"cke\">中国为世界减贫事业作出重大贡献，为全球创造了极其珍贵的减贫治理的中国样本。摆脱贫困一直是困扰全球发展和治理的突出难题。世界上大部分的发展中国家承受贫困人口过多的巨大压力，一些发达国家也有比较严重的贫困问题。中国向世界很好地提供了减贫治理的成功样本，创造的经验有助于其他国家加快治理贫困的进程，有利于在世界范围内构建人类命运共同体。</p>\n\n<p class=\"text_align-justify text_indent-2em\" data-source=\"cke\"><strong data-source=\"cke\">为实现中华民族伟大复兴奠定坚实基础</strong></p>\n\n<p class=\"text_align-justify text_indent-2em\" data-source=\"cke\">习近平总书记在庆祝中国共产党成立100周年大会上的讲话中指出，党的十八大以来，我们“战胜一系列重大风险挑战，实现第一个百年奋斗目标，明确实现第二个百年奋斗目标的战略安排，党和国家事业取得历史性成就、发生历史性变革，为实现中华民族伟大复兴提供了更为完善的制度保障、更为坚实的物质基础、更为主动的精神力量。中国共产党和中国人民以英勇顽强的奋斗向世界庄严宣告，中华民族迎来了从站起来、富起来到强起来的伟大飞跃，实现中华民族伟大复兴进入了不可逆转的历史进程”。全面建成小康社会，标志着中国综合国力的显著提升，显示出中国人民战胜发展道路上一切艰难险阻的决心、意志和能力，为实现第二个百年奋斗目标奠定了雄厚的物质基础，必将使中华民族伟大复兴的历史进程不可逆转、大步向前。</p>\n\n<p class=\"text_align-justify text_indent-2em\" data-source=\"cke\">全面建成小康社会，中国发展的力量更为强大，在世界经济版图的地位更加凸显。自2010年经济总量跃居世界第二以来，经过“十二五”和“十三五”两个五年发展规划的实施建设，中国经济的总量规模显著扩大，发展水平显著提升，在世界上的地位呈现出突出上升的态势。据世界银行的统计，2010年中国GDP总量占世界GDP总量的比重为9.2%。10年之后的2020年，这一比重上升至17.38%。2010年，中国成为世界第二大经济体的第一年，中国经济总量只有世界第一大经济体美国的四成（40.6%），2020年，中国经济总量已是美国经济总量的70.32%。这一年，中国的国内生产总值突破100万亿元，是世界上在世纪疫情面前唯一保持正增长的主要经济体。中国目前是世界第一大工业国、第一大货物贸易国、第一大外汇储备国，发展的物质基础越来越坚实雄厚。有理由相信，实现第二个百年奋斗目标的前进道路上会充满困难和挑战，但实现这一目标的条件已经越来越充分、基础越来越坚实。</p>\n\n<p class=\"text_align-justify text_indent-2em\" data-source=\"cke\">全面建成小康社会，我国的发展优势有新的积累，从制度优势到完备的产业体系优势得到进一步巩固提升，发展的经验更加丰富，中国的发展道路一定会沿着既定的方向延伸下去。中国发展经久不衰的一个密钥在于坚持改革开放不动摇，我们始终以改革的动力化解发展道路上的困难和矛盾，始终以开放的胸怀进入更大的发展空间。正如习近平总书记所指出的，“改革开放是决定当代中国前途命运的关键一招”。中国实现第一个百年奋斗目标，依靠的是坚定不移地推进改革开放，实现第二个百年奋斗目标，也必将继续依靠坚定不移推进改革开放。我国经济社会发展进入新阶段，贯彻新发展理念不断深入，加快构建以国内大循环为主体、国内国际双循环相互促进的新发展格局将是经济现代化建设的主要路径，其过程必将进一步推动改革开放的中国加速度。</p>\n\n<p class=\"text_align-justify text_indent-2em\" data-source=\"cke\">全面建成小康社会，实现了第一个百年奋斗目标，以创新、奋进的姿态向着第二个百年奋斗目标迈进，持之以恒，坚持不懈，必将到达胜利的彼岸。为建成社会主义现代化强国，创新必须成为主要发展动力，科技必须实现自立自强。党的十九届五中全会提出把科技自立自强作为国家发展的战略支撑，将创新列为发展各项重大任务之首。习近平总书记在一系列重要讲话中强调科技自立自强的战略地位，为实现第二个百年奋斗目标指明了战略方向和行动路径。经过多年的努力，我国已初步形成一定程度的科技创新优势，即在部分领域的创新已处于国际第一方阵的水平和能力，如高铁、5G、航天工程、北斗卫星导航、量子信息技术等。同时，在许多关键技术领域，我们还有薄弱环节，存在着“卡脖子”的突出问题。</p>\n\n<p class=\"text_align-justify text_indent-2em\" data-source=\"cke\">当前我们国家比任何时候都重视科技创新和关键核心技术突破，实现创新的资源比任何时候都要充分，始终坚持战略方向不动摇，下大力气建立新型举国体制，更好发挥市场机制作用，深化科技体制改革，充分尊重人才、尊重创新规律，科技自立自强越来越成为我国发展的重要战略支撑。</p>\n\n<p class=\"text_align-justify text_indent-2em\" data-source=\"cke\">全面建成小康社会，使中国人民积累起更为强大、更为主动的精神力量，这一力量必将在实现第二个百年奋斗目标中发挥不可替代的关键作用，为实现中华民族的伟大复兴吹响嘹亮的进军号。回顾过去百年，中国共产党人奋斗的光辉历程就是一部精神力量昂扬的历史。为中国人民谋幸福、为中华民族谋复兴，离不开精神力量的鼓舞。战争年代，浴血奋战、百折不挠，以武装的革命反对武装的反革命，离不开精神力量的支撑。建设时期，自力更生、发愤图强，建成一个新世界；进入新时期，解放思想、锐意进取，创造了改革开放和社会主义现代化建设的伟大成就，离不开精神力量的推动。党的十八大以来，我们战胜一系列重大风险挑战，实现第一个百年奋斗目标，党和国家事业取得历史性成就、发生历史性变革，精神力量不可或缺。作为一个人口众多、发展基础薄弱的大国，中国历史性地告别绝对贫困，在全国范围内全面实现小康，必将在精神上极大鼓舞中国人民，鼓舞中华民族，在中华民族伟大复兴的前行道路上产生难以估量的精神动能，推动中国人民在实现第二个百年奋斗目标的进程中发挥巨大的创造力，以百折不挠的斗志和非凡的奋斗精神实现国家和民族的终极梦想。</p>\n\n<p class=\"text_align-justify text_indent-2em\" data-source=\"cke\">（作者系南通大学特聘教授，东南大学首席教授、东南大学中国特色社会主义发展研究院副院长）</p>\n\n<!--{img:0}-->\n');
INSERT INTO `article_content` VALUES (988350023973625308, '<p class=\"text_align-justify text_indent-2em\" data-source=\"cke\">当前，在讨论货币政策时，很少有学者提及货币职能。可是在笔者看来，货币政策是货币职能在宏观层面的展开，若离开货币职能研究货币政策，其实是舍本逐末。笔者将从货币职能角度，分析货币政策要解决的问题以及货币政策的目标取向。</p>\n\n<p class=\"text_align-justify text_indent-2em\" data-source=\"cke\">人类早期的商品交换是物物交换。作为一般等价物，货币是商品交换发展到一定阶段的产物。换句话说，货币的出现是由于交换规模的不断扩大需要其协助，是为了协助商品交换。货币有五项职能：价值尺度、流通手段、支付手段、贮藏手段、世界货币，这些职能皆服务于交换。</p>\n\n<p class=\"text_align-justify text_indent-2em\" data-source=\"cke\">所谓货币政策，通常是指“利率、法定存款准备金率、公开市场业务”等调控货币量的三大工具。马克思认为，货币需求量取决于社会商品价格总额和货币流通速度。那么，既然能够知道货币的需求量，货币量按需求供给即可，为何央行要用货币政策予以控制呢？</p>\n\n<p class=\"text_align-justify text_indent-2em\" data-source=\"cke\">从源头追溯，这与瑞典经济学家维克塞尔有关。在维克塞尔之前，经济学家皆认为货币是“中性”的，即货币增减只会影响价格总水平而不会改变商品的比价。1898年，维克塞尔在《利息与价格》中首次提出了“货币非中性理论”。他认为，货币不仅是交换媒介，同时也有储藏功能。而一旦货币被储藏，商品供求失衡会造成经济波动。</p>\n\n<p class=\"text_align-justify text_indent-2em\" data-source=\"cke\">维克塞尔还分析指出，由于货币非中性，要想让商品供求恢复均衡就得用“利率”调节价格。他指出，当货币借贷的“实际利率”低于实物借贷的“自然利率”时，企业有利可图则会扩大贷款（投资），投资扩大会推高生产要素价格，而要素价格上涨，要素所有者收入增加又会拉动消费品涨价，于是价格形成了一个向上累积的过程；反之，价格会向反方向变动，形成一个向下的累积过程。</p>\n\n<p class=\"text_align-justify text_indent-2em\" data-source=\"cke\">于是维克塞尔得出结论：由于货币的存在，实际利率往往会偏离自然利率，因而要保持价格稳定，必须适时调控实际利率，让实际利率与自然利率保持一致。学界流行的“利率工具论”正是由此而来，且货币政策工具已扩展为“利率、存准率和公开市场操作”。</p>\n\n<p class=\"text_align-justify text_indent-2em\" data-source=\"cke\">“货币非中性理论”提出后，维克塞尔名声大振，熊彼特称他是“瑞典的马歇尔”“北欧经济学的顶峰”，并引发了一场“规则”对“权变”的争论。其中一派以凯恩斯为代表，倡导所谓相机抉择的“权变”政策。凯恩斯认为，经济活动仿如一条有着荣枯周期的河流，货币供应是“闸门”，为平抑经济剧烈震荡，政府作为“守闸人”应根据河流的水位，适时关闭或开启“闸门”。</p>\n\n<p class=\"text_align-justify text_indent-2em\" data-source=\"cke\">然而20世纪50年代后期，以费里德曼为代表的美国经济学家开始反对“权变”。他研究发现，从货币供应变化到价格总水平变化之间，有两个“时滞”期：货币变化需要在6—9个月后才引起名义收入变化；而收入变化后要再过6—9个月才引起价格变化。正由于存在12—18个月的时滞，央行调控货币往往要么过松、要么过紧。而无论哪种结果，都会加剧经济波动。</p>\n\n<p class=\"text_align-justify text_indent-2em\" data-source=\"cke\">确实，“权变”政策容易让经济陷入循环怪圈：为减少失业—增加货币供应—利率下降—投资扩大—收入增加—物价上涨—利率反弹—投资收缩—失业增加。所以弗里德曼建议，政府与其手忙脚乱操控货币供应，倒不如实施“简单规则”的货币政策，将货币供应增长率稳定在与经济增长率大体一致的水平上。</p>\n\n<p class=\"text_align-justify text_indent-2em\" data-source=\"cke\">判断“权变”与“规则”孰是孰非，笔者认为首先需要弄清楚，货币政策要解决什么问题。若为了稳定币值（物价），就应选择“简单规则”；若为了短期刺激投资，“权变”也不失为一种可取的选择。问题是，货币政策的目标到底是什么？此问题显然涉及货币职能。前面说过，货币的职能是协助交换。从交换角度看，货币政策的重点当然是稳定币值。</p>\n\n<p class=\"text_align-justify text_indent-2em\" data-source=\"cke\">历史是一面镜子。20世纪40年代中期之后，欧美由于实施“权变”政策，结果到20世纪70年代普遍陷入了“滞胀”。为摆脱“滞胀”，1975年前后，有五个工业国实施了“简单规则”货币政策，并且成功控制了通胀。</p>\n\n<p class=\"text_align-justify text_indent-2em\" data-source=\"cke\">回到理论层面看，“货币非中性理论”其实存在诸多疑点。维克塞尔所说的实际利率偏离自然利率并不成立。庞巴维克认为，利息是货币时差之价；而货币理论大师费雪则将利息定义为“不耐”（急于消费）的代价。他们的表述不同但意思相近，利率取决于社会的不耐程度，与借贷品是“实物”还是“货币”无关。既然如此，实际利率怎么会偏离自然利率呢？</p>\n\n<p class=\"text_align-justify text_indent-2em\" data-source=\"cke\">对于利率不能调节价格，其实经济学讲得很清楚：某商品涨价是由于商品供不应求；而价格总水平上涨，则是因为货币供给过多。这意味着，利率既不决定单个商品的价格，也不影响价格总水平。按照维克塞尔的分析，实际利率低于自然利率时，企业会扩贷。那么，央行若不过多发行货币，企业何以扩贷？降低利率又怎么能拉高要素商品价格呢？</p>\n\n<p class=\"text_align-justify text_indent-2em\" data-source=\"cke\">最后说货币政策选择。2020年新冠肺炎疫情肆虐全球，美国大举推出量化宽松货币政策；而中国则坚持实施稳健货币政策，“稳健”当然不是“权变”。中央强调，稳健货币政策要保持流动性合理充裕，同时货币信贷、社会融资规模增长要与经济发展相适应。简言之，我国货币政策的目标取向，是稳定币值而不是对经济强刺激。</p>\n\n<!--{img:0}-->\n');
INSERT INTO `article_content` VALUES (988350023973625309, '<p class=\"text_align-justify text_indent-2em\" data-source=\"cke\">“十三五”时期，我国数字经济保持了高速增长态势。根据中国信息通信研究院的数据，到2020年，我国数字经济规模达到39.2万亿元，占GDP比重为38.6%，位居世界第二。特别是在新冠肺炎疫情冲击和全球经济下行的叠加影响下，2020年我国数字经济依然保持9.7%的高位增长，成为稳定经济增长的关键动力。总体上看，我国数字经济创新创业活跃，数字技术蓬勃发展，数字经济与实体经济的融合日益深化，新技术、新产品、新业态、新模式不断涌现。</p>\n\n<p class=\"text_align-justify text_indent-2em\" data-source=\"cke\">当前，新一轮科技革命和产业变革深入演进，数字时代已扑面而来，世界主要经济体在数字经济领域的竞争逐渐加剧。数字经济拉动经济增长的作用日益显著，数据作为一种新生产要素的重要性日益凸显，数字产品和服务与国家安全的联系日益密切，这些因素都使数字经济成为世界各国科技和产业竞争的新焦点。</p>\n\n<p class=\"text_align-justify text_indent-2em\" data-source=\"cke\">在此背景下，我国要抓住数字经济的发展机遇，以数字化转型驱动生产方式、生活方式和治理方式变革，积极应对“逆全球化”等外部环境变化带来的挑战，实现更高质量的发展。</p>\n\n<p class=\"text_align-justify text_indent-2em\" data-source=\"cke\"><strong data-source=\"cke\">（一）</strong></p>\n\n<p class=\"text_align-justify text_indent-2em\" data-source=\"cke\">当前，我国数字经济发展迅猛，颠覆性科技创新排浪式涌现。人工智能、大数据、区块链、云计算等新兴技术快速迭代，相关产业持续升级，同时还不断有新的颠覆性科技创新成果涌现出来，释放出巨大的发展动能，进一步催生新产品新业态新模式。这些具有颠覆性的数字科技及其催生的商业模式、产业业态创新，会在中短期形成战略性新兴产业，而且还将随着新一轮科技革命和产业变革的持续深化，形成代表长期发展方向的未来产业。科技发展的方向具有很高的不确定性，后发国家和地区与先发国家和地区基本处在同一起跑线上，这就给后来者带来了“换道超车”的机遇。在这些领域，初创企业诞生并迅速成长为行业巨头的现象也会反复出现。</p>\n\n<p class=\"text_align-justify text_indent-2em\" data-source=\"cke\">随着数字经济的发展壮大，数字产业化和产业数字化加速演进，其对经济社会的渗透和影响也日渐深入和全面。与数字产业化相比，产业数字化的发展态势更引人注目。2020年，我国产业数字化规模达31.7万亿元，占数字经济的比重为80.9%，占GDP比重为31.2%，这从一个侧面反映出数字技术赋能产业发展的能力在不断增强。数字技术的不断成熟和完善，为其与实体经济的深度融合创造了条件：传感器、机器人、数控机床等传统技术更加智能化、精准化且成本呈下降趋势，具备了替代人工和实现大规模应用的基础；在消费互联网发展的过程中，大数据、云计算、物联网、移动互联网、人工智能等新技术更加成熟，日渐能够满足产业特别是工业生产活动对高精准性的要求；消费领域的数据逐步与产业领域的数据打通，可实现跨产业互联和从产品研发设计到用户体验的全生命周期的数据循环。可以预见的是，在消费互联网迅猛发展之后，产业互联网将成为数字经济发展的新蓝海。</p>\n\n<p class=\"text_align-justify text_indent-2em\" data-source=\"cke\">此外，国家间围绕数字经济的竞争也在持续加剧。一方面，新一代信息技术应用范围更广，对其他产业的影响更大，在促进传统产业转型升级等方面具有显著作用；另一方面，数字经济代表着未来的产业发展方向，数字经济的发展水平将显著影响未来世界各国的经济地位和话语权。由于数字软硬件设施和服务系统渗透到国民经济、社会生活和政府治理的方方面面，伴随着海量数据的生成和传输，一些国家开始高度重视自身核心数字科技和系统的自主性，围绕数字科技和数字产业发展加强布局，推出支持数字经济发展的政策、法律和战略。</p>\n\n<p class=\"text_align-justify text_indent-2em\" data-source=\"cke\"><strong data-source=\"cke\">（二）</strong></p>\n\n<p class=\"text_align-justify text_indent-2em\" data-source=\"cke\">面向未来，如何进一步激活数据要素潜能，加快建设数字经济、数字社会、数字政府，进而驱动生产方式、生活方式和治理方式变革，已经成为一个重要课题。“十四五”时期，我们需要更好顺应数字经济发展的趋势，壮大经济发展新引擎。</p>\n\n<p class=\"text_align-justify text_indent-2em\" data-source=\"cke\">补短板与铸长板并重。既要在数字产业链的关键环节发力，突破芯片、操作系统、工业软件等基础性技术瓶颈，减少我们对国际供应链的依赖，又要紧紧抓住新一轮科技革命和产业变革的历史机遇，争取在颠覆性科技创新和战略性新兴产业、未来产业的部分领域实现全球领先。</p>\n\n<p class=\"text_align-justify text_indent-2em\" data-source=\"cke\">消费端与产业端并重。继续发展面向终端消费者的消费互联网，这既是我国数字经济发展的优势所在，也是实现消费需求与产业生产互联互通的重要一环。与此同时，要大力推动产业互联网的发展，加快数字技术与实体经济深度融合，推动产业转型升级，培育更多新的大型高科技企业。</p>\n\n<p class=\"text_align-justify text_indent-2em\" data-source=\"cke\">自主可控与对外开放并重。在外部环境日益复杂严峻的条件下，确保我国供应链顺畅运行、产业链平稳发展是一项重要任务。对此，一方面要实现关键数字技术的自主可控，畅通国内大循环；另一方面要充分利用全球科技、资源和市场，融入全球价值链，整合全球资源，生产、创造优质的数字产品和服务，并将其提供给全球客户，力争形成国内国际双循环相互促进的良好态势。</p>\n\n<p class=\"text_align-justify text_indent-2em\" data-source=\"cke\">效率效益与包容普惠并重。在推动数字经济发展的过程中，我们既要继续保持数字经济的高速增长、发挥其强大的赋能作用，带动经济效率与效益的提升，也要注重数字经济发展的包容性和普惠性，关注欠发达地区数字基础设施建设、关注困难群众的数字生活需要，使数字经济的发展能够惠及每个人。</p>\n\n<p class=\"text_align-justify text_indent-2em\" data-source=\"cke\">市场机制与制度优势并重。数字经济领域的科技创新、商业模式创新具有高度的不确定性，企业需要大量试错才有可能取得成功，我国数字经济的高速增长主要得益于充分发挥了市场机制作用。同时，也要重视用好我国的制度优势，在关键核心技术特别是“卡脖子”技术上集中力量攻关，加快实现技术突破。</p>\n\n<p class=\"text_align-justify text_indent-2em\" data-source=\"cke\">竞争政策与产业政策并重。要加快确立竞争政策的基础性地位，激发微观市场主体的创新创业活力，防范大型平台企业的垄断行为。同时也要发挥产业政策的积极作用，对数字领域的科技创新、科技成果的产业转化、“卡脖子”技术的突破等予以重点支持。</p>\n\n<p class=\"text_align-justify text_indent-2em\" data-source=\"cke\"><strong data-source=\"cke\">（三）</strong></p>\n\n<p class=\"text_align-justify text_indent-2em\" data-source=\"cke\">“十四五”规划和2035年远景目标纲要提出“打造数字经济新优势”，强调“充分发挥海量数据和丰富应用场景优势，促进数字技术与实体经济深度融合，赋能传统产业转型升级，催生新产业新业态新模式”。完成这一重要任务，我们需要在以下几个方面切实发力：</p>\n\n<p class=\"text_align-justify text_indent-2em\" data-source=\"cke\">一是加大数字科技研发投入。特别是要加大政府对数字经济领域基础科学、产业共性技术以及“卡脖子”技术的研发投入，通过提高研发费用加计扣除比例等措施，鼓励企业加大研发投入、更多关注基础研究。</p>\n\n<p class=\"text_align-justify text_indent-2em\" data-source=\"cke\">二是加快推动数字技术标准制定。推动政府主管部门、行业协会、领军企业、高校和科研院所密切合作，加快数字经济领域术语、新技术和数据格式、工业互联网平台架构等方面的标准制定，尽快形成业界共识，实现兼容和互联互通。同时，积极参与国际技术标准组织的工作，推动更多中国技术标准成为国际标准。</p>\n\n<p class=\"text_align-justify text_indent-2em\" data-source=\"cke\">三是支持科技成果产业转化。改革科技成果管理体制，使科研人员能够更好分享科技成果转化的收益，增强其推动科技成果转化的积极性；借鉴国际上比较成熟的经验，通过国家重大工程等为新技术的工程化创造早期市场；通过政府采购、新型基础设施建设等为数字科技的大规模产业化提供市场支持，加快技术迭代和成熟。</p>\n\n<p class=\"text_align-justify text_indent-2em\" data-source=\"cke\">四是促进数据开放连接共享。研究制定政府公共数据开放制度规范，推动企业登记、交通、气象、信用评价等不涉及国家安全的公共数据向企业开放以及各地区各部门间的数据共享；推动制定数据权利归属、数据交易等相关制度，建立数据交易市场，鼓励企业间的数据连接与交易共享。</p>\n\n<p class=\"text_align-justify text_indent-2em\" data-source=\"cke\">五是完善数字经济法律体系。借鉴国外成功经验并结合我国实际，着眼于促进创新、产业发展和国家安全等方面，加快数字经济重点领域和重点环节的立法工作，在推动数字经济快速发展的同时，维护国家利益和人民群众利益。</p>\n\n<p class=\"text_align-justify text_indent-2em\" data-source=\"cke\"><strong data-source=\"cke\">（作者系中国社会科学院工业经济研究所国际产业研究室主任、研究员）</strong></p>\n\n<!--{img:0}-->\n');
INSERT INTO `article_content` VALUES (988350023973625310, '<p class=\"text_align-justify text_indent-2em\" data-source=\"cke\">产业高质量发展是经济高质量发展的基础。产业高质量发展即产业运行和增长中的投入产出率、产品质量水平、产业结构高度、绿色发展程度等方面趋向稳定和持续上升，其基本特征是：产业发展的快速扩张期已结束，多数产业由高速增长转向中高速增长，产业结构升级趋势不断加强，企业高质量发展的压力和动力日益增强，企业参与市场竞争的一般模式从以往的做大就能取胜转变为做优才能取胜，只有不断推进创新、提高生产率和产品质量才能增强市场竞争力。</p>\n\n<p class=\"text_align-justify text_indent-2em\" data-source=\"cke\">不同产业进入高质量发展阶段的条件和时间不一样，特别是制造业与服务业有着明显差别。近些年理论界对制造业与服务业地位作用问题的争论，很大程度上与忽视了这种差别有关。更好发挥制造业和服务业对经济高质量发展的积极作用，需要从理论上对这一差别加以分析。</p>\n\n<p class=\"text_align-justify text_indent-2em\" data-source=\"cke\"><strong data-source=\"cke\">制造业与服务业进入高质量发展阶段的时间和条件不同</strong></p>\n\n<p class=\"text_align-justify text_indent-2em\" data-source=\"cke\">对于发展中国家，工业化是经济发展的代名词，指的是以工业为主的非农产业比重上升和人均GDP提高的长期过程。根据工业化理论和国际经验分析判断，我国工业化的真正起步是在新中国成立之后，经过改革开放前计划推动的工业化和改革开放后市场推动的工业化过程，大概到20世纪80年代末90年代初，我国才完成了工业化初期阶段的任务，进入到工业化中期阶段；然后又用了20年左右的时间，完成了工业化中期阶段上半期和下半期的发展任务，大概在2010年之后，我国工业化进入到后期阶段的上半期。划分工业化阶段的主要依据是人均GDP的国际比较、非农产业的产值和就业比重，比如，工业化进入中期阶段的主要特征之一是非农产业比重达到80%，进入后期阶段的主要特征之一是非农产业比重超过90%。</p>\n\n<p class=\"text_align-justify text_indent-2em\" data-source=\"cke\">在工业化进程中，不同产业所经历的规模扩张、高速增长然后进入高质量发展阶段的过程是不一致的，不同类型的产业进入高质量发展阶段的时间并不一样，制造业与服务业之间就存在较大时间差异。</p>\n\n<p class=\"text_align-justify text_indent-2em\" data-source=\"cke\">从制造业发展进程看，当工业化进入中期阶段时，市场上对工业品的需求迅速增长，拉动了工业生产和投资扩张，制造业进入高速增长时期。这个高速增长期包括了消费品工业扩张期、加工工业扩张期、重化工业扩张期的交替演进，制造业生产能力日益强大。当工业化进入到后期阶段，制造业高速增长期结束，工业品需求结构升级加快，工业生产体系、技术水平具备了产业升级的基础和空间，大多数制造业产业具备了进入高质量发展阶段的基本条件。</p>\n\n<p class=\"text_align-justify text_indent-2em\" data-source=\"cke\">服务业的发展进程与制造业有较大不同。在工业化中期阶段，由于工业品的需求增速快于服务业，制造业处于高速增长期，服务业的发展相对落后于制造业。在工业化进入后期阶段之后，制造业增速持续回落，服务业增速却相对稳定，服务业的市场需求仍保持快速增长，需求结构还没有出现加快升级的趋势，一般质量的服务需求和高质量的服务需求还在一起增长，多数服务业产业还有规模扩张、多元发展的条件和空间，服务业总体上还有一段高速增长期。在这个阶段，多数服务业部门还缺乏向高质量发展的压力和动力，尚未形成进入高质量发展阶段的基本条件。要到经济发展进入高收入阶段之后，随着服务业需求增速出现明显回落，服务业由高速增长转向中高速增长，同时服务业市场的需求结构加快升级，高质量需求呈现更快增长的趋势，多数服务业部门才会进入高质量发展阶段。</p>\n\n<p class=\"text_align-justify text_indent-2em\" data-source=\"cke\">从20世纪90年代到21世纪前10年，是我国工业化的中期阶段；2010年至今，我国处于工业化后期阶段的上半期。在这两个不同的工业化时期，制造业与服务业的增速对比发生了明显的阶段性变化。1991—2000年，我国工业增加值年均增长13.8%，而服务业增加值年均增长10.2%，年均增速低了3.6个百分点；2001—2010年，工业增加值年均增长11.4%，服务业增加值年均增长11.3%，年均增速仍低0.1个百分点；1991—2010年，工业增加值年均增长12.6%，服务业增加值年均增长10.7%，年均增速相差1.9个百分点。工业增加值不仅包括制造业增加值，还包括采掘业、电力热力燃气和水生产供应业两个部分的增加值，我国缺乏制造业增加值的增长率统计数据，如果直接以制造业数据来比较，差距还会更大一些。随着我国工业化进入后期阶段，2011—2019年，我国工业增加值年均增长7.0%，而服务业增加值年均增长8.2%，年均增速反超工业1.2个百分点。</p>\n\n<p class=\"text_align-justify text_indent-2em\" data-source=\"cke\"><strong data-source=\"cke\">制造业与服务业在促进高质量发展中的作用不同</strong></p>\n\n<p class=\"text_align-justify text_indent-2em\" data-source=\"cke\">在经济高质量发展过程中，各类产业所处地位不一样，作用也不一样。制造业与服务业进入高质量发展阶段的时间不同，对经济高质量发展发挥的作用也不同。</p>\n\n<p class=\"text_align-justify text_indent-2em\" data-source=\"cke\">制造业对经济高质量发展的作用主要表现为引领带动。制造业作为国民经济中较快进入高质量发展阶段的主导性、支柱性产业，将成为经济高质量发展的领头羊、先锋队，在突破高质量发展的技术路径制约、发展方式制约等方面会率先闯出一条新路，并对其他产业形成示范带领效应。制造业作为技术创新最活跃的产业部门，在高质量发展阶段会对反映经济发展质量的核心指标即全要素生产率的增长作出主要贡献。制造业的技术创新和技术进步是带动国民经济技术改造的基础动力，制造业高质量发展将加快对农业、服务业和基础产业的技术改造进程，为经济高质量发展创造重要技术条件。在新技术革命推动产业变革的大背景下，制造业将更快获得数字化、网络化、智能化改造，在加快技术进步的同时会促进新产业、新业态、新产品、新模式的发展，并促进自身与服务业的融合发展，为经济高质量发展提供新的动能和机制。制造业的技术创新推动了绿色技术的兴起、发展和应用，不仅改善了制造业发展的环保水平和生态效应，而且带动了绿色经济的发展，成为推动经济高质量发展的一项新内容、一个新趋势。</p>\n\n<p class=\"text_align-justify text_indent-2em\" data-source=\"cke\">服务业对经济高质量发展的作用主要表现为稳定支持。我国服务业的高增长期尚未结束，与制造业相比仍有较快增长的条件，可以对经济保持稳定增长作出更大贡献。我国推进产业结构调整升级的过程，对生产性服务业的需求快速增长，各类生产性服务业既可以获得多元发展的市场机会，又能够为产业调整升级、企业兼并重组、资源流动和再配置提供市场服务，从而支持产业和经济的高质量发展。新技术革命和产业变革推动产业融合发展，现代服务业在产业融合中形成了更多的服务型发展平台，可以对经济高质量发展发挥更大作用，比如，先进制造业与现代服务业的融合发展有利于促进先进制造业向微笑曲线两端延伸，促进装备制造业向产业和产品高端发展；现代服务业对传统企业服务功能不断增强，有利于促进传统产业加快改造升级；现代服务业的数字化、网络化、智能化发展催生了一批高新技术服务业，有利于提升对高新技术制造业的服务支持作用。</p>\n\n<p class=\"text_align-justify text_indent-2em\" data-source=\"cke\"><strong data-source=\"cke\">如何发挥好制造业和服务业促进高质量发展的作用</strong></p>\n\n<p class=\"text_align-justify text_indent-2em\" data-source=\"cke\">发挥好制造业作用，重点是推动制造业在实现自身高质量发展的同时保持中高速增长。为此，一是坚持以深化供给侧结构性改革为主线，促进制造业结构调整和转型升级。2016年开始推进的供给侧结构性改革，把解决短期矛盾与长期问题结合起来，对缓解制造业内在矛盾起到了重要作用。当前，推动制造业高质量发展仍受到体制机制问题的制约，需要继续深化供给侧结构性改革，破除影响要素市场化流动、企业跨区域重组、产业间资源再配置的制度性障碍，更多运用市场化、法治化手段解决制造业转型升级中的突出问题。二是继续实施推动制造业高质量发展的战略和政策，并加大对中小制造企业的支持力度。实证研究表明，在进入工业化后期阶段前后一段时期，制造业发展普遍面临阶段性下行趋势和国际竞争压力加大的挑战，需要政府给予必要的引导和扶持。为此，我国应继续实施推动制造业高质量发展的战略和政策，并适时制定新的中长期战略规划。实施好符合中国发展需要、反映市场经济规律的产业政策，加快推进制造业产业结构升级。加大对中小制造企业技术改造、转型升级扶持力度，在财税、金融、投资、技术服务等方面给予必要政策支持。三是推进工业开发区和工业园区调整转型，拓展制造业高质量发展的平台和空间。以往各地建立工业开发区、工业园区，主要是把制造业上下游产业和配套产业集中在一起，形成产业聚集区并推进产业集群发展，发挥的是制造业的产业聚集效应和规模经济效应。但随着制造业高速增长期的结束，依靠大量招商引资扩大工业规模的作用已经下降并不可持续，不少地区出现工业开发区、工业园区过剩和闲置的问题。对此，应适时把这些以扩大工业规模为主的园区调整改造为推动工业高质量发展的园区，建立新发展阶段的工业转型升级平台，拓展制造业高质量发展的空间。</p>\n\n<p class=\"text_align-justify text_indent-2em\" data-source=\"cke\">发挥好服务业的作用，重点是促进服务业较快增长并加快结构优化。一是着力深化服务业部门的改革开放。我国服务业部门的改革开放相对落后于工业部门，当前应进一步深化混合所有制改革及相关管理体制改革，扩大重点服务业部门对民营经济的开放度。这些重点部门主要是国有经济比重高、具有明显垄断性的服务产业部门，如金融、铁路、城市设施、生态环保、科学技术、医疗卫生、文化旅游等。重点服务业部门的对内开放与对外开放同样重要，引入民营经济的对内开放是引进境外资本的对外开放的基础，关系到畅通国内经济大循环，关系到增强服务业发展的新动能、新活力。要把以开放促改革与以改革促开放结合起来，搞活重要服务产业运行和发展的微观基础，促进整个服务业的资源有效流动和优化配置。二是实施与工业部门相同的经济政策。过去我国为了加快推进工业化，对工业部门实行了相对优惠的经济政策，现在我国工业化进入后期阶段，工业高速增长期已结束，对于迈向高质量发展的制造业来说，资源使用价格和经济杠杆政策的优惠待遇已作用不大；而服务业还有一段高速增长期，对于仍在扩大规模和多元发展的服务业来说，实行同等条件的政策待遇具有明显的促进意义。为充分释放服务业增长潜能，应对服务业部门实行与工业部门相同的经济政策。三是推动建设一批高技术服务业基地。在促进服务业较快增长条件下，要注重加快服务业结构优化，以利于服务业在高速增长期结束后顺利转向高质量发展阶段。这个过程仍然需要政策的适度导向和推动，政府应当为推动高技术制造业发展和经济高质量发展提供更好的服务。笔者认为，可以参考当年兴办高技术开发区的经验，建设一批以教育、科研、技术服务为主体的高技术服务业基地，并允许各地把部分闲置的工业开发区或工业园区改造为高技术服务业基地或园区。</p>\n\n<p class=\"text_align-justify text_indent-2em\" data-source=\"cke\"><strong data-source=\"cke\">（作者系福建省中国特色社会主义理论体系研究中心特约研究员、华侨大学经济与金融学院院长）</strong></p>\n\n<!--{img:0}-->\n');
INSERT INTO `article_content` VALUES (988350023973625311, '<p class=\"text_align-justify text_indent-2em\" data-source=\"cke\">加快构建以国内大循环为主体、国内国际双循环相互促进的新发展格局，是“十四五”和未来更长时期助推我国经济高质量发展的重要战略部署和重大战略选择。习近平总书记强调：“要根据新发展阶段的特点，围绕推动高质量发展，构建新发展格局，加快转变政府职能，加快打造市场化、法治化、国际化营商环境，打破行业垄断和地方保护，打通经济循环堵点，推动形成全国统一、公平竞争、规范有序的市场体系。”</p>\n\n<p class=\"text_align-justify text_indent-2em\" data-source=\"cke\">构建新发展格局的关键在于建设高标准市场体系、畅通经济循环，其中一项重要工作就是营造良好的公平竞争秩序。没有良好的公平竞争秩序，就不能形成高效繁荣的国内大循环，更不可能实现畅通的国内国际双循环。我们必须牢牢抓住营造良好公平竞争秩序这个关键，服务构建新发展格局，助推经济高质量发展。</p>\n\n<p class=\"text_align-justify text_indent-2em\" data-source=\"cke\"><strong data-source=\"cke\">把握一个根本目标</strong></p>\n\n<p class=\"text_align-justify text_indent-2em\" data-source=\"cke\">党的十九大作出了“中国特色社会主义进入新时代，我国社会主要矛盾已经转化为人民日益增长的美好生活需要和不平衡不充分的发展之间的矛盾”重要论断。我国社会主要矛盾的变化是关系全局的历史性变化，对党和国家工作提出了许多新要求，也对促进市场公平竞争工作提出了新要求。当前和未来一个时期营造公平竞争秩序的根本目标在于立足新发展阶段，贯彻新发展理念，服务构建新发展格局，形成高效规范、公平竞争的国内统一市场，助推经济高质量发展，不断满足人民群众日益增长的美好生活需要。这要求我们必须将营造公平竞争秩序放在我国经济社会发展的大环境中去思考、去谋划。</p>\n\n<p class=\"text_align-justify text_indent-2em\" data-source=\"cke\">一方面，始终坚持新发展理念。新发展理念是管全局、管根本、管长远的导向，深刻揭示了实现更高质量、更有效率、更加公平、更可持续发展的必由之路，指明了更长时期我国的发展思路、发展方向和发展着力点。这要求我们在促进市场公平竞争中必须创新思路方法，加强统筹协调，深化国际合作，注重成果共享，最终实现共同富裕。另一方面，大力畅通国内国际双循环。加快构建新发展格局是以习近平同志为核心的党中央根据我国发展阶段、环境、条件变化作出的战略决策，为新时代推动我国经济高质量发展指明了方向。这要求我们既要在畅通国内大循环方面下大力气，打破行业垄断和地方保护，强化反垄断和防止资本无序扩张，破除妨碍生产要素市场化配置和商品服务流通的体制机制障碍，贯通生产、分配、流通、消费各环节，形成国民经济良性循环，也要在促进国内国际双循环上下大力气，促进内外贸法律法规、监管体制、经营资质、质量标准、认证认可等相衔接，充分利用国内国际两个市场两种资源，积极促进内需和外需、进口和出口、引进外资和对外投资协调发展。</p>\n\n<p class=\"text_align-justify text_indent-2em\" data-source=\"cke\"><strong data-source=\"cke\">厘清两对基本关系</strong></p>\n\n<p class=\"text_align-justify text_indent-2em\" data-source=\"cke\">（一）厘清政府和市场之间的关系</p>\n\n<p class=\"text_align-justify text_indent-2em\" data-source=\"cke\">一方面，充分发挥市场在资源配置中的决定性作用。一是坚持社会主义市场经济改革方向，更加尊重市场经济一般规律，健全市场体系基础制度，坚持平等准入、公正监管、开放有序、诚信守法，建设统一开放、竞争有序的市场体系，实现市场准入畅通、市场开放有序、市场竞争充分、市场秩序规范，加快形成企业自主经营公平竞争、消费者自由选择自主消费、商品和要素自由流动平等交换的现代市场体系。二是建立健全统一开放的要素市场。推进土地、劳动力、资本、技术、数据等要素市场化改革。健全要素市场运行机制，完善要素交易规则和服务体系。健全主要由市场决定价格的机制，最大限度减少政府对价格形成的不当干预。以要素市场化配置改革为重点，推进要素市场制度建设，实现要素价格市场决定、流动自主有序、配置高效公平。三是着眼于打造一个规范、透明、开放、有活力、有韧性的资本市场，推进发行、上市、信息披露、交易、退市等基础性制度改革，坚持创业板和其他板块错位发展，找准各自定位，办出各自特色，推动形成各有侧重、相互补充的适度竞争格局。</p>\n\n<p class=\"text_align-justify text_indent-2em\" data-source=\"cke\">另一方面，更好发挥政府作用。一是加快政府职能转变。建设职责明确、依法行政的政府治理体系，深化“放管服”改革，清理废除妨碍统一市场和公平竞争的各种规定和做法，进一步减少政府对要素的直接配置。推进简政放权、优化服务改革，全面实行政府权责清单制度和市场准入负面清单制度，支持企业更好参与市场合作和竞争，加强事中事后监管，对新产业新业态实行包容审慎监管。持续优化营商环境，坚持市场化、法治化、国际化原则，以市场主体需求为导向，以深刻转变政府职能为核心，创新体制机制、强化协同联动、完善法治保障，对标国际先进水平，为各类市场主体投资兴业营造稳定、公平、透明、可预期的良好环境。二是以保护产权、维护契约、统一市场、平等交换、公平竞争、有效监管为基本导向，不断完善社会主义市场经济法规体系和制度体系。修订反垄断法，加强反垄断和反不正当竞争执法司法，健全公平竞争审查机制，推动社会信用法律建设，维护公平竞争市场环境。实施好民法典和相关法律法规，依法平等保护国有、民营、外资等各种所有制企业产权和自主经营权，完善各类市场主体公平竞争的法治环境。三是完善产业政策和区域政策体系。推动产业政策向普惠化和功能性转型，强化对技术创新和结构升级的支持，加强产业政策和竞争政策协同。强化竞争政策基础地位，打破行政性垄断、防止市场垄断。</p>\n\n<p class=\"text_align-justify text_indent-2em\" data-source=\"cke\">（二）厘清国有企业和民营企业之间的关系</p>\n\n<p class=\"text_align-justify text_indent-2em\" data-source=\"cke\">一方面，深入推进国有企业改革，提高国有企业效益。一是稳步推进垄断行业改革。深化以政企分开、政资分开、特许经营、政府监管为主要内容的改革，提高垄断行业基础设施供给质量，严格监管自然垄断环节，加快实现竞争性环节市场化，切实打破行政性垄断，防止市场垄断。构建有效竞争的电力市场，有序放开发用电计划和竞争性环节电价，提高电力交易市场化程度。推进油气管网对市场主体公平开放，适时放开天然气气源和销售价格，健全竞争性油气流通市场。二是对处于充分竞争领域的国有经济，通过资本化、证券化等方式优化国有资本配置，提高国有资本收益。对充分竞争领域的国家出资企业和国有资本运营公司出资企业，探索将部分国有股权转化为优先股，强化国有资本收益功能。</p>\n\n<p class=\"text_align-justify text_indent-2em\" data-source=\"cke\">另一方面，坚持公有制为主体、多种所有制经济共同发展，增强民营企业活力。一是全面实施市场准入负面清单制度，清理废除妨碍统一市场和公平竞争的各种规定和做法，支持民营企业发展，激发各类市场主体活力，实现产权有效激励、要素自由流动、价格反应灵活、竞争公平有序、企业优胜劣汰。二是营造支持非公有制经济高质量发展的制度环境。打破各种各样的“卷帘门”“玻璃门”“旋转门”，在市场准入、审批许可、经营运行、招投标等方面，对各类所有制企业平等对待，破除制约市场竞争的各类障碍，营造各种所有制主体依法平等使用资源要素、公开公平公正参与竞争、同等受到法律保护的市场环境。三是优化民营经济发展环境，构建亲清政商关系，促进非公有制经济健康发展和非公有制经济人士健康成长，依法平等保护民营企业产权和企业家权益。</p>\n\n<p class=\"text_align-justify text_indent-2em\" data-source=\"cke\"><strong data-source=\"cke\">夯实三个重要基础</strong></p>\n\n<p class=\"text_align-justify text_indent-2em\" data-source=\"cke\">（一）夯实市场公平竞争的法规基础</p>\n\n<p class=\"text_align-justify text_indent-2em\" data-source=\"cke\">法规是规范市场公平竞争秩序的准绳，是开展市场公平竞争执法的依据，是构建市场公平竞争环境的保障。因此，促进市场公平竞争务必要夯实市场公平竞争的法规基础。一是既要考虑政治、经济、社会和文化因素的影响，也要重视立法、执法、司法、守法等各个环节的内在关联，在“内外双重维度”上完善竞争法规。当前特别是要加快推进数字经济背景下《反垄断法》修订和配套法律制度的完善，在垄断协议规制制度中适当考虑算法共谋问题，增加经营者市场支配地位认定的考虑因素，完善经营者集中申报标准制度，加大数字市场并购交易的审查力度。二是落实好《优化营商环境条例》，巩固已有改革成果，将行之有效并可长期坚持的做法逐步上升为制度规范，以法治手段维护公平竞争环境，保障各项改革依法有序推进。三是要提高知识产权保护工作法治化水平，统筹推进专利法、商标法、著作权法、反垄断法、科学技术进步法等修订工作，增强法律之间的一致性；强化民事司法保护，研究制定符合知识产权案件规律的诉讼规范；促进知识产权行政执法标准和司法裁判标准统一，完善行政执法和司法衔接机制。四是严格执行外商投资法及配套法规，清理与外商投资法不符的行政法规、部门规章、规范性文件，确保对内资企业和外资企业一视同仁。五是确保制定与市场主体生产经营活动密切相关的行政法规、规章、行政规范性文件，应当进行公平竞争审查。制定涉及市场主体权利义务的行政规范性文件，应当进行合法性审核。</p>\n\n<p class=\"text_align-justify text_indent-2em\" data-source=\"cke\">（二）夯实市场公平竞争的人才基础</p>\n\n<p class=\"text_align-justify text_indent-2em\" data-source=\"cke\">一是培养市场公平竞争执法骨干。采取公开选调、统一招录等方式，提升市场公平竞争执法队伍素质，有效解决市场监管部门承担任务与编制数不相匹配的问题；按照专业性和规范性的要求，制定市场公平竞争执法人员抽调办法和选拔办法，保证执法人员的专业性和稳定性。二是加强市场公平竞争执法培训。加强岗位培训，突出实用导向，细化岗位职责，体现岗位特点。三是完善市场公平竞争培训机制，发挥市场监管总局在人才培训中的指导作用，突出省级市场监管部门的带动作用，根据地区实际情况制定年度培训计划，并做好考核、评估和反馈工作。四是加大市场公平竞争激励考核。探索建立市场公平竞争执法人员的晋升机制和考核机制，根据市场公平竞争执法工作年限、办案数量、案件质量等建立市场公平竞争人员晋升办法，打通市场公平竞争执法人员的晋升渠道，激发市场公平竞争执法队伍的积极性。</p>\n\n<p class=\"text_align-justify text_indent-2em\" data-source=\"cke\">（三）夯实市场公平竞争的技术基础</p>\n\n<p class=\"text_align-justify text_indent-2em\" data-source=\"cke\">一是加强对大宗商品、资本、技术、数据等重点市场交易的监测预测预警，提高通过大数据等方式认定竞争违法行为、预警识别市场运行风险的能力，强化市场预期管理。二是利用大数据进行商品价格、服务收费等各项信息的收集，建立完善的数据库，对商品价格波动信息进行有效掌控，加强对电子商务交易的价格监管，建立有效的投诉平台，与相关互联网信用网站进行合作，对互联网商家建立信用档案，建立健全相关监管法律规范与条例，为完善价格监管机制提供多项科学准确的数据支持，提升决策的有效性，稳定市场价格秩序。三是加强政策支持，加大资金投入，开展应用研究，综合运用大数据、云计算、人工智能等技术增强对互联网领域不法行为的监测预警能力，提升电子证据判定、获取、分析水平，为市场公平竞争执法提供有效证据。</p>\n\n<p class=\"text_align-justify text_indent-2em\" data-source=\"cke\"><strong data-source=\"cke\">抓好四项执法工作</strong></p>\n\n<p class=\"text_align-justify text_indent-2em\" data-source=\"cke\">（一）坚定不移地抓好反垄断执法工作</p>\n\n<p class=\"text_align-justify text_indent-2em\" data-source=\"cke\">反垄断是完善社会主义市场经济体制、推动高质量发展的内在要求。一是完善涉企收费目录清单制度，严厉查处涉企违规收费行为。二是制定原料药等专项领域反垄断指南、豁免制度适用指南，出台实施企业境外反垄断合规指引。三是在支持平台企业创新发展、增强国际竞争力，支持公有制经济和非公有制经济共同发展的同时，健全数字规则，完善依法规范发展准则。四是完善平台企业垄断认定、数据收集使用管理、消费者权益保护等方面的法律规范，加强平台经济、共享经济等新业态领域反垄断规制。五是强化反垄断和防止资本无序扩张，确保金融创新必须在审慎监管的前提下进行。</p>\n\n<p class=\"text_align-justify text_indent-2em\" data-source=\"cke\">（二）坚定不移地抓好价格监管和反不正当竞争执法工作</p>\n\n<p class=\"text_align-justify text_indent-2em\" data-source=\"cke\">一是完善竞争政策框架，建立健全竞争政策实施机制，强化竞争政策基础地位确保各类所有制市场主体在要素获取、标准制定、准入许可、经营运营、优惠政策等方面享受平等待遇。政府采购对内资企业和外资企业一视同仁。二是强化公平竞争审查的刚性约束，修订完善公平竞争审查实施细则，建立公平竞争审查抽查、考核、公示制度，建立健全第三方审查和评估机制。统筹做好增量审查和存量清理，逐步清理废除妨碍全国统一市场和公平竞争的存量政策。三是打破地方保护，建立违反公平竞争问题反映和举报绿色通道，健全投诉举报查处机制，加强和改进反不正当竞争执法，加大执法力度，规范交易行为，提高违法成本，防止发生损害国家安全及公共利益的行为。四是制定促进行业协会商会规范健康发展的实施意见，推动行业协会商会建立健全行业经营自律规范、自律公约，规范会员行为。五是结合改革督察工作，对中央全面深化改革委员会会议审议通过的产权保护、弘扬企业家精神、市场公平竞争审查等利好民营企业的改革方案专项督察，推动落实。</p>\n\n<p class=\"text_align-justify text_indent-2em\" data-source=\"cke\">（三）坚定不移地抓好打击侵犯知识产权和制售假冒伪劣商品执法工作</p>\n\n<p class=\"text_align-justify text_indent-2em\" data-source=\"cke\">一方面，要强化知识产权全链条保护。一是综合运用法律、行政、经济、技术、社会治理等多种手段，从审查授权、行政执法、司法保护、仲裁调解、行业自律、公民诚信等环节完善保护体系，加强协同配合，构建大保护工作格局。二是打通知识产权创造、运用、保护、管理、服务全链条，健全知识产权综合管理体制，增强系统保护能力。三是完善知识产权反垄断、公平竞争相关法律法规和政策措施，统筹做好知识产权保护、反垄断、公平竞争审查等工作，形成正当有力的制约手段，促进创新要素自主有序流动、高效配置。四是推进我国知识产权有关法律规定域外适用，完善跨境司法协作安排。五是形成高效的国际知识产权风险预警和应急机制，建设知识产权涉外风险防控体系。</p>\n\n<p class=\"text_align-justify text_indent-2em\" data-source=\"cke\">另一方面，要加大对制售假冒伪劣商品的打击力度。一是健全体制机制。加强党对打击制售假冒伪劣商品工作的领导，建立“党委领导、政府主导、部门联合、社会参与”的工作格局，建立健全领导体制和协调机制。二是狠抓督察考核。探索建立中央对制售假冒伪劣商品督察工作机制。各地要建立打击制售假冒伪劣商品工作责任制，加大督查问责力度和工作考核，把有关责任和压力持续地传导下去。三是加大指导力度。各地省级、市级有关部门也要加强对下一级工作的指导，强化打击制售假冒伪劣商品工作的规范性和协同性，加快构建“横向协调、纵向同步”的工作新秩序。四是完善刑事法律和司法解释，加大刑事打击力度，对群众反映强烈、社会舆论关注、侵权假冒多发的重点领域和区域，要重拳出击、整治到底、震慑到位。</p>\n\n<p class=\"text_align-justify text_indent-2em\" data-source=\"cke\">（四）坚定不移地抓好打击消费欺诈和虚假宣传执法工作</p>\n\n<p class=\"text_align-justify text_indent-2em\" data-source=\"cke\">一是将打击消费欺诈和虚假宣传执法工作纳入政府工作年度评议考核，提高政治站位，加强组织协调，整合监管力量，确保配合有力，畅通信息沟通渠道，认真开展工作，落实属地管理职责，确保打击消费欺诈和虚假宣传执法工作取得实效。二是畅通消费维权投诉举报渠道。依法处理消费纠纷，及时回应消费者关注的热点、难点问题。积极鼓励消费者对商品欺诈和虚假宣传违法行为的投诉举报，对各类投诉举报要及时受理、快速核实、快速处理。三是深入开展打击消费欺诈和虚假宣传专项整治工作。以全面贯彻《食品安全法》《广告法》《消费者权益保护法》等法律法规为抓手，以重点商品、重点区域、重点环节、重点企业为突破口，采取摸底排查、突击检查、联合执法、公开曝光的方式，主动出击、重典治乱、打建并举、疏堵结合，全面强化企业主体责任意识，落实属地监管责任，着力营造公平竞争的市场环境和安全放心的消费环境。</p>\n\n<p class=\"text_align-justify text_indent-2em\" data-source=\"cke\">（作者单位：国家市场监督管理总局发展研究中心）</p>\n\n<!--{img:0}-->\n');
INSERT INTO `article_content` VALUES (988350023973625312, '<p class=\"text_align-justify text_indent-2em\" data-source=\"cke\">7月30日中共中央政治局会议提出，要做好宏观政策跨周期调节，保持宏观政策连续性、稳定性、可持续性，统筹做好今明两年宏观政策衔接，保持经济运行在合理区间。这一表述确定了未来一段时期我国宏观调控的基调和宏观政策的基本态势，具有重要的指导意义。</p>\n\n<p class=\"text_align-justify text_indent-2em\" data-source=\"cke\"><strong data-source=\"cke\">一</strong></p>\n\n<p class=\"text_align-justify text_indent-2em\" data-source=\"cke\">宏观政策跨周期调节是相对于逆周期调节而言的，是对逆周期调节的拓展、完善和升级，有利于提高宏观政策的前瞻性、精准性、连续性、稳定性、可持续性和有效性。</p>\n\n<p class=\"text_align-justify text_indent-2em\" data-source=\"cke\">随着我国进入新发展阶段，国内外发展环境的变化给经济发展带来更多不稳定性和不确定性，其中，很多关键问题表现出中长期的特征，比如经济结构、增长动力、创新驱动等，这使得以应对短期经济波动为主的传统逆周期调节框架显得捉襟见肘，跨周期调节就是在这样的背景下提出的。宏观政策跨周期调节不是对逆周期调节的否定和摒弃，而是对其的拓展、完善和升级，是在充分把握逆周期调节的局限性基础上提出的调控框架或体系。宏观政策跨周期调节强调通过经济政策的制度化设计，既熨平短期经济波动，又重视未来长波段的经济高质量发展，通过政策的有机协同，兼顾短期目标和中长期目标，从而更加具有前瞻性和针对性；宏观政策跨周期调节强调宏观政策更加具有连续性、稳定性和机制化，要求将政策意图更加清晰地传递到市场主体，稳定市场和社会预期。上述特征，使得宏观政策跨周期调节能够突出解决困扰经济发展的中长期问题，有利于提高宏观政策的精准性、科学性和有效性。</p>\n\n<p class=\"text_align-justify text_indent-2em\" data-source=\"cke\">宏观政策跨周期调节是我国宏观调控及相关宏观经济理论的重大突破和创新。传统的宏观经济理论通常认为，主要的宏观调控工具（财政政策和货币政策）是对经济进行“逆周期”调节，以熨平经济周期波动，从而实现经济增长、充分就业、物价稳定、国际收支平衡四大调控目标。因此，传统的宏观调控更多体现的是对经济的“短期”调节。宏观政策跨周期调节打破了这一传统，旨在建立和完善一套站位更高、侧重解决中长期问题的宏观调控框架，将宏观政策由“短期视角”和“速度视角”拓展到了“中长期视角”和“质量视角”。这是我国在宏观调控领域的理论创新和制度创新，充分展示了中央的市场经济驾驭能力和宏观经济治理能力。</p>\n\n<p class=\"text_align-justify text_indent-2em\" data-source=\"cke\">宏观政策跨周期调节有助于保障我国经济继续保持长期向好态势。去年受新冠肺炎疫情冲击，我国经济出现大幅波动，但外来冲击不会改变我国经济的长期增长路径，中国经济长期向好的态势不会改变。同时也要清醒地看到，中国经济持续健康发展依然面临创新动力不足、经济结构失衡、发展质量和效益不高等中长期问题。在“十四五”时期乃至今后的中长期经济周期内，宏观政策既要看到短期的疫情冲击等因素，努力将影响降到最低；还要侧重于解决中长期问题，兼顾长远目标和利益。宏观政策跨周期调节，能够针对我国当前经济发展所面临的各种制约因素，既关注短期的逆周期调节，更着力解决中长期问题，以短期和中长期目标的协调配合来谋求经济长期高质量发展，使调控政策更具针对性和战略性。</p>\n\n<p class=\"text_align-justify text_indent-2em\" data-source=\"cke\"><strong data-source=\"cke\">二</strong></p>\n\n<p class=\"text_align-justify text_indent-2em\" data-source=\"cke\">在宏观政策跨周期调节的框架下，我国宏观政策的着力点和实施路径呈现出一些新的特征。</p>\n\n<p class=\"text_align-justify text_indent-2em\" data-source=\"cke\">从政策目标看，更加重视目标制定的机制化，更加关注中长期目标，强调前瞻性思考、全局性谋划、战略性布局、整体性推进，以实现发展规模、速度、质量、结构、效益、安全相统一，实现稳增长和防风险长期均衡。对经济高质量发展、结构转型升级、风险累积和传导路径等有更加清晰的认识，能够对相关部门的政策搭配提供更为明确的指引，有效避免长短期、多目标调控下的目标冲突和不协调。</p>\n\n<p class=\"text_align-justify text_indent-2em\" data-source=\"cke\">从政策工具看，提高了政策运用的机制化水平，强调财政货币政策与中长期战略规划、区域和产业等政策间的协调与配合。宏观政策跨周期调节更加重视健全以国家中长期发展战略和规划为导向、以财政政策和货币政策为主要手段，就业、产业、投资、消费、区域等政策协同发力的宏观调控制度体系，是在充分利用市场手段优化资源配置的基础上，更好地发挥政府作用，通过先行的系统规划设计，妥善解决发展中不平衡不充分等中长期问题，促进经济结构持续优化和经济高质量发展。</p>\n\n<p class=\"text_align-justify text_indent-2em\" data-source=\"cke\">从调控模式看，更加注重政策的规则式调控。宏观政策跨周期调节在服务于中长期目标的前提下，以规则为基础兼顾灵活性，强调规则和相机抉择的统一。换言之，宏观政策跨周期调节并不是一味强调规则和政策的连续性和稳定性而放弃或忽视政策的灵活性，旨在根据中长期经济发展目标和经济景气循环相机而动、实时调控，从中长期或跨周期视角评价政策指标的高低和政策风险水平，如赤字水平、债务率、宏观杠杆率等。</p>\n\n<p class=\"text_align-justify text_indent-2em\" data-source=\"cke\">从政策关系看，更加重视政策之间的搭配和协同。一方面，宏观政策跨周期调节并不意味着对逆周期调节的摒弃，而是在跨周期调节大框架下仍重视发挥逆周期调节的功效，重视二者的有效搭配和协调统一。虽然宏观政策跨周期调节更加注重中长期目标，然而对疫情、自然灾害、贸易摩擦、大国冲突等突发情况带来的短期经济扰动也仍要做好逆周期调节设计，即强调在宏观政策跨周期调节的框架设计中做好逆周期调节预案，促使熨平短期经济波动和实现中长期经济发展目标有机衔接。另一方面，宏观政策跨周期调节涉及的政策体系和调控工具更加丰富，涉及部门更加繁杂，从而更加重视部门沟通和政策协同，重视构建科学合理的政策搭配和协调模式，确保跨周期和逆周期政策组合的施力点恰到好处，形成协调统一的政策目标、方向、力度和科学合理的搭配机制。</p>\n\n<p class=\"text_align-justify text_indent-2em\" data-source=\"cke\">从传导机制看，更加重视政策的预期传导，有利于降低宏观政策的波动性和不确定性。当前国内外经济形势仍然复杂严峻，不稳定性不确定性较大，对我国经济发展长短期目标的实现存在较大影响。宏观政策跨周期调节更加关注政策波动性和不确定性的影响，关注政策调控背后可能潜伏着的代价，重视稳住并引导微观主体或市场主体的预期，以保护和激发市场主体活力、提高产业链供应链的稳定性和竞争力。理顺政策的预期传导机制、降低不确定性，是宏观政策跨周期调节的优势所在，也是宏观政策跨周期设计的关键内容。宏观政策跨周期调节重视从中长期视角加强预期管理，加强公众沟通，着力稳定市场预期，给企业及微观主体更大自主权、更大发展空间、更大活力，以增强市场主体参与经济活动的信心和热情。</p>\n\n<p class=\"text_align-justify text_indent-2em\" data-source=\"cke\">从政策评价看，宏观政策跨周期调节效果的评价内容更加丰富，不仅包括宏观政策跨周期调节的整体效果、各项宏观政策跨周期调节工具实施方向和力度与调控目标的契合度，还包括分周期调控目标值和中长期目标值的科学性、分周期调控目标与中长期目标的吻合度、各项宏观政策跨周期调节的协同效果、宏观政策风险的跨周期评价和监测等。通过一系列的评价和监测，能够确保各类长短期宏观政策形成集成效应，提高宏观政策的精准性、科学性和有效性，确保我国经济发展中长期目标的顺利实现。</p>\n\n<p class=\"text_align-justify text_indent-2em\" data-source=\"cke\"><strong data-source=\"cke\">（作者系中央财经大学国际经济与贸易学院教授、副院长）</strong></p>\n\n<!--{img:0}-->\n');
INSERT INTO `article_content` VALUES (988350023973625313, '<p class=\"text_align-justify text_indent-2em\" data-source=\"cke\">共同富裕是社会主义的本质要求，是人民群众的共同期盼。全面贯彻落实党的十九届五中全会精神，准确把握新发展阶段，深入贯彻新发展理念，加快构建新发展格局，全面提升我国“十四五”时期乃至更长时间的高质量发展水平，以更全面视野更高起点扎实推动共同富裕，强化使命担当，更好地满足人民日益增长的美好生活需要，更加提升全体人民的福祉水平，是加快构建以国内大循环为主体、国内国际双循环相互促进的新发展格局的内在要求。共同富裕目标的实现，必须更依赖于全面深化改革，充分发挥市场在资源配置中的决定性作用，更好发挥政府作用，推动有效市场和有为政府更好结合。</p>\n\n<p class=\"text_align-justify text_indent-2em\" data-source=\"cke\"><strong data-source=\"cke\">一、推动共同富裕须以统筹发展和安全作为基本原则</strong></p>\n\n<p class=\"text_align-justify text_indent-2em\" data-source=\"cke\">新发展阶段、新发展理念、新发展格局的提出，本质上对我国转变发展方式提出了更高要求，意味着我国从数量增长型发展转向了高质量发展阶段，从外源式发展转向内生性发展。近几十年来，我国融入全球分工体系，既受益于全球化，又为全球化作出了巨大贡献，随着社会主义市场经济体制改革的不断深化，广大人民群众的活力和能动性得到充分发挥，极大解放和发展了生产力。利用丰富的劳动力优势和广阔的市场优势，我们在全球价值链中的地位不断上升，人民日益增长的美好生活需要更加多样化、多元化。</p>\n\n<p class=\"text_align-justify text_indent-2em\" data-source=\"cke\">经济发展走到今天的阶段，经济社会领域的安全问题日益突出：一是供给侧领域，部分科技创新领域的“卡脖子”问题仍然没有得到充分解决，“受制于人”的难题和瓶颈还有待于全面突破。近年来，我国部分企业、部分领域遭受到一些国家的强力打压，便深刻体现出这一点。经济实现高质量发展，一定要确保核心技术牢牢掌握在自己手中。二是需求侧领域，仍然有部分产品或服务停留在相对较低的质量水平，只能解决“有没有”的问题，尚未解决“好不好”的问题，难以充分适应人民群众消费升级的总体趋势。一旦长期得不到充分解决，有可能会出现内需向外需转化，这显然不利于构建新发展格局以及内需市场的总体稳定安全。三是社会公平领域，不同社会群体的流动性水平趋于下降，一旦长期得不到解决，可能会引发一系列社会稳定和安全问题，影响经济社会向更高水平发展的动力和能力。保持适度的社会流动性水平，形成公平、正义、合理、有序的社会流动性格局，对更好地激发人民群众的劳动价值创造活力，促进经济社会发展更加有包容性，有着全局、深远的意义。</p>\n\n<p class=\"text_align-justify text_indent-2em\" data-source=\"cke\">上述问题的全面破解，最终依赖于全面深化改革，坚持统筹发展和安全的基本原则，扎实推动共同富裕，更加精准地激发不同领域、不同群体人民群众的劳动活力，让他们在各自岗位上充分发挥聪明才智，同时对社会弱势群体的基本生存和发展权利充分保障。在发展中实现总体安全、在安全中夯实发展基础和能力。从这一点来说，激发活力和维护社会公平正义是共同富裕的“一体两翼”，统筹兼顾、顶层设计，既要从根本上夯实高质量发展能力、动力，又要确保经济社会安全。</p>\n\n<p class=\"text_align-justify text_indent-2em\" data-source=\"cke\"><strong data-source=\"cke\">二、推动共同富裕立足于构建高水平社会主义市场经济体制，更加激发市场活力</strong></p>\n\n<p class=\"text_align-justify text_indent-2em\" data-source=\"cke\">更大程度地调动广大人民群众的劳动创造活力和能动性，还是要依赖于构建高水平社会主义市场经济体制，充分发挥市场在资源配置中的决定性作用，为全体人民走向共同富裕之路奠定根本性体制保障，高质量发展之路就是激发市场活力之路。与之相适应的是，各级政府正确发挥积极性，也要以更好地构建高效规范、公平竞争的全国统一市场体系、降低制度性交易成本等方面作为核心导向，继续推动市场分工体系不断细化，全面提升各类生产要素的专业化水平，让各类生产要素、产品或服务在全国统一市场体系内自由流动、迸发活力。</p>\n\n<p class=\"text_align-justify text_indent-2em\" data-source=\"cke\">明晰政府与市场在推进共同富裕中的功能界限，合理确定政府在推动共同富裕中的支持方式、方法和最适程度。有为政府要求财政资源配置顺应高水平社会主义市场经济体制的内在要求和发展趋势。</p>\n\n<p class=\"text_align-justify text_indent-2em\" data-source=\"cke\">从宏观来看，坚持“全国一盘棋”，立足于优化整体国土空间开发分工布局，顺应人口等生产要素的工业化、城镇化布局，建立基于要素分布的财政资源配置动态调控体系，更加衔接、协调人口流入地和人口流出地之间的财政资源配置关系。同时，在推动基本公共服务均等化的基础上，构建与主体功能区相适应的更高标准的公共服务体系，既要降低基本公共服务的区域差异对生产要素自由流动的不利影响，又要发挥公共服务体系对提升区域分工、专业化水平中的引导功能。构建以扩大内需、增加就业和优化结构为导向的税收制度体系，强化筹集收入功能、弱化区域分配功能，后者由财政转移支付来替代，更加激励各级政府改善辖区营商环境、维护统一市场、激发市场活力。</p>\n\n<p class=\"text_align-justify text_indent-2em\" data-source=\"cke\">从微观来看，财政资源配置要瞄准构建全国统一市场体系的痛点、堵点，区分不同生命周期阶段、不同规模市场主体，分环节、分领域，精准、有效施策。税制体系方面，优化税制结构，全面巩固前期大规模减税降费的政策效果，进一步深化增值税等间接税改革，加快实施简并税率档次、减少优惠范围等政策措施，降低其对市场分工带来的抑制作用。</p>\n\n<p class=\"text_align-justify text_indent-2em\" data-source=\"cke\">随着数字经济等领域的快速发展，一批新产业、新业态、新模式蓬勃发展，数据成为新的生产要素，市场资源配置的空间和形态仍在拓展，从有形物理空间扩展到无形网络空间。激发人民群众的活力，推动共同富裕的抓手更加丰富，要求我们从推进数字基本公共服务均等化、提升数据分工体系建设等方面再谋划、再突破。</p>\n\n<p class=\"text_align-justify text_indent-2em\" data-source=\"cke\"><strong data-source=\"cke\">三、推动共同富裕还要坚持全面托底、适度保障，促进社会活力和社会公平正义有机结合</strong></p>\n\n<p class=\"text_align-justify text_indent-2em\" data-source=\"cke\">习近平总书记指出：“全面建成小康社会，一个也不能少；共同富裕路上，一个也不能掉队。”共同富裕要求每个社会成员都要充分享受经济社会发展带来的成果，都要充分获得参与经济社会发展的机会。</p>\n\n<p class=\"text_align-justify text_indent-2em\" data-source=\"cke\">进入新发展阶段后，各级政府都需要着力强化在促进社会公平中的功能作用。值得指出的是，激发社会活力和社会公平正义之间不是割裂的，而是有机统一的，两者是相辅相成、相互促进的关系。只有政府更加充分保障好广大人民群众的基本生存和发展权利，才能够让他们没有任何后顾之忧地去奋斗，参与市场资源配置过程，运用劳动来创造更大的价值。与此同时，激发每个社会成员的活力，才能为促进社会公平提供更加坚实的物质保障，才能让社会弱势群体享受更加充分的生存发展保障。</p>\n\n<p class=\"text_align-justify text_indent-2em\" data-source=\"cke\">因此，在政府更加有为地促进社会公平正义发挥作用时，要根据不同社会群体来精准施策，力求将社会活力和社会公平正义充分结合。对具有完全劳动能力的群体，要鼓励其自食其力，不断提升自身的劳动创造能力和技术技能水平，激发他们的奋斗活力，创造更加公平、公正的市场机会，让他们参与市场分工和专业化生产，财政支持以促进市场分工和就业支持作为主要手段，激发其劳动意愿、奋斗活力；对无劳动能力或无完全劳动能力的人群，财政要强调基本公共服务“托底”保障，根据经济发展水平及相关因素，更加合理地确定保障标准。税收制度方面，主要改革方向仍然是提高直接税比重，扩大直接税征收范围，提升直接税对全部财政收入的贡献度，显著增强直接税在收入分配领域的调控能力。</p>\n\n<p class=\"text_align-justify text_indent-2em\" data-source=\"cke\">此外，要看到随着数字经济的快速发展，社会公平领域出现了新问题、新特征，我们必须要在弥合数字鸿沟、提升人民群众数字能力等方面有所突破，而且要加大教育投入，让人民群众充分适应工业经济向数字经济转型升级的就业结构转换。</p>\n\n<p class=\"text_align-justify text_indent-2em\" data-source=\"cke\"><strong data-source=\"cke\">（作者单位：中国社会科学院财经战略研究院）</strong></p>\n\n<!--{img:0}-->\n');
INSERT INTO `article_content` VALUES (988350023973625314, '<p class=\"text_align-justify text_indent-2em\" data-source=\"cke\">7月30日，中共中央政治局召开会议指出，今年以来，在以习近平同志为核心的党中央坚强领导下，我们统筹国内国际两个大局、统筹疫情防控和经济社会发展，有效实施宏观政策，经济持续稳定恢复、稳中向好，科技自立自强积极推进，改革开放力度加大，民生得到有效保障，高质量发展取得新成效，社会大局保持稳定。我们要把思想和行动统一到党中央关于当前经济形势的分析判断和决策部署上来，不断巩固经济恢复成效，持续增强发展韧性。</p>\n\n<p class=\"text_align-justify text_indent-2em\" data-source=\"cke\"><strong data-source=\"cke\">经济运行保持在合理区间</strong></p>\n\n<p class=\"text_align-justify text_indent-2em\" data-source=\"cke\">今年以来，我国宏观政策保持连续性、稳定性和可持续性，积极的财政政策提质增效、更可持续，稳健的货币政策灵活精准、合理适度，就业优先政策持续强化、取得预期成效，经济增长、就业、物价、居民收入、国际收支等主要宏观指标处于合理区间。</p>\n\n<p class=\"text_align-justify text_indent-2em\" data-source=\"cke\"><strong data-source=\"cke\">经济稳定增长。</strong>受去年同期基数抬升影响，上半年经济同比增速按季度有所回落，但环比延续扩张势头，两年平均增速有所加快。初步核算，上半年国内生产总值同比增长12.7%，高于6%以上的预期目标。其中，二季度同比增长7.9%，环比增长1.3%，比一季度加快0.9个百分点；两年平均增长5.5%，加快0.5个百分点。</p>\n\n<p class=\"text_align-justify text_indent-2em\" data-source=\"cke\"><strong data-source=\"cke\">就业形势总体稳定。</strong>就业是民生之本，就业稳则经济稳。上半年，全国城镇调查失业率均值为5.2%，低于5.5%左右的预期目标；城镇新增就业698万人，完成全年目标任务的63.5%。二季度末，外出务工农村劳动力18233万人，基本恢复至疫情前水平。</p>\n\n<p class=\"text_align-justify text_indent-2em\" data-source=\"cke\"><strong data-source=\"cke\">消费价格涨势温和。</strong>夏收粮油再获丰收，生猪产能持续恢复，工业服务业生产增加，重要民生商品供给充足，促进了居民消费价格稳定。上半年，居民消费价格同比上涨0.5%，低于3%左右的预期目标。</p>\n\n<p class=\"text_align-justify text_indent-2em\" data-source=\"cke\"><strong data-source=\"cke\">居民收入恢复性增长。</strong>经济恢复促进了就业增加，带动了居民增收。上半年，全国居民人均可支配收入同比实际增长12.0%；两年平均增长5.2%，比一季度加快0.7个百分点，居民收入增长与经济增长基本同步。</p>\n\n<p class=\"text_align-justify text_indent-2em\" data-source=\"cke\"><strong data-source=\"cke\">国际收支继续改善。</strong>外贸韧性持续显现。上半年，货物进出口顺差16336亿元，同比增长40.6%。1至5月份，服务进出口逆差1145亿元，同比收窄67.3%。外汇储备稳中有升。6月末，外汇储备余额32140亿美元，保持在3万亿美元以上。</p>\n\n<p class=\"text_align-justify text_indent-2em\" data-source=\"cke\"><strong data-source=\"cke\">推动高质量发展取得新进展</strong></p>\n\n<p class=\"text_align-justify text_indent-2em\" data-source=\"cke\">我国经济已由高速增长阶段转向高质量发展阶段。上半年，全国上下坚持把新发展理念贯穿发展全过程和各领域，着力推动质量变革、效率变革、动力变革，高质量发展取得积极成效。</p>\n\n<p class=\"text_align-justify text_indent-2em\" data-source=\"cke\"><strong data-source=\"cke\">创新第一动力持续增强。</strong>重大创新成果竞相涌现。“天问一号”探测器成功着陆火星，空间站“天和”核心舱、“天舟二号”货运飞船、“神州十二号”载人飞船发射成功并完成对接，“华龙一号”自主三代核电机组投入商业运行。新产业新业态新模式蓬勃发展。上半年，规模以上高技术制造业增加值同比增长22.6%，快于全部规模以上工业6.7个百分点；信息传输、软件和信息技术服务业增加值增长20.3%，快于整体经济增长7.6个百分点；实物商品网上零售额占社会消费品零售总额比重达23.7%。</p>\n\n<p class=\"text_align-justify text_indent-2em\" data-source=\"cke\"><strong data-source=\"cke\">协调内生特点日益凸显。</strong>需求结构继续改善。上半年，最终消费支出增长对经济增长贡献率为61.7%，比一季度提高8.2个百分点。产业结构调整优化。上半年，制造业增加值占国内生产总值比重为27.9%，比上年同期提高1.3个百分点；服务业增加值占国内生产总值比重为55.7%，服务业增长对经济增长贡献率达53.0%。城乡区域发展协调性增强。上半年，城乡居民人均可支配收入之比为2.61，比上年同期缩小0.07；中部、西部、东北地区固定资产投资同比分别增长22.3%、11.4%、11.8%，均快于东部地区。</p>\n\n<p class=\"text_align-justify text_indent-2em\" data-source=\"cke\"><strong data-source=\"cke\">产业发展加快向绿色转型。</strong>能源结构调整持续推进。初步核算，上半年单位GDP能耗同比下降2.0%，清洁能源消费比重提高0.4个百分点。环境质量总体改善。上半年，全国339个地级及以上城市PM2.5平均浓度同比下降2.9%；3641个国家地表水考核断面中，水质优良（Ⅰ—Ⅲ类）断面比例为81.7%，提高1.1个百分点。</p>\n\n<p class=\"text_align-justify text_indent-2em\" data-source=\"cke\"><strong data-source=\"cke\">对外开放进一步扩大。</strong>广阔的市场空间和不断优化的营商环境，使我国继续成为外商投资的热土。上半年，我国实际使用外资6078亿元，同比增长28.7%。21个自由贸易试验区先行先试不断取得新进展，海南自由贸易港建设加快推进。“一带一路”高质量发展扎实推进。上半年，我国对“一带一路”沿线国家进出口额同比增长27.5%，比外贸整体增速高0.4个百分点。中欧班列跑出互利共赢“加速度”，上半年开行量同比增长43%，彰显了共建“一带一路”的强大生命力。</p>\n\n<p class=\"text_align-justify text_indent-2em\" data-source=\"cke\"><strong data-source=\"cke\">人民群众获得感增强。</strong>重点群体收入持续提高。上半年，规模以上企业就业人员平均工资同比增长11.8%。二季度，外出务工农村劳动力月均收入同比增长17.6%。“菜篮子”商品价格稳中有降。上半年，食品价格同比下降0.2%。社会保障覆盖面进一步扩大。目前，我国基本医疗保险覆盖超13.5亿人，基本养老保险覆盖超10.1亿人。</p>\n\n<p class=\"text_align-justify text_indent-2em\" data-source=\"cke\"><strong data-source=\"cke\">供给侧结构性改革深入推进</strong></p>\n\n<p class=\"text_align-justify text_indent-2em\" data-source=\"cke\">深化供给侧结构性改革是“十四五”时期发展的主线，也是今年工作的重要任务。面对经济恢复进程不平衡等问题，各地区各部门深化“放管服”、国有企业、财税、金融等重点改革，加大经济结构调整力度，在巩固、增强、提升、畅通上下功夫，以高质量供给引领创造新需求，有力促进了实体经济发展，增强了发展的内生动力。</p>\n\n<p class=\"text_align-justify text_indent-2em\" data-source=\"cke\"><strong data-source=\"cke\">产业发展稳中向好。</strong>农业基础继续巩固。上半年，第一产业增加值同比增长7.8%，两年平均增长4.3%，比一季度加快2.0个百分点。工业稳定增长。上半年，规模以上工业增加值同比增长15.9%，两年平均增长7.0%，略高于疫情前增长水平。服务业发展加快。上半年，服务业增加值同比增长11.8%，两年平均增长4.9%，比一季度加快0.2个百分点。</p>\n\n<p class=\"text_align-justify text_indent-2em\" data-source=\"cke\"><strong data-source=\"cke\">“三去一降一补”成果继续巩固。</strong>产能利用率水平上升。二季度，全国工业产能利用率为78.4%，处于近年来较高水平。企业资产负债率下降。5月末，规模以上工业企业资产负债率为56.3%，比上年同期下降0.6个百分点。企业单位营收成本下降。1—5月份，规模以上工业企业每百元营业收入中的成本为83.48元，比上年同期减少1.24元。补短板成效突出。上半年，社会领域、生态保护和环境治理业投资同比分别增长16.4%、16.9%，两年平均分别增长10.7%、7.4%。</p>\n\n<p class=\"text_align-justify text_indent-2em\" data-source=\"cke\"><strong data-source=\"cke\">微观主体活力持续增强。</strong>上半年，日均新设市场主体同比增长超过25%。6月末，全国法人单位数首次突破3000万个，达到3039.1万个，同比增长16.6%。上半年，规模以上国有控股企业效益大幅增长；规模以上私营工业企业增加值同比增长18.3%，快于全部规模以上工业2.4个百分点；民间投资占全部投资比重达57.8%，比上年同期提高1.4个百分点；民营企业进出口额同比增长35.1%，占进出口总额比重为47.8%，比上年同期提高2.8个百分点。</p>\n\n<p class=\"text_align-justify text_indent-2em\" data-source=\"cke\"><strong data-source=\"cke\">产业链水平不断提升。</strong>新产业集群培育成长。上半年，高技术产业投资同比增长23.5%，两年平均增长14.6%，明显快于全部投资。其中，航空航天器及设备制造业、计算机及办公设备制造业、电子及通信设备制造业投资同比分别增长56.4%、47.5%、29.9%。</p>\n\n<p class=\"text_align-justify text_indent-2em\" data-source=\"cke\"><strong data-source=\"cke\">构建新发展格局稳步开局</strong></p>\n\n<p class=\"text_align-justify text_indent-2em\" data-source=\"cke\">今年是构建新发展格局的起步之年。面对全球疫情蔓延和国内经济恢复基础尚不牢固的环境，各方面立足超大规模国内市场，积极推动国际合作，畅通内外经济循环，发展韧性进一步增强。</p>\n\n<p class=\"text_align-justify text_indent-2em\" data-source=\"cke\"><strong data-source=\"cke\">生产分配流通消费日益改善。</strong>生产领域恢复常态。上半年，41个工业大类行业中，有39个行业增加值同比实现增长，其中29个行业实现两位数增长。分配领域利润和收入大幅增长。1—6月份，规模以上工业企业利润同比增长66.9%，两年平均增长20.6%；上半年，全国一般公共预算收入同比增长21.8%。流通领域日益活跃。上半年，限额以上单位18个商品类别零售额同比增速均超过10%，其中七成以上商品类别同比增速超过20%；货运量、客运量、邮政业务总量同比分别增长24.6%、11.1%、34.4%。消费领域逐步恢复。上半年，全国居民八大类消费支出两年平均名义增速全部实现正增长。</p>\n\n<p class=\"text_align-justify text_indent-2em\" data-source=\"cke\"><strong data-source=\"cke\">国内大循环主体作用增强。</strong>坚持扩大内需这个战略基点，国内循环在经济发展中的带动作用明显。上半年，社会消费品零售总额、固定资产投资同比分别增长23.0%、12.6%，两年平均分别增长4.4%、4.4%，分别比一季度加快0.2、1.5个百分点；内需增长对经济增长的贡献率为80.9%。</p>\n\n<p class=\"text_align-justify text_indent-2em\" data-source=\"cke\"><strong data-source=\"cke\">国内国际循环相互促进。</strong>立足国内大循环，内需扩大拉动了进口；加强贸易强国建设，外需拓展促进了出口，外贸发展量增质升。上半年，货物进出口总额同比增长27.1%，两年平均增长10.8%；其中，进口额、出口额同比分别增长25.9%、28.1%，实现了量的快速增长。同时，一般贸易进出口额同比增长30.7%，占进出口总额比重升至61.9%，反映了结构更加合理。</p>\n\n<p class=\"text_align-justify text_indent-2em\" data-source=\"cke\"><strong data-source=\"cke\">安全发展得到保障。</strong>粮食安全得到有效保障。今年夏粮总产量2916亿斤，比上年增产59亿斤，再创历史新高。能源供应基本稳定。初步核算，上半年一次能源生产总量同比增长6.8%，原煤、原油、天然气、电力都实现了增产。产业链供应链自主可控能力提升。上半年，集成电路、光电子器件、电子元件、工业机器人产量同比分别增长48.1%、41.7%、39.9%、69.8%，其中集成电路产量达到1712亿块。</p>\n\n<p class=\"text_align-justify text_indent-2em\" data-source=\"cke\">在充分肯定成绩的同时，必须清醒认识到，全球疫情仍在持续演变，外部环境更趋复杂严峻，国内经济恢复仍然不稳固、不均衡，内需增长动能偏弱，部分行业企业生产经营有所分化，就业结构性矛盾仍较突出，恢复中又出现一些新情况新问题，需要高度关注、推动解决。我们要深入学习贯彻习近平总书记“七一”重要讲话精神，认真贯彻党中央、国务院决策部署，坚持稳中求进工作总基调，完整、准确、全面贯彻新发展理念，深化供给侧结构性改革，加快构建新发展格局，推动高质量发展，确保完成全年发展主要目标任务，促进我国经济行稳致远。</p>\n\n<p class=\"text_align-justify text_indent-2em\" data-source=\"cke\"><strong data-source=\"cke\">（作者为国家发展改革委副主任兼国家统计局局长、党组书记）</strong></p>\n\n<!--{img:0}-->\n');
INSERT INTO `article_content` VALUES (988350023973625315, '<p class=\"text_align-justify text_indent-2em\" data-source=\"cke\">加快构建新发展格局，是以习近平同志为核心的党中央根据我国发展阶段、环境、条件变化作出的战略决策，是事关全局的系统性深层次变革。习近平总书记在庆祝中国共产党成立100周年大会上的重要讲话中强调：“立足新发展阶段，完整、准确、全面贯彻新发展理念，构建新发展格局，推动高质量发展”。构建新发展格局的关键在于经济循环的畅通无阻，这就要求我们必须坚持深化供给侧结构性改革这条主线，继续完成“三去一降一补”的重要任务，全面优化升级产业结构，提升创新能力、竞争力和综合实力。</p>\n\n<p class=\"text_align-justify text_indent-2em\" data-source=\"cke\"><strong data-source=\"cke\">巩固“三去一降一补”成果。</strong>新时代，我国经济已由高速增长阶段转向高质量发展阶段，继续发展具有多方面优势和条件。同时，我国发展不平衡不充分问题仍然突出，经济发展正处在转变发展方式、优化经济结构、转换增长动力的攻关期，面临结构性、体制性、周期性问题交织叠加的困难和挑战。这要求我们继续推动更多产能过剩行业加快出清，淘汰关停环保、能耗、安全、质量等方面不达标的企业，减少无效和低端供给，扩大有效和中高端供给；落实和完善减税降费政策，清理规范各类涉企收费，降低全社会各类营商成本，有效减轻企业负担；着眼于既促消费惠民生、又调结构增后劲，加大新型基础设施等领域补短板力度。</p>\n\n<p class=\"text_align-justify text_indent-2em\" data-source=\"cke\"><strong data-source=\"cke\">提升自主创新能力。</strong>当前，我国经济发展环境出现变化，旧的生产函数组合方式难以持续，科学技术的重要性全面上升。同时，我国产业总体上还处于国际产业链、价值链中低端，高端供给短板明显，创新能力还不适应高质量发展要求。只有把关键核心技术牢牢掌握在自己手里，才能建立起安全稳定的产业链、供应链，筑牢构建新发展格局的根基；才能把握发展主动权，维护国家安全和发展利益。我国拥有1.7亿多受过高等教育或拥有各类专业技能的人才，拥有集中力量办大事的社会主义制度优势，完全有条件将技术优势、人才优势、制度优势有机结合起来，推动自主创新能力整体跃升，促进科技与经济深度融合，提升高端供给能力，进而在全球产业链、价值链分工中占据主动地位，引领我国产业发展向中高端迈进。</p>\n\n<p class=\"text_align-justify text_indent-2em\" data-source=\"cke\"><strong data-source=\"cke\">进一步深化对外开放。</strong>积极用好国际国内两个市场、两种资源，将为进一步深化供给侧结构性改革创造良好条件。一方面，加大同“一带一路”参与国家和地区的产能合作，有利于促进资源要素全球化配置，同时为我国产业升级腾挪出更大空间。另一方面，充分发挥自由贸易试验区、经济特区等对外开放前沿高地的作用，充分利用我国产业链完整、市场规模巨大等方面的优势，能够形成对全球要素资源的强大吸引力，推动供给侧结构性改革进一步深化，为我国产业升级创造有利条件。</p>\n\n<p class=\"text_align-justify text_indent-2em\" data-source=\"cke\">在深化供给侧结构性改革的同时，也要注重需求侧管理，坚定实施扩大内需战略。内需是我国经济发展的基本动力，扩大内需是构建新发展格局的战略基点。我国拥有全球最大规模的中等收入群体，消费升级方兴未艾，城镇化进程进一步加快，正在成长为全球最大的消费市场。健全扩大内需的有效制度，加快培育完整内需体系，同时在拓展时尚消费、定制消费、信息消费、智能消费等新兴消费方面下功夫，有利于使生产、分配、流通、消费更多依托国内市场，形成需求牵引供给、供给创造需求的更高水平动态平衡。</p>\n\n<p class=\"text_align-justify text_indent-2em\" data-source=\"cke\"><strong data-source=\"cke\">（作者单位：武汉大学经济与管理学院）</strong></p>\n\n<!--{img:0}-->\n');
INSERT INTO `article_content` VALUES (988350023973625316, '<p class=\"text_align-justify text_indent-2em\" data-source=\"cke\">新一轮科技革命和产业变革方兴未艾，新一代信息技术与制造业加速融合，深刻改变了制造业国际竞争的资源基础和比较优势，重塑了全球价值链的制造环节，进而带动全球价值链的深度调整，国际产业竞争格局也迎来重大变革。全球价值链的调整对我国制造业的转型升级形成重大挑战，同时也提供了重大历史机遇。在此大背景下，从新一代信息技术与制造业深度融合的角度出发，研究新一代信息技术驱动下全球价值链调整的内在逻辑及其对我国制造业的深刻影响十分重要。</p>\n\n<p class=\"text_align-justify text_indent-2em\" data-source=\"cke\"><strong data-source=\"cke\">调整——源于新技术的强力驱动</strong></p>\n\n<p class=\"text_align-justify text_indent-2em\" data-source=\"cke\">长期以来，离岸外包是全球价值链分工的典型标志，跨国公司将产品或服务的生产工序划分为多个环节，以中间产品的形式外包给不同国家的企业，通过整合全球各地最具有比较优势的专业化资源，达到利润最大化的目标。然而，在新一代信息技术的驱动下，以价值链不同环节高度分离、中间产品离岸外包和垂直专业化分工等为特征的全球价值链正在发生变化。</p>\n\n<p class=\"text_align-justify text_indent-2em\" data-source=\"cke\">一方面，制造环节在全球价值链的相对地位正在提升。随着技术经济范式发生转换，制造业发展和全球价值链分工也发生剧变。新一代信息技术与制造业的深度融合催生了以智能制造为代表的新型制造技术，彻底改变了制造环节的产品、过程、装备、模式、业态等，重构了全球价值链中制造环节的创新功能、增值能力和要素投入，进而提高了制造环节在全球价值链中的地位。</p>\n\n<p class=\"text_align-justify text_indent-2em\" data-source=\"cke\">制造环节的创新功能更为凸显。随着数字技术和制造技术的融合，全过程数字制造技术日益成熟，研发、设计和制造走向高度一体化，传统的“线性”创新过程转变为“并行”创新过程，制造直接成为创新的一部分。特别是数字制造技术的兴起使制造环节在全球价值链中的创新功能被重新审视。</p>\n\n<p class=\"text_align-justify text_indent-2em\" data-source=\"cke\">制造环节的增值能力显著增强。新一代信息技术与制造业深度融合催生出大量新型制造技术，制造环节被赋予了更丰富的内涵和外延，劳动生产率和产品附加值率有了飞跃式提升，其价值增值能力与传统制造技术相比已经不可同日而语。</p>\n\n<p class=\"text_align-justify text_indent-2em\" data-source=\"cke\">制造环节的要素投入不断升级。智能制造使数据成为制造环节重要的生产要素，要素投入的高级化促使制造环节的知识、技术和资本密集度提升，劳动密集度则在降低。</p>\n\n<p class=\"text_align-justify text_indent-2em\" data-source=\"cke\">另一方面，发达国家对全球价值链制造环节的参与程度有所提高。新型制造技术的突破重塑了传统制造环节，导致制造环节竞争优势的来源发生重大变化，发达国家得以重构本国的制造业竞争优势。随之而来的是，发达国家外包或转移制造环节的经济动机被削弱，很多国家开始重新重视制造环节，并开始有计划地推动制造业回流，不断提升制造业对全球价值链制造环节的参与程度，全球价值链分工格局面临调整。</p>\n\n<p class=\"text_align-justify text_indent-2em\" data-source=\"cke\">智能制造在重构发达国家制造业的竞争优势。传统制造环节密集使用劳动要素，低劳动成本是发展中国家布局制造环节的重要比较优势。随着智能制造技术的广泛应用，智能设备替代低技能劳动，使得制造环节对劳动成本的敏感度大大降低，这将严重削弱凭借低劳动成本优势参与国际分工的发展中国家的竞争力。相反，对发达国家而言，智能制造则在一定程度上抵消了这些国家劳动力人口增长缓慢的劣势，发达国家可以使用先进的人工智能技术从事模仿和学习活动，从而让研发人员专注于发明和创新活动。在这一背景下，发达国家不仅可以在产品创新和品牌营销方面抑制后发国家的追赶，而且能够利用具有更高生产效率的制造环节直接打击后发国家的原有优势，后发国家原来的产业赶超路径有可能被封堵。</p>\n\n<p class=\"text_align-justify text_indent-2em\" data-source=\"cke\">制造业回流发达国家的趋势渐强。新型制造技术推动制造环节在全球价值链中的相对地位上升，并重构了发达国家在制造环节的竞争优势，使发达国家萌生了将制造环节本地化的经济动机。近年来，发达国家纷纷出台以发展智能制造为核心的“再工业化”战略，将其在资本、技术、市场、品牌、网络、人力资源等方面长期积累的优势与新型制造技术有机结合，促进制造业全面振兴，进而抢占新产业发展的制高点。</p>\n\n<p class=\"text_align-justify text_indent-2em\" data-source=\"cke\"><strong data-source=\"cke\">影响——价值链攀升的机遇与挑战</strong></p>\n\n<p class=\"text_align-justify text_indent-2em\" data-source=\"cke\">我国是全球价值链分工的重要参与者、贡献者和受益者。依托低成本比较优势，我国在全球价值链中的制造环节具有显著优势，在研发、设计、销售、品牌和售后环节则相对薄弱，向全球价值链两端延伸是提升我国制造业国际竞争力的重要方向。在新一代信息技术驱动下，制造环节在全球价值链中的地位提升，发达国家对制造环节的参与程度提升，这些都对我国制造业发展产生重大影响。</p>\n\n<p class=\"text_align-justify text_indent-2em\" data-source=\"cke\">全球价值链调整带来外部环境恶化的严峻挑战。随着我国制造业向全球价值链中高端攀升和发达国家制造业回流趋势渐强，我国具有竞争力的高技术产业和产品与发达国家的重叠度进一步提高，我国与发达国家的产业关系由产业链、价值链上下游的分工协作关系逐步转变为同一产业链、价值链环节的正面竞争关系。可以说，我国制造业继续向全球价值链中高端攀升必将面临来自外部环境变化的挑战。“两端挤压”的国际竞争环境、更加复杂多变的全球贸易环境等，都是我们需要高度关注的问题。</p>\n\n<p class=\"text_align-justify text_indent-2em\" data-source=\"cke\">全球价值链调整同样给我国制造业向价值链中高端攀升带来了历史机遇。一方面，我国制造业迎来“换道超车”的机遇。以智能制造为代表的新型制造技术是具有颠覆性的创新成果，其发展成熟及商业化应用催生了大量新产品、新模式和新业态，最终将形成一批新兴产业，成为制造业转型升级的强大动能。特别是在新型制造技术催生的新兴产业领域，后发国家与发达国家处于大致相同的起跑线上，这为后发国家提供了“换道超车”的机遇。凭借良好的制造能力和信息产业基础，我国制造业有望在新一代信息技术、高端装备制造、新能源、新材料等领域率先实现向全球价值链中高端攀升，并带动传统产业升级。另一方面，这一情况或将倒逼我国加快实现高技术产品的进口替代。近年来，全球供应链的演进方向正在发生变化，各国都高度重视供应链安全并实施相应的战略举措，如何实现高技术产品的进口替代成为一个重要课题。在此背景下，依托进口替代强化国内供应链体系，也将显著增强我国的供应链优势和高技术产业的竞争力。</p>\n\n<p class=\"text_align-justify text_indent-2em\" data-source=\"cke\"><strong data-source=\"cke\">趋势——新技术与制造业深度融合</strong></p>\n\n<p class=\"text_align-justify text_indent-2em\" data-source=\"cke\">在内部传统要素禀赋优势减弱和外部环境发生复杂变化的形势下，我国制造业需要把握新一代信息技术与制造业深度融合的历史性机遇，顺应新型制造技术发展的大趋势，重塑参与全球价值链分工的竞争优势，推动制造业持续转型升级。</p>\n\n<p class=\"text_align-justify text_indent-2em\" data-source=\"cke\">一是谨防过早“去工业化”。在全球价值链调整引发的不利外部环境下，我国制造业需顶住多重压力，坚定工业化道路，不能在“两端挤压”的国际竞争下过早“去工业化”。“制造大国”“大而不强”依然是对当前我国制造业的阶段性评价，我们需进一步深化工业化进程，将制造业作为现代产业体系的首要支柱，化解“虚实”经济结构失衡，避免因过早“去工业化”造成工业化进程出现曲折。</p>\n\n<p class=\"text_align-justify text_indent-2em\" data-source=\"cke\">二是坚持高水平对外开放。历史经验证明，我国只有通过深度参与国际分工和竞争，才能形成制造业的竞争优势。对此，应以更高水平的对外开放应对全球价值链的调整，推动贸易和投资的自由化、便利化。可考虑调整进口贸易政策，进一步削减中间产品的进口关税和增值税，为中间产品进口提供更多便利，发挥中间产品进口改善我国制造业在全球价值链分工地位的重要作用。同时，进一步放宽外资市场准入，完善负面清单管理，优化营商环境，引导外商投资企业参与智能制造、绿色制造、服务型制造等新兴领域的技术创新和产业化投资。</p>\n\n<p class=\"text_align-justify text_indent-2em\" data-source=\"cke\">三是提升新一代信息技术与制造业的融合创新能力。在各国围绕新一代信息技术的竞争日趋激烈的背景下，需引导和鼓励制造业企业在研发设计、加工制造、品牌营销、售后服务等环节积极应用新一代信息技术，推动制造业向价值链高端的跃升。支持制造业企业充分利用新一代信息技术推进生产过程的信息化，用好数字化、智能化设计系统，开展以用户为中心的个性化定制和按需生产，支持制造业企业发展服务型制造，推动企业由制造向“制造+服务”转型升级。</p>\n\n<p class=\"text_align-justify text_indent-2em\" data-source=\"cke\">四是继续深入挖掘内需潜力。以国内需求为战略支点，充分挖掘超大规模市场优势对制造业价值链攀升的引领作用，利用消费升级机遇引导制造业企业提升自主创新能力和品牌建设，为制造业高质量发展提供持续动能。</p>\n\n<p class=\"text_align-justify text_indent-2em\" data-source=\"cke\">五是大力发展生产性服务业。当前，全球价值链分工正在由制造业领域向服务业领域延伸，制造业服务化通过生产率提升、创新激励，以及实现范围经济、规模经济等效应，提升我国制造业企业在全球价值链分工中的参与程度和分工地位，显著提高企业出口的产品质量和技术复杂度。需要看到，生产性服务业集聚对制造业向全球价值链中高端跃升的作用尤为突出，对此，需通过深化生产性服务业对外开放助推现代高端服务业发展，增加制造业生产中的服务要素投入，加快推进制造业服务化进程。</p>\n\n<p class=\"text_align-justify text_indent-2em\" data-source=\"cke\">六是深度参与全球经济治理。我国在嵌入全球价值链的同时，应积极打造价值链并引领其发展，以应对全球价值链演进放缓的势头，为我国制造业向价值链中高端攀升打开新空间。现实地看，包容性的全球发展符合各国利益，塑造以我为主的包容性全球价值链是顺应全球化趋势的重要选择，可以为“一带一路”沿线国家提供更多融入全球价值链分工体系的通道，构建起合作共赢、联动发展的全球经济生态。</p>\n\n<p class=\"text_align-justify text_indent-2em\" data-source=\"cke\"><strong data-source=\"cke\">（作者单位：中国社会科学院工业经济研究所）</strong></p>\n\n<!--{img:0}-->\n');
INSERT INTO `article_content` VALUES (988350023973625317, '<p class=\"text_align-justify text_indent-2em\" data-source=\"cke\">习近平总书记在庆祝中国共产党成立100周年大会上庄严宣告：“经过全党全国各族人民持续奋斗，我们实现了第一个百年奋斗目标，在中华大地上全面建成了小康社会，历史性地解决了绝对贫困问题，正在意气风发向着全面建成社会主义现代化强国的第二个百年奋斗目标迈进。”全面建成小康社会，是中华民族的伟大光荣，是中国人民的伟大光荣，是中国共产党的伟大光荣。千百年来中华民族孜孜以求的小康梦想在中国共产党成立100周年时成为现实，标志着我们党在团结带领人民创造美好生活、实现共同富裕的道路上迈出了坚实的一大步。</p>\n\n<p class=\"text_align-justify text_indent-2em\" data-source=\"cke\">全面建成小康社会，是我们党向人民、向历史作出的庄严承诺，是14亿多中国人民的共同期盼。习近平总书记指出：“到建党100周年时，全面建成惠及十几亿人口的更高水平的小康社会，是我们党进入新世纪后，在基本建成小康社会基础上提出的奋斗目标，是对人民的庄严承诺。”“小康”出自《礼记·礼运》，是中华民族自古以来追求的理想社会状态，使用“小康”这个概念来确立中国的发展目标，既符合中国发展实际，也容易得到最广大人民理解和支持。自改革开放之初党中央提出小康社会的战略构想以来，我们党团结带领人民接续奋斗，在二十世纪末实现了总体小康。进入新世纪，党的十六大提出，要在本世纪头二十年，全面建设惠及十几亿人口的更高水平的小康社会。党的十八大根据国内外形势新变化，顺应我国经济社会新发展和广大人民群众新期待，提出了更具明确政策导向、更加针对发展难题、更好顺应人民意愿的全面建成小康社会新要求。党的十八大以来，中国特色社会主义进入新时代，我们坚持和加强党的全面领导，统筹推进“五位一体”总体布局、协调推进“四个全面”战略布局，坚持和完善中国特色社会主义制度、推进国家治理体系和治理能力现代化，坚持依规治党、形成比较完善的党内法规体系，战胜一系列重大风险挑战，如期全面建成小康社会，向人民、向历史交出了一份优异答卷。千百年来中华民族孜孜以求的小康梦想成为现实，中华民族伟大复兴向前迈出新的一大步。</p>\n\n<p class=\"text_align-justify text_indent-2em\" data-source=\"cke\">全面建成小康社会，得到人民认可、经得起历史检验。小康不小康，关键看老乡，关键在贫困的老乡能不能脱贫。改革开放以来，我国总计有7.7亿农村贫困人口摆脱贫困，减贫人口占同期全球减贫人口70%以上，创造了减贫治理的中国样本。特别是党的十八大以来，以习近平同志为核心的党中央把脱贫攻坚摆在治国理政的突出位置，把脱贫攻坚作为全面建成小康社会的底线任务，组织开展了声势浩大的脱贫攻坚人民战争。即使是面对新冠肺炎疫情冲击和世界经济陷入严重衰退，也坚持以更大决心、更强力度推进脱贫攻坚，如期完成脱贫攻坚目标任务。在打赢脱贫攻坚战的过程中，习近平总书记先后7次主持召开中央扶贫工作座谈会，50多次调研扶贫工作，走遍14个集中连片特困地区，了解真扶贫、扶真贫、脱真贫的实际情况。经过全党全国各族人民共同努力，我国脱贫攻坚战取得了全面胜利，现行标准下9899万农村贫困人口全部脱贫，832个贫困县全部摘帽，12.8万个贫困村全部出列，区域性整体贫困得到解决，完成了消除绝对贫困的艰巨任务，创造了又一个彪炳史册的人间奇迹。脱贫攻坚战的全面胜利，彰显了全面建成小康社会的成色和底色，人民群众获得感、幸福感、安全感显著提升。</p>\n\n<p class=\"text_align-justify text_indent-2em\" data-source=\"cke\">全面建成小康社会，使我国综合国力迈上一个新台阶，极大提升了我们实现中华民族伟大复兴中国梦的能力和信心。2020年，我国GDP突破100万亿元大关；人均GDP连续两年超过1万美元，稳居中等偏上收入国家行列，让世界上人均GDP超过1万美元的人口翻了一番。全面建成小康社会，既是我们党团结带领中国人民百年奋斗的伟大成果，也是向第二个百年奋斗目标进军的新的历史起点。今天，我们党团结带领中国人民开启了全面建设社会主义现代化国家新征程，踏上了实现第二个百年奋斗目标新的赶考之路。新的征程上，我们要始终把满足人民对美好生活的新期待作为发展的出发点和落脚点，团结带领中国人民不断为美好生活而奋斗，紧紧依靠人民创造历史。我们要统筹中华民族伟大复兴战略全局和世界百年未有之大变局，深刻认识我国社会主要矛盾变化带来的新特征新要求，立足新发展阶段，完整、准确、全面贯彻新发展理念，构建新发展格局，推动高质量发展，推动人的全面发展、全体人民共同富裕取得更为明显的实质性进展，不断创造新的历史伟业。</p>\n\n<p class=\"text_align-justify text_indent-2em\" data-source=\"cke\"><strong data-source=\"cke\">（作者为清华大学马克思主义学院院长）</strong></p>\n\n<!--{img:0}-->\n');
INSERT INTO `article_content` VALUES (988350023973625318, '<p class=\"text_align-justify text_indent-2em\" data-source=\"cke\">“以史为鉴、开创未来，必须坚持中国共产党坚强领导”，深刻揭示了实现中华民族伟大复兴进入了不可逆转的历史进程的根本原因，深刻阐明了实现全面建成社会主义现代化强国的第二个百年奋斗目标、实现中华民族伟大复兴中国梦的根本要求。</p>\n\n<p class=\"text_align-justify text_indent-2em\" data-source=\"cke\">没有中国共产党，就没有新中国，就没有中华民族伟大复兴，这一历史结论是被中华民族近代以来一百八十多年的历史、中国共产党成立以来一百年的历史、中华人民共和国成立以来七十多年的历史所充分证明了的。从1921年到2021年，中国共产党谱写了矢志践行初心使命的壮丽史诗，团结带领中国人民创造了新民主主义革命的伟大成就、社会主义革命和建设的伟大成就、改革开放和社会主义现代化建设的伟大成就、新时代中国特色社会主义的伟大成就。从山河破碎到江山如画，从饱受欺凌到自信自强，从衰败凋零到欣欣向荣，一百年来，中国共产党团结带领中国人民为实现中华民族伟大复兴不懈奋斗，中华民族迎来了从站起来、富起来到强起来的伟大飞跃，实现中华民族伟大复兴进入了不可逆转的历史进程。历史和现实充分证明：有中国共产党坚强领导，是中国人民之幸、中华民族之幸；坚持中国共产党的领导，是历史的选择、人民的选择，是办好中国的事情的根本政治保证。</p>\n\n<p class=\"text_align-justify text_indent-2em\" data-source=\"cke\">从中国共产党的百年奋斗中，我们可以看清楚过去我们为什么能够成功，其中最根本的一条就是始终坚持党的坚强领导，这是我们党百年来积累的宝贵经验。毛泽东同志在革命战争年代就提出：“要取得中国民主革命的胜利，必须要有共产党的领导。”邓小平同志强调：“从根本上说，没有党的领导，就没有现代中国的一切。”党的十三大提出，要“总揽全局，真正发挥协调各方的作用”。党的十六大修改党章时，在对党的领导的基本要求中增加了“党必须按照总揽全局、协调各方的原则，在同级各种组织中发挥领导核心作用”。党的十八大以来，以习近平同志为核心的党中央高度重视坚持和加强党的全面领导。习近平总书记强调：“党政军民学、东西南北中，党是领导一切的”。党的十九届四中全会《决定》提出：“健全总揽全局、协调各方的党的领导制度体系”。坚持中国共产党坚强领导，是科学社会主义的基本原则，是历史和人民的必然选择，是党和国家的根本所在、命脉所在，是全国各族人民的利益所系、命运所系。</p>\n\n<p class=\"text_align-justify text_indent-2em\" data-source=\"cke\">没有党的领导，民族复兴必然是空想。坚持中国共产党坚强领导，是过去我们为什么能够成功的根本原因，也是未来我们能够继续成功的根本保证，必须一以贯之、毫不动摇。一百年前，一群新青年高举马克思主义思想火炬，在风雨如晦的中国苦苦探寻民族复兴的前途，成立了中国共产党；一百年后，中国共产党已经成为拥有九千五百多万名党员、领导着十四亿多人口大国、具有重大全球影响力的世界第一大执政党。今天，我们比历史上任何时期都更接近、更有信心和能力实现中华民族伟大复兴的目标，我们的信心和能力从根本上说就是源自中国共产党坚强领导。我们实现了第一个百年奋斗目标，正在意气风发向着全面建成社会主义现代化强国的第二个百年奋斗目标迈进。面对复杂形势和艰巨任务，最根本的就是要坚持党的全面领导，不断完善党的领导，增强“四个意识”、坚定“四个自信”、做到“两个维护”，牢记“国之大者”，不断提高党科学执政、民主执政、依法执政水平，充分发挥党总揽全局、协调各方的领导核心作用。只要我们始终坚持中国共产党坚强领导，承载着亿万人民梦想的“中国号”巨轮必将劈波斩浪，胜利驶向光辉彼岸。</p>\n\n<p class=\"text_align-justify text_indent-2em\" data-source=\"cke\"><strong data-source=\"cke\">（作者为山东大学教授）</strong></p>\n\n<!--{img:0}-->\n');
INSERT INTO `article_content` VALUES (988350023973625319, '<p class=\"text_align-justify text_indent-2em\" data-source=\"cke\">习近平总书记在“七一”重要讲话中深刻指出，“一百年来，中国共产党团结带领中国人民进行的一切奋斗、一切牺牲、一切创造，归结起来就是一个主题：实现中华民族伟大复兴。”这一重大政治论断，彰显了我们党高度的历史自觉和彻底的革命精神，为继续引领中华民族伟大复兴树起了光辉旗帜、吹响了奋进号角。</p>\n\n<p class=\"text_align-justify text_indent-2em\" data-source=\"cke\"><strong data-source=\"cke\">中国共产党立志于中华民族千秋伟业</strong></p>\n\n<p class=\"text_align-justify text_indent-2em\" data-source=\"cke\">中国共产党从诞生之日起就肩负起实现中华民族伟大复兴历史使命。百年筚路蓝缕，革命救国、建设兴国、改革富国、复兴强国，我们党始终使命在肩、笃定前行，一代又一代中国共产党人前仆后继、浴血奋战，付出了巨大牺牲。据不完全统计，从中国共产党成立到新中国成立，为革命牺牲的共产党员和革命仁人志士达2100余万。可以说，中国共产党为民族复兴而生、为民族复兴而战，用鲜血和生命书写了临危受命、不辱使命的壮丽史诗。</p>\n\n<p class=\"text_align-justify text_indent-2em\" data-source=\"cke\">中国共产党的全部理论创新创造都是为了实现中华民族伟大复兴。马克思主义是为人类求解放的理论。一百年来，中国共产党不断推进马克思主义中国化，创立了毛泽东思想、邓小平理论、“三个代表”重要思想、科学发展观，创立了习近平新时代中国特色社会主义思想。每一次理论创新、理论创造，都是运用马克思主义理论回答民族复兴重大问题、探求民族复兴道路的过程，都是用科学理论的真理力量激活中华传统文明的过程，始终把马克思主义的命运与党的命运、中华民族的命运紧紧相连，把共产主义理想与社会主义信念融入中国革命、建设、改革、复兴全过程，为中华民族伟大复兴点亮了指路明灯。</p>\n\n<p class=\"text_align-justify text_indent-2em\" data-source=\"cke\">中国共产党全部实践主题是实现中华民族伟大复兴。一百年来，为了实现中华民族伟大复兴，中国共产党团结带领中国人民不懈奋斗、不断实践，创造了开天辟地、改天换地、翻天覆地、惊天动地的丰功伟业——浴血奋战、百折不挠，创造了新民主主义革命的伟大成就，为实现中华民族伟大复兴创造了根本社会条件；自力更生、发愤图强，创造了社会主义革命和建设的伟大成就，为实现中华民族伟大复兴奠定了根本政治前提和制度基础；解放思想、锐意进取，创造了改革开放和社会主义现代化建设的伟大成就，为实现中华民族伟大复兴提供了充满新的活力的体制保证和快速发展的物质条件；自信自强、守正创新，创造了新时代中国特色社会主义的伟大成就，党和国家事业取得历史性成就、发生历史性变革，为实现中华民族伟大复兴提供了更为完善的制度保证、更为坚实的物质基础、更为主动的精神力量。</p>\n\n<p class=\"text_align-justify text_indent-2em\" data-source=\"cke\"><strong data-source=\"cke\">铭记百年复兴之路的深刻启示</strong></p>\n\n<p class=\"text_align-justify text_indent-2em\" data-source=\"cke\">实现中华民族伟大复兴，根本保证是中国共产党的领导。中国共产党领导是中国特色社会主义最本质的特征，是中国特色社会主义制度的最大优势，是党和国家的根本所在、命脉所在，是全国各族人民的利益所系、命运所系。实现党的第二个百年奋斗目标、实现中华民族伟大复兴，必须始终坚持党的领导，这是根本，这是首要。党坚强有力，党中央必须有权威，党的核心必须有权威。习近平总书记作为党的核心、军队统帅、人民领袖，是历史的选择、人民的选择。必须进一步增强“四个意识”，做到“两个维护”。</p>\n\n<p class=\"text_align-justify text_indent-2em\" data-source=\"cke\">实现中华民族伟大复兴，必由之路是中国道路。道路决定命运。走自己的路，是党的全部理论和实践立足点，更是党百年奋斗得出的历史结论。中国特色社会主义是党和人民历经千辛万苦、付出巨大代价取得的根本成就。只有社会主义才能救中国，只有中国特色社会主义才能发展中国，这是历史的结论、人民的选择。必须把民族的前途、国家的命运牢牢掌握在自己手中，进一步坚定“四个自信”，坚定不移在中国特色社会主义道路上昂首阔步、奋勇前进。</p>\n\n<p class=\"text_align-justify text_indent-2em\" data-source=\"cke\">实现中华民族伟大复兴，动力之源是中国精神。实现中华民族伟大复兴需要物质文明的积累，更需要精神文明的升华。中国精神是以爱国主义为核心的民族精神和以改革创新为核心的时代精神的统一，是党和人民不畏艰难险阻、勇立历史潮头不倒的政治优势。伟大建党精神及其孕育的共产党人精神谱系，深深融入我们党、国家、民族、人民的血脉之中，彰显党的性质宗旨、反映民族精神、体现时代价值。</p>\n\n<p class=\"text_align-justify text_indent-2em\" data-source=\"cke\">实现中华民族伟大复兴，最大底气是中国力量。必须坚持大团结大联合，坚持一致性和多样性统一，加强思想政治引领，形成海内外全体中华儿女心往一处想、劲往一处使的生动局面，汇聚起实现民族复兴的磅礴力量。</p>\n\n<p class=\"text_align-justify text_indent-2em\" data-source=\"cke\"><strong data-source=\"cke\">满怀信心踏上中华民族伟大复兴新征程的赶考之路</strong></p>\n\n<p class=\"text_align-justify text_indent-2em\" data-source=\"cke\">中华民族伟大复兴，绝不是轻轻松松、敲锣打鼓就能实现的。奋力走好新时代的赶考之路，必须进行具有许多新的历史特点的伟大斗争，必须准备付出更为艰巨、更为艰苦的努力。</p>\n\n<p class=\"text_align-justify text_indent-2em\" data-source=\"cke\">时刻保持忧患意识。新的征程，起点更高、难度更大、任务更重、风险挑战更多，必须始终保持清醒头脑，始终保持如履薄冰的谨慎，始终保持见叶知秋的敏锐，一以贯之增强忧患意识、防范风险挑战，加强战略性、系统性、前瞻性研究谋划，统筹发展和安全，时刻准备应对重大挑战、抵御重大风险、克服重大阻力、解决重大矛盾，不断增强风险防控意识和能力，下好先手棋、打好主动仗，善于在危机中育先机、于变局中开新局。</p>\n\n<p class=\"text_align-justify text_indent-2em\" data-source=\"cke\">大力发扬斗争精神。不畏强敌、不惧风险、敢于斗争、勇于胜利是我们党最鲜明的特点和品格。实现伟大梦想，必须发扬斗争精神、增强斗争本领，敢于斗争、善于斗争。要强化对党忠诚、为党分忧、为党尽责、为民造福的责任担当，坚定斗争方向，站稳斗争立场，把握斗争原则，坚持增强忧患意识和保持战略定力相统一、战略判断和战术决断相统一、斗争过程和斗争实效相统一，在重大斗争中练胆魄、磨意志、长才干，时刻准备战胜一切艰难险阻，为实现伟大梦想而顽强奋斗。</p>\n\n<p class=\"text_align-justify text_indent-2em\" data-source=\"cke\">持续深化改革开放。没有改革开放，就没有今天的伟大成就。实现中华民族伟大复兴的中国梦，必须坚定不移深化改革、扩大开放，始终保持方向不变、道路不偏、力度不减，敢闯敢试、敢为人先，破除藩篱、激发活力，充分调动各方面积极性、创造性，为实现中华民族伟大复兴提供更为完善的制度保证和奋勇前进的强大动力。</p>\n\n<p class=\"text_align-justify text_indent-2em\" data-source=\"cke\">紧紧依靠人民群众。中国共产党根基在人民、血脉在人民、力量在人民。我们党打江山、守江山，为的是人民幸福，靠的是人民力量，根本的是守好人民的心。必须始终把人民放在心中最高位置，坚持一切为了人民、一切依靠人民，守初心、担使命，践行党的群众路线，保持同人民群众的血肉联系，始终与人民心心相印、与人民同甘共苦、与人民团结奋斗。</p>\n\n<p class=\"text_align-justify text_indent-2em\" data-source=\"cke\">把党的自我革命进行到底。勇于推动自我革命，是我们党历经百年沧桑而风华正茂，历经千锤百炼而朝气蓬勃的奥秘所在。必须坚持以党的自我革命引领社会革命，不断增强自我净化、自我完善、自我革新、自我提高能力，以永远在路上的坚定执着将全面从严治党向纵深推进，确保党不变质、不变色、不变味，始终保持先进性和纯洁性，始终成为实现中华民族伟大复兴的坚强领导核心。</p>\n\n<!--{img:0}-->\n');
INSERT INTO `article_content` VALUES (988350023973625320, '<p class=\"text_align-justify text_indent-2em\" data-source=\"cke\">习近平总书记在庆祝中国共产党成立100周年大会上的重要讲话中指出：“坚持把马克思主义基本原理同中国具体实际相结合、同中华优秀传统文化相结合”。马克思主义是中国共产党人理想信念的灵魂，中华优秀传统文化是中华民族的根和魂，中华优秀传统文化中的许多思想与马克思主义相融相通。我们党坚持把马克思主义基本原理同中华优秀传统文化相结合，用马克思主义真理的力量激活了伟大的中华文明，使中华文明再次迸发出强大精神力量。我们要深刻理解马克思主义基本原理同中华优秀传统文化相结合，不断开辟马克思主义中国化新境界。</p>\n\n<p class=\"text_indent-2em\" data-source=\"cke\"><strong data-source=\"cke\">始终坚持和发展马克思主义</strong></p>\n\n<p class=\"text_align-justify text_indent-2em\" data-source=\"cke\">习近平总书记指出：“马克思主义是我们立党立国的根本指导思想，是我们党的灵魂和旗帜。”马克思主义是科学的理论、人民的理论、实践的理论、不断发展的开放的理论，既源于马克思、恩格斯所处的时代又超越那个时代，既是那个时代精神的精华又是整个人类精神的精华。坚持把马克思主义基本原理同中华优秀传统文化相结合，必须始终坚持和发展马克思主义。</p>\n\n<p class=\"text_align-justify text_indent-2em\" data-source=\"cke\">一百年来，中国共产党之所以能够从最初只有50多名党员的党，发展到今天成为拥有9500多万名党员的世界上最大的马克思主义执政党，这是历史的选择、人民的选择。2020年，我国国内生产总值达到101.6万亿元，占世界经济比重达到17%左右，稳居世界第二位；人均国内生产总值超过1万美元，稳居中等偏上收入国家行列。这与我们党积极回应中国先进生产力的发展要求、有力维护中国最广大人民的根本利益、准确把握中国先进文化的前进方向，都是分不开的。</p>\n\n<p class=\"text_align-justify text_indent-2em\" data-source=\"cke\">党的百年历史充分表明，我们党是马克思主义的忠实继承者和成功实践者，也是中华优秀传统文化的忠实继承者和弘扬者。在推动马克思主义基本原理同中华优秀传统文化相结合的历史进程中，必须把坚持马克思主义和发展马克思主义统一起来，结合新的实践不断作出新的理论创造，从而更好地把中华民族的价值共识、精神追求、政治智慧、历史经验寓于马克思主义中国化的理论成果中，也更好地把马克思主义的科学性、人民性、实践性、开放性寓于中华优秀传统文化的创造性转化和创新性发展中。</p>\n\n<p class=\"text_align-justify text_indent-2em\" data-source=\"cke\"><strong data-source=\"cke\">始终着眼人民对美好生活的向往</strong></p>\n\n<p class=\"text_align-justify text_indent-2em\" data-source=\"cke\">对幸福生活的追求，是推动人类文明进步最持久的力量。我们党坚持为中国人民谋幸福，在推动马克思主义中国化的历史进程中，不断推动中华优秀传统文化创造性转化和创新性发展。</p>\n\n<p class=\"text_align-justify text_indent-2em\" data-source=\"cke\">一百年来，我们党始终坚持全心全意为人民服务的根本宗旨，在改革开放新时期创造性提出“小康社会”的目标，在新时代鲜明提出“人民对美好生活的向往，就是我们的奋斗目标”、积极倡导构建人类命运共同体……这些都得到了马克思、恩格斯关于“无产阶级的运动是绝大多数人的，为绝大多数人谋利益的独立的运动”“人的全面自由的发展”“生产将以所有的人富裕为目的”等思想的科学指引，也都得到了中华优秀传统文化中“保民、安民、富民、乐民”等思想的滋养，得到了“合则强，孤则弱”等思想的启迪。正是因为我们党在把马克思主义基本原理同中华优秀传统文化相结合中始终着眼于为人民创造更美好、更幸福的生活，所以马克思主义中国化的理论成果为广大人民群众所认同、信服和践行，指引我们这个古老的东方大国创造出人类历史上前所未有的发展奇迹，为当代中国找到了一条实现中华民族伟大复兴的正确道路。</p>\n\n<p class=\"text_align-justify text_indent-2em\" data-source=\"cke\">中国特色社会主义进入新时代，我国社会主要矛盾转化为人民日益增长的美好生活需要和不平衡不充分的发展之间的矛盾，人民美好生活需要日益广泛，不仅对物质文化生活提出了更高要求，而且在民主、法治、公平、正义、安全、环境等方面的要求日益增长。坚持把马克思主义基本原理同中华优秀传统文化相结合，就要顺应人民群众对美好生活的向往，立足新发展阶段，完整、准确、全面贯彻新发展理念，加快构建新发展格局，推动高质量发展，让广大人民群众共享改革发展成果，不断满足人民群众多层次多样化的需求。</p>\n\n<p class=\"text_align-justify text_indent-2em\" data-source=\"cke\"><strong data-source=\"cke\">持续推进马克思主义基本原理同中华优秀传统文化相结合</strong></p>\n\n<p class=\"text_align-justify text_indent-2em\" data-source=\"cke\">坚持把马克思主义基本原理同中华优秀传统文化相结合，是一个随着实践发展而发展的历史进程，必须坚持解放思想、实事求是、与时俱进、开拓创新，不断开辟马克思主义中国化新境界，不断铸就中华文化新辉煌。</p>\n\n<p class=\"text_align-justify text_indent-2em\" data-source=\"cke\">习近平总书记指出：“在近代中国最危急的时刻，中国共产党人找到了马克思列宁主义，并坚持把马克思列宁主义同中国实际相结合，用马克思主义真理的力量激活了中华民族历经几千年创造的伟大文明，使中华文明再次迸发出强大精神力量。”在历史发展的大潮中，中国共产党人善于把握我国社会发展阶段变化，善于抓住和解决我国社会主要矛盾和矛盾的主要方面，推动马克思主义基本原理同中华优秀传统文化相结合，推动古老的中华文明不断焕发新的生机活力。在带领中国人民进行革命、建设、改革的长期历史实践中，中国共产党人始终坚持以马克思主义为指导，始终是中华优秀传统文化的忠实继承者和弘扬者，从孔夫子到孙中山，我们党都注意汲取其中积极的养分。正是因为坚持把马克思主义基本原理同中华优秀传统文化相结合，坚持从历史走向未来，从延续民族文化血脉中开拓前进，我们党团结带领人民取得了革命、建设、改革的伟大成就。</p>\n\n<p class=\"text_align-justify text_indent-2em\" data-source=\"cke\">党的十八大以来，以习近平同志为核心的党中央把马克思主义基本原理同中华优秀传统文化相结合提升到一个新的高度。习近平总书记十分重视中华优秀传统文化的历史传承和创新发展，始终从中华民族最深沉、最深层精神追求的深度看待优秀传统文化，从国家战略资源的高度继承优秀传统文化，从推动中华民族现代化进程的角度创新发展优秀传统文化。习近平总书记强调：“要讲清楚每个国家和民族的历史传统、文化积淀、基本国情不同，其发展道路必然有着自己的特色；讲清楚中华文化积淀着中华民族最深沉的精神追求，是中华民族生生不息、发展壮大的丰厚滋养；讲清楚中华优秀传统文化是中华民族的突出优势，是我们最深厚的文化软实力；讲清楚中国特色社会主义植根于中华文化沃土、反映中国人民意愿、适应中国和时代发展进步要求，有着深厚历史渊源和广泛现实基础。中华民族创造了源远流长的中华文化，中华民族也一定能够创造出中华文化新的辉煌。”这“四个讲清楚”，既为推动中华优秀传统文化创造性转化和创新性发展，赋予中华优秀传统文化新的时代内涵，建设基于传统、跨越时空、融通中外、贴近当代、富有魅力的中国特色社会主义文化指明了方向，又为推动马克思主义基本原理同中华优秀传统文化相结合明确了路径。我们要科学运用唯物史观判断党和人民事业所处的历史方位和发展阶段，深刻认识我国社会主要矛盾变化带来的新特征新要求，不断推动马克思主义基本原理同中华优秀传统文化相结合，不断开辟马克思主义中国化新境界，让当代中国马克思主义、21世纪马克思主义展现出更强大、更有说服力的真理力量。</p>\n\n<p class=\"text_align-justify text_indent-2em\" data-source=\"cke\">（执笔：何中华）</p>\n\n<!--{img:0}-->\n');
INSERT INTO `article_content` VALUES (988350023973625321, '<p class=\"text_align-justify text_indent-2em\" data-source=\"cke\" data-align=\"justify\">习近平总书记在党史学习教育动员大会上指出：“只要把握住历史发展规律和大势，抓住历史变革时机，顺势而为，奋发有为，我们就能够更好前进。”在百年奋斗历程中，我们党始终以马克思主义基本原理分析把握历史大势，正确处理中国和世界的关系，善于抓住和用好各种历史机遇，因而能够始终掌握党和国家事业发展的历史主动，取得一个又一个胜利。</p>\n\n<p class=\"text_align-justify text_indent-2em\" data-source=\"cke\" data-align=\"justify\">我们党的诞生就是顺应世界发展大势的结果。十月革命一声炮响，给中国送来了马克思列宁主义。这犹如黑暗中的一道霞光，给正在苦苦探求救国救民道路的中国先进分子指明了方向。在中国人民和中华民族的伟大觉醒中，在马克思列宁主义同中国工人运动的紧密结合中，中国共产党应运而生。中国共产党的诞生，顺应了社会主义兴起的世界发展大势。中国共产党成立这一开天辟地的大事变，深刻改变了近代以后中华民族发展的方向和进程，深刻改变了中国人民和中华民族的前途和命运，深刻改变了世界发展的趋势和格局。</p>\n\n<p class=\"text_align-justify text_indent-2em\" data-source=\"cke\" data-align=\"justify\">我们党的发展壮大也是顺应世界发展大势的结果。我们党成立时只有50多名党员，但从成立之日起就走在时代前列。经过艰辛探索，我们党找到了一条“农村包围城市、武装夺取政权”的中国特色革命道路。抗日战争时期，我们党从世界反法西斯战争和中国人民抗日救亡强烈愿望的大势出发，促成了抗日民族统一战线，最终团结带领中国人民赢得了抗日战争的伟大胜利。新中国的成立和巩固，也是顺应时代大潮的产物。那时，社会主义发展壮大，亚非拉民族解放运动风起云涌，出现了“东风压倒西风”的气象，新中国就是沐浴着这个东风诞生并站住了脚的。</p>\n\n<p class=\"text_align-justify text_indent-2em\" data-source=\"cke\" data-align=\"justify\">1978年12月，我们党召开了具有里程碑意义的十一届三中全会，作出把党和国家工作中心转移到经济建设上来、实行改革开放的历史性决策。当时，世界经济快速发展、科技进步日新月异，我国发展同国际先进水平的差距明显拉大。邓小平同志说：“我们要赶上时代，这是改革要达到的目的。”我们党对世界发展大势作出科学判断，下决心实现党和国家工作中心的转移，拉开了改革开放的历史大幕。正是这场伟大革命，极大激发了广大人民群众的积极性主动性创造性，极大促进了社会生产力的发展，极大增强了社会发展的活力，我国人民生活水平大幅提高、综合国力明显增强、国际地位显著提升。</p>\n\n<p class=\"text_align-justify text_indent-2em\" data-source=\"cke\" data-align=\"justify\">党的十八大以来，以习近平同志为核心的党中央深刻认识历史规律，准确把握历史大势，推动党和人民事业不断向前发展。我们坚持和加强党的全面领导，统筹推进“五位一体”总体布局、协调推进“四个全面”战略布局，坚持和完善中国特色社会主义制度、推进国家治理体系和治理能力现代化，坚持依规治党、形成比较完善的党内法规体系，战胜一系列重大风险挑战，实现第一个百年奋斗目标，明确实现第二个百年奋斗目标的战略安排，党和国家事业取得历史性成就、发生历史性变革。</p>\n\n<p class=\"text_align-justify text_indent-2em\" data-source=\"cke\" data-align=\"justify\">在一百年的非凡奋斗历程中，一代代中国共产党人以马克思主义基本原理分析把握历史大势，在认识世界和改造世界的过程中不断把握规律、积极运用规律，推动党和人民事业取得了一个又一个胜利。当前，我们党正团结带领全国各族人民在全面建设社会主义现代化国家的新征程上接续奋斗。我们面临着难得机遇，也面临着严峻挑战。把握历史大势，跟上时代潮流，始终是摆在我们面前的重大课题。新的征程上，我们要继续准确把握历史发展规律和大势，善于抓住和用好各种历史机遇，不断把新时代中国特色社会主义伟大事业推向前进。</p>\n\n<p class=\"text_align-justify text_indent-2em\" data-source=\"cke\" data-align=\"justify\"><strong data-source=\"cke\">（作者单位：天津大学马克思主义学院）</strong></p>\n\n<!--{img:0}-->\n');
INSERT INTO `article_content` VALUES (988350023973625322, '<p class=\"text_align-justify text_indent-2em\" data-source=\"cke\">文明，是人类历史发展至高级阶段的产物。经过漫长的积淀与演化，数千年前，人类告别野蛮时代，踏上文明征程。在此进程中，人类文明的形态从来不是单一的，而是多彩的；文明的发展也从来不是单线的，而是多样的。在人类创造的璀璨文明星河中，中华文明历经5000多年风雨始终传承不坠、历久弥新，为人类社会进步作出了不可磨灭的贡献。在百年征程中，中国共产党团结带领中国人民，立志于千秋伟业，书写了中华民族几千年历史上最恢宏的史诗，铸就了人类文明发展史上的不朽传奇。</p>\n\n<p class=\"text_align-justify text_indent-2em\" data-source=\"cke\">习近平总书记在庆祝中国共产党成立100周年大会上指出：“我们坚持和发展中国特色社会主义，推动物质文明、政治文明、精神文明、社会文明、生态文明协调发展，创造了中国式现代化新道路，创造了人类文明新形态。”这一科学论断，立足人类社会发展与文明演进的历史大局、时代大势，发出了人类文明新形态的中国宣言。人类文明新形态，是中国特色社会主义的文明形态。这一崭新文明形态，不是简单延续我国历史文化的母版，不是简单套用马克思主义经典作家设想的模板，不是其他国家社会主义实践的再版，也不是国外现代化发展的翻版，而是中国共产党团结带领中国人民在充分吸纳包括历史上中华文明在内的人类一切优秀文明成果基础上的崭新创造，丰富了人类对文明发展的规律性认识，拓宽了人类文明迈向现代化的路径选择，为促进世界文明进步贡献了中国智慧和中国方案。</p>\n\n<p class=\"text_align-justify text_indent-2em\" data-source=\"cke\"><strong data-source=\"cke\">我们所创造的人类文明新形态，是对中华民族伟大文明传统的现代承续和创新发展。</strong>中华民族是一个具有高度文明自觉的伟大民族。历史长河中，中华民族创造的灿烂文明始终屹立人类文明发展潮头，永续不绝、创化日新。除中华文明外，还没有哪个原生文明同样经受住了历史的种种磨难和考验而延续至今。生生不息、薪火相传的伟大文明传统，积淀着中华民族最深沉的精神追求，是中华民族从容应对一切惊涛骇浪的充沛精神底气、丰厚智慧滋养与不竭力量源泉。正是基于这一伟大文明传统，中国共产党带领中国人民以高度的自觉自信和坚实的底气定力，探索开辟了中国式现代化新道路，创造了中国特色社会主义的文明新形态。这一文明新形态，是对5000多年中华文明传统的传承与发展，代表着历史悠久的中华文明在新时代达到的新境界、呈现的新气象。</p>\n\n<p class=\"text_align-justify text_indent-2em\" data-source=\"cke\">历史与实践充分证明，“现代化”不等于“西方化”，那种抛弃传统、丢掉根本、完全照搬他国现代化模式的做法，都是削足适履，不可能行得通；那种把自身现代化经验视为“普世真理”，认为现代化模式“只此一家，别无分店”，热衷价值观输出，试图在破坏他国文明传统基础上“复制”自己模式的做法，同样不可能走得通。我们所创造的人类文明新形态启示世人，只要珍视民族传统，立足自身国情，坚持守正创新，每一个国家和民族都可以成功找到实现自身文明现代化的通衢大道。</p>\n\n<p class=\"text_align-justify text_indent-2em\" data-source=\"cke\"><strong data-source=\"cke\">我们所创造的人类文明新形态，是中国共产党不懈推进马克思主义中国化时代化的产物。</strong>这一人类文明新形态，本质上是社会主义的文明形态，而不是其他什么主义的文明形态。马克思主义是这一崭新文明形态的根本指导思想，并为其确立了牢固的科学依据。作为深刻揭示人类社会发展规律的科学理论，马克思主义极大推进了人类文明发展进程，正如习近平总书记所指出，这一理论“照亮了人类探索历史规律和寻求自身解放的道路”。正是在马克思主义指引下，中国共产党人在百年探索中找到了推动中华文明成功迈向现代化的正确路径。</p>\n\n<p class=\"text_align-justify text_indent-2em\" data-source=\"cke\">同时，马克思主义是不断发展的开放的理论，坚持马克思主义与发展马克思主义是相互统一的。我们所创造的人类文明新形态，不是把马克思主义教条化而绘制出的文明“摹本”，而是百年来一代代中国共产党人把马克思主义基本原理同中国具体实际相结合、同中华优秀传统文化相结合，不断推进马克思主义中国化时代化，用与时俱进的中国化马克思主义理论成果指导不断发展的中国现代化实践所创作的文明“原本”。习近平新时代中国特色社会主义思想是马克思主义中国化最新成果，是当代中国马克思主义、21世纪马克思主义，是我们创造人类文明新形态的宝贵指南。</p>\n\n<p class=\"text_align-justify text_indent-2em\" data-source=\"cke\"><strong data-source=\"cke\">我们所创造的人类文明新形态，是中国共产党团结带领中国人民在英勇顽强的伟大奋斗中创造的文明奇迹。</strong>人类文明的发展从来不是一帆风顺的。在民族危机与文明危机交织叠加的近代中国，面对西方强势文明的侵袭和挑战，中华民族探求文明现代化的历程尤为艰辛。历经种种尝试，付出无数牺牲，直至马克思主义传入中国，中国共产党应运而生，中国人民和中华民族才有了科学理论的指引，才有了先进政党的领导，中华民族和中华文明的前途命运才得以深刻改变。一百年来，中国共产党团结带领中国人民上下求索，不懈奋斗，创造了一个个彪炳人类史册的文明发展奇迹。中国共产党成立后，在28年的血火淬炼中领导中国人民开辟了不同于西方和苏俄的中国革命新道路，取得了新民主主义革命伟大胜利，建立了人民当家作主的新中国。在70余年的执政兴国实践中，党领导人民开创了不同于其他国家和民族的中国式现代化新道路，创造了经济快速发展和社会长期稳定两大奇迹。经过长期奋斗，新时代的中国人民在中华大地上全面建成了小康社会，实现了憧憬千年的美好梦想，创造了人类反贫困斗争史上前无古人的壮举。</p>\n\n<p class=\"text_align-justify text_indent-2em\" data-source=\"cke\">习近平总书记豪迈指出：“在人类文明发展史上，除了中国特色社会主义制度和国家治理体系外，没有任何一种国家制度和国家治理体系能够在这样短的历史时期内创造出我国取得的经济快速发展、社会长期稳定这样的奇迹。”而今，中华大地山河锦绣，民族复兴光明在望。中国共产党领导中国人民在百年奋斗中取得的辉煌文明成就，永载中华民族发展史册和人类文明进步史册，是中国共产党领导开创的人类文明新形态的充分印证。</p>\n\n<p class=\"text_align-justify text_indent-2em\" data-source=\"cke\"><strong data-source=\"cke\">我们所创造的人类文明新形态，是物质文明、政治文明、精神文明、社会文明、生态文明整体推进、全面发展的文明形态。</strong>中华民族历经百年奋斗取得的文明成就，不是某一局部领域的发展，而是包括经济、政治、文化、社会、生态诸领域在内的深层次变革、整体性进步。在经济领域，我们坚持和完善公有制为主体、多种所有制经济共同发展的基本经济制度，推动经济高质量发展，把我国建设成为经济总量世界第二、进出口总额世界第一的经济大国，创造了先进的物质文明。在政治领域，我们坚持和完善人民当家作主的制度体系，坚持党的领导、人民当家作主、依法治国有机统一，发展中国特色社会主义民主政治，创造了维护人民根本利益最广泛、最真实、最管用的政治文明。在文化领域，我们不忘本来、吸收外来、面向未来，发展社会主义先进文化，繁荣社会主义文艺，推动文化事业和文化产业发展，创造了具有高度文化自信的精神文明。在社会领域，我们持续提高保障和改善民生水平，不断满足人民日益增长的美好生活需要，加强和创新社会治理，保持社会稳定、维护国家安全，创造了不断促进人的自由全面发展的社会文明。在生态领域，我们坚持和完善生态文明制度体系，坚定走生产发展、生活富裕、生态良好的文明发展道路，建设美丽中国，创造了旨在实现人与自然和谐共生的生态文明。可以说，经济、政治、文化、社会、生态文明建设全面推进，是我们所创造的人类文明新形态的鲜明特征。</p>\n\n<p class=\"text_align-justify text_indent-2em\" data-source=\"cke\">这一人类文明新形态，是中国共产党领导中国人民在社会主义现代化建设的实践中逐步形成、不断发展的。前进道路上，我们要统筹推进“五位一体”总体布局、协调推进“四个全面”战略布局，立足新发展阶段，贯彻新发展理念，构建新发展格局，努力把我国建设成为富强民主文明和谐美丽的社会主义现代化强国，实现中华民族与中华文明的伟大复兴。</p>\n\n<p class=\"text_align-justify text_indent-2em\" data-source=\"cke\"><strong data-source=\"cke\">我们所创造的人类文明新形态，彰显着人民至上的鲜明立场和价值追求。人民是历史的创造者，是真正的英雄。</strong>古今中外的历史事实充分证明，人民是推动人类文明进步的决定性力量，离开了人民的拥护、支持和参与，任何政党或集团都不可能立下傲世勋业。中国共产党是以马克思主义为指导的无产阶级政党，根基在人民、血脉在人民、力量在人民。从成立之日起，中国共产党就始终把人民放在心中最高位置，为人民而生、因人民而兴，是全心全意为人民服务的政党。正如习近平总书记深刻指出的：“中国共产党始终代表最广大人民根本利益，与人民休戚与共、生死相依，没有任何自己特殊的利益，从来不代表任何利益集团、任何权势团体、任何特权阶层的利益。”一百年来，中国共产党始终坚持为中国人民谋幸福、为中华民族谋复兴的初心使命，始终坚持依靠人民创造历史伟业，最终领导中国人民成功铸就了推动中华文明发展进步的宏图伟业。</p>\n\n<p class=\"text_align-justify text_indent-2em\" data-source=\"cke\">社会发展永无止境，人民对美好生活的向往与时而新。新时代中国共产党人团结带领中国人民在全面建成小康社会、实现第一个百年奋斗目标基础上，把进一步“实现人的全面发展和全体人民共同富裕”作为新的奋斗目标，带领中国人民继往开来，迈进全面建设社会主义现代化国家新征程。中国共产党领导开创的人类文明新形态，体现着以人民为中心的鲜明价值立场。这一崭新文明形态深刻启示我们，文明的发展从来不是为少数人谋私利，而是服务于大多数人的共同利益，各个国家和民族在推动文明现代化过程中，都应坚持发展依靠人民、发展服务人民，助益人民的自由全面发展，助益文明的共同进步。</p>\n\n<p class=\"text_align-justify text_indent-2em\" data-source=\"cke\"><strong data-source=\"cke\">我们所创造的人类文明新形态，体现了开放包容、命运与共的天下情怀。</strong>“物之不齐，物之情也。”在自然世界里，生物多样性是确保生态和谐的重要因素，在人类社会中，文明多样性是推动文明进步的重要动力。中国共产党领导中国人民开创的人类文明新形态，就是秉持“美人之美，美美与共”的理念，充分尊重人类文明多样性，积极倡导文明对话与文明互鉴，充分汲取、转化人类文明一切有益成果的产物。当代中国以自身成功开创的人类文明新形态证明，文明是平等的、开放的，不同文明在现代化进程中是可以互学互鉴、互利共赢的。那种认为不同文明之间相互冲突、彼此对立的观点是错误的，一种文明的发展，给其他文明带来的并非生存“威胁”，而是发展“机遇”。“文明冲突”的观点、“国强必霸”的逻辑，既不符合历来崇尚“和而不同”“天下大同”的中华文明精神特质，亦不顺应世界各国人民求和平、谋发展、促合作、图共赢的共同期盼。历史与现实告诉我们，各国人民只要秉持包容精神，就不存在什么“文明冲突”，就可以实现文明和谐。</p>\n\n<p class=\"text_align-justify text_indent-2em\" data-source=\"cke\">面对世界百年未有之大变局，着眼中华民族伟大复兴战略全局，我们要积极阐扬人类命运共同体理念，积极弘扬和平、发展、公平、正义、民主、自由的全人类共同价值，倡导多边主义，反对霸权主义，倡导文明、开放、对话、进步，反对野蛮、封闭、孤立、倒退，继续做世界和平的建设者、全球发展的贡献者、国际秩序的维护者，为推动人类文明进步作出新的更大贡献。</p>\n\n<p class=\"text_align-justify text_indent-2em\" data-source=\"cke\">中华民族和中华文明百年发展的辉煌成就雄辩证明，中国共产党是始终坚守真理、心系人民、具有高度文明自觉意识与文明自信心态的政党。没有中国共产党，就没有新中国，就没有中国特色社会主义，就没有中华民族伟大复兴。在新征程中，我们要进一步增强“四个意识”、坚定“四个自信”、做到“两个维护”，更加紧密地团结在以习近平同志为核心的党中央周围，沿着中国式现代化新道路砥砺奋进，把人类文明新形态发扬光大。</p>\n\n<p class=\"text_align-justify text_indent-2em\" data-source=\"cke\"><strong data-source=\"cke\">（作者分别系武汉大学马克思主义学院副教授、教授，均系马克思主义理论与中国实践湖北省协同创新中心研究员）</strong></p>\n\n<!--{img:0}-->\n');
INSERT INTO `article_content` VALUES (988350023973625323, '<p class=\"text_align-justify text_indent-2em\" data-source=\"cke\">习近平总书记在庆祝中国共产党成立100周年大会上强调：“以史为鉴、开创未来，必须坚持和发展中国特色社会主义。”中国特色社会主义是科学社会主义理论逻辑和中国社会发展历史逻辑的辩证统一，是植根于中国大地、反映中国人民意愿、适应中国和时代发展进步要求的科学社会主义。一百年来，我们党准确把握我国基本国情与时代特征，持续推进理论创新、实践创新、制度创新，充分发挥人民主体作用，开辟了伟大道路、创造了伟大事业、取得了伟大成就，让科学社会主义在二十一世纪焕发强大生机活力、展现出光明前景。</p>\n\n<p class=\"text_align-justify text_indent-2em\" data-source=\"cke\"><strong data-source=\"cke\">准确把握我国基本国情和时代特征</strong></p>\n\n<p class=\"text_align-justify text_indent-2em\" data-source=\"cke\">正确认识我国所处的历史发展阶段，从基本国情和时代特征出发，是推进马克思主义中国化的内在要求。我国是在经济文化比较落后的基础上进入社会主义的，如何把握我国社会主义所处的历史阶段，从基本国情出发确立发展目标、选择发展道路，成为我们党面临的重大课题。</p>\n\n<p class=\"text_align-justify text_indent-2em\" data-source=\"cke\">经过新中国成立后三十多年的实践探索，中国共产党人清醒认识到我国社会主义还处在初级阶段，这是制定和执行路线方针政策的根本依据。党的基本理论、基本路线、基本方略，是立足社会主义初级阶段基本国情而形成的；改革开放过程中的理论创新、实践创新、制度创新，也是立足社会主义初级阶段基本国情推进的。同时要看到，社会主义初级阶段不是一个静态、一成不变、停滞不前的阶段，而是一个阶梯式递进、不断发展进步、日益接近质的飞跃的量的积累和发展变化的过程。党的十九届五中全会提出，全面建成小康社会、实现第一个百年奋斗目标之后，我们要乘势而上开启全面建设社会主义现代化国家新征程、向第二个百年奋斗目标进军，这标志着我国进入了一个新发展阶段。</p>\n\n<p class=\"text_align-justify text_indent-2em\" data-source=\"cke\">习近平总书记指出：“今天我们所处的新发展阶段，就是社会主义初级阶段中的一个阶段，同时是其中经过几十年积累、站到了新的起点上的一个阶段。”社会主义初级阶段是量的积累和发展变化的过程，是科学社会主义生机活力不断增强、不断释放的过程。立足新发展阶段，完整、准确、全面贯彻新发展理念，构建新发展格局，推动高质量发展，将使科学社会主义在更高起点、更高层次上焕发生机活力。历史发展有其规律，但人在其中不是完全消极被动的，只要把握住历史发展规律和大势，抓住历史变革时机，顺势而为，就能有所作为。我们党在百年奋斗历程中，始终以马克思主义基本原理分析把握历史大势和时代特征，正确处理中国和世界的关系，善于抓住和用好各种历史机遇。中国共产党的诞生、中华人民共和国的成立、改革开放的成功，都是顺应世界发展大势、洞察时代潮流的结果。新发展阶段，我国发展仍然处于重要战略机遇期，但机遇和挑战都有新的发展变化。在把握历史大势、时代特征的基础上把握和用好重要战略机遇期，就可以让科学社会主义焕发更旺盛的生机活力。</p>\n\n<p class=\"text_align-justify text_indent-2em\" data-source=\"cke\"><strong data-source=\"cke\">坚持改革开放不动摇</strong></p>\n\n<p class=\"text_align-justify text_indent-2em\" data-source=\"cke\">改革开放是决定当代中国命运的关键一招，也是决定实现“两个一百年”奋斗目标、实现中华民族伟大复兴的关键一招。改革开放是当代中国最鲜明的特色，赋予科学社会主义强大生机活力。</p>\n\n<p class=\"text_align-justify text_indent-2em\" data-source=\"cke\">建立和完善社会主义市场经济体制，是改革开放以来我们党将科学社会主义基本原则同中国具体实际和时代特征相结合的重大创新。我们坚持公有制为主体、多种所有制经济共同发展和按劳分配为主体、多种分配方式并存，把社会主义制度和市场经济有机结合起来，充分发挥市场在资源配置中的决定性作用，更好发挥政府作用。这些制度创新都是改革的成果，实现了从高度集中的计划经济体制到充满活力的社会主义市场经济体制的历史性转变，激活了各种生产要素，激发了各类市场主体的积极性、主动性、创造性。</p>\n\n<p class=\"text_align-justify text_indent-2em\" data-source=\"cke\">改革开放以来，我们党深入思考和探索国家治理体系和治理能力问题，既改革不适应实践发展要求的体制机制、法律法规，又不断构建新的体制机制、法律法规，使各方面制度更加科学、更加完善，实现党、国家、社会各项事务治理制度化、规范化、程序化。新时代全面深化改革的总目标是完善和发展中国特色社会主义制度、推进国家治理体系和治理能力现代化，这为科学社会主义焕发生机活力提供了制度保障。</p>\n\n<p class=\"text_align-justify text_indent-2em\" data-source=\"cke\">中国的发展离不开世界，世界的繁荣也需要中国。中国坚持对外开放的基本国策，实行积极主动的开放政策，打开国门搞建设，实现了从封闭半封闭到全方位开放的历史性转变。对外开放不仅发展了自己，也造福了世界。中国坚定不移推进共建“一带一路”高质量发展，使其成为广受欢迎的国际公共产品和规模最大的合作平台，给参与国家和地区创造了发展机遇。中国在对外开放中展现大国担当，成为世界经济增长的主要稳定器和动力源，促进了人类和平与发展的崇高事业，展现了科学社会主义的优越性。</p>\n\n<p class=\"text_align-justify text_indent-2em\" data-source=\"cke\"><strong data-source=\"cke\">全面推进中国特色社会主义建设</strong></p>\n\n<p class=\"text_align-justify text_indent-2em\" data-source=\"cke\">在推进中国特色社会主义事业的历史进程中，我们既坚持以经济建设为中心，又统筹推进经济建设、政治建设、文化建设、社会建设、生态文明建设，为坚持和发展科学社会主义进行了不懈探索和成功实践。</p>\n\n<p class=\"text_align-justify text_indent-2em\" data-source=\"cke\">以经济建设为中心是兴国之要。新中国成立后，我们积极谋求摆脱国家经济落后的面貌，在不长的时间里，建立起独立的比较完整的工业体系和国民经济体系，为经济发展奠定了重要基础。改革开放以来，我们始终坚持以经济建设为中心，不断解放和发展社会生产力。从1979年到2012年，我国国内生产总值年均增长9.8%，创造了人类经济发展史上的奇迹。党的十八大以来，以习近平同志为核心的党中央，统筹推进“五位一体”总体布局、协调推进“四个全面”战略布局，推动党和国家事业取得历史性成就、发生历史性变革。我国人均国内生产总值突破1万美元，国内生产总值突破100万亿元，经济总量稳居世界第二位。2020年，面对新冠肺炎疫情严重冲击，我国统筹疫情防控和经济社会发展，率先实现经济增长由负转正，成为全球唯一实现经济正增长的主要经济体。可以说，正是坚持以经济建设为中心不动摇，坚持发展是硬道理，保持经济持续健康发展，为保障其他各领域发展、有效应对各种风险挑战、保持社会和谐稳定奠定了坚实经济基础。</p>\n\n<p class=\"text_align-justify text_indent-2em\" data-source=\"cke\">形成中国特色社会主义事业总体布局，是我们党对社会主义建设规律认识不断深化的重要成果。改革开放以来特别是党的十八大以来，我国坚持以经济建设为中心，统筹推进经济、政治、文化、社会、生态文明建设，推动生产关系与生产力、上层建筑与经济基础相适应，推动中国特色社会主义事业全面发展、全面进步。比如，用制度体系保证人民当家作主，推动协商民主广泛、多层、制度化发展；用社会主义核心价值观凝心聚力，推动中华优秀传统文化创造性转化、创新性发展，继承革命文化，发展社会主义先进文化，不断铸就中华文化新辉煌；不断改善民生、增进人民福祉，形成世界上规模最大的中等收入群体，9899万农村贫困人口全部实现脱贫，832个贫困县全部摘帽，12.8万个贫困村全部出列，区域性整体贫困得到解决，历史性消除绝对贫困；践行绿水青山就是金山银山的理念，统筹山水林田湖草沙系统治理，推动形成绿色发展方式和生活方式，推动人与自然和谐共生的现代化建设取得重大进展。统筹推进“五位一体”总体布局、协调推进“四个全面”战略布局，增强了中国特色社会主义发展的整体性、协调性，为焕发科学社会主义的生机活力奠定了坚实基础。</p>\n\n<p class=\"text_align-justify text_indent-2em\" data-source=\"cke\"><strong data-source=\"cke\">充分发挥人民主体作用</strong></p>\n\n<p class=\"text_align-justify text_indent-2em\" data-source=\"cke\">历史唯物主义认为，人民是历史的创造者，是真正的英雄。中国共产党始终坚持以人民为中心，将促进人的全面发展、逐步实现全体人民共同富裕作为发展的目标和归宿，充分尊重人民主体地位，不断激发人民群众的积极性、主动性、创造性，凝聚起实现中华民族伟大复兴的磅礴力量。</p>\n\n<p class=\"text_align-justify text_indent-2em\" data-source=\"cke\">人的全面发展是中国特色社会主义的目标追求，实现人的全面发展需要多方面条件支撑，无疑是一项艰巨复杂的系统工程。只有动员广大人民群众共同参与，只有让广大人民群众不断从中国特色社会主义建设中得到实惠，才能使这一目标变成现实。习近平总书记指出：“我们追求的发展是造福人民的发展，我们追求的富裕是全体人民共同富裕。”改革开放以来特别是党的十八大以来，以习近平同志为核心的党中央坚持以人民为中心的发展思想，努力做到老百姓关心什么、期盼什么，改革就要抓住什么、推进什么，使改革发展成果更多更公平惠及全体人民，不断满足人民日益增长的美好生活需要，为人的全面发展创造了条件，也调动了人民群众投身中国特色社会主义事业的积极性、主动性、创造性。</p>\n\n<p class=\"text_align-justify text_indent-2em\" data-source=\"cke\">人民是我们党执政的最大底气，也是我们党的力量源泉。在革命、建设、改革的历史进程中，新生事物的产生和成长、思想认识的突破和创新、实践经验的创造和积累，无不来自亿万人民的实践和智慧。历史和现实雄辩地证明，中国特色社会主义是人民群众干出来的，凝聚了人民的心血和汗水，人民群众中蕴含着无穷的智慧和力量，赋予科学社会主义无限的生机与活力。</p>\n\n<p class=\"text_align-justify text_indent-2em\" data-source=\"cke\"><strong data-source=\"cke\">（执笔：陈金龙 雷艳芝）</strong></p>\n\n<!--{img:0}-->\n');
INSERT INTO `article_content` VALUES (988350023973625324, '<p class=\"text_align-justify text_indent-2em\" data-source=\"cke\">习近平总书记指出，“增强做中国人的骨气和底气，让世界更好认识中国、了解中国，需要深入理解中华文明，从历史和现实、理论和实践相结合的角度深入阐释如何更好坚持中国道路、弘扬中国精神、凝聚中国力量。”在“七一”重要讲话中，习近平总书记强调，“新时代的中国青年要以实现中华民族伟大复兴为己任，增强做中国人的志气、骨气和底气”。</p>\n\n<p class=\"text_align-justify text_indent-2em\" data-source=\"cke\">中国人的骨气和底气从哪里来？一是从我们的历史文化底蕴中来。中华优秀传统文化是植根于我们内心深处的民族基因，潜移默化地影响着中国人的思想方式和行为方式，也是我们民族自信的文化根源。二是从我们的道路优势中来。中国特色社会主义一方面体现社会主义本质要求、继承中华优秀传统文化，另一方面凝聚时代精神、吸收世界文明有益成果，展现出强大的生机和活力。三是从我们的发展成就中来。随着我国经济社会的飞速发展进步，中国的国际地位不断提高、国际影响力不断扩大，中国人民用自己的百年奋斗赢得了世人的尊重，真正拥有了屹立于世界民族之林的骨气和底气。</p>\n\n<p class=\"text_align-justify text_indent-2em\" data-source=\"cke\">哲学社会科学工作者要坚持守正创新、不忘本来、吸收外来、面向未来，推动中华优秀传统文化创造性转化、创新性发展，为增强做中国人的骨气和底气提供坚实的文化支撑、思想支撑。</p>\n\n<p class=\"text_align-justify text_indent-2em\" data-source=\"cke\">贯通历史与现实。历史是过去的现实，现实是未来的历史。习近平总书记指出：“坚持把马克思主义基本原理同中国具体实际相结合、同中华优秀传统文化相结合。”这从坚持和发展中国特色社会主义的高度，为哲学社会科学提出了新的时代课题。马克思主义之所以能在中国传播、生根、结果，一方面是其理论的科学性和真理性满足了中国具体实际的需要，为中国革命、建设、改革提供了强大思想武器；另一方面是因为与中华文明在精神上能够契合，与中国传承了几千年的优秀传统文化和广大人民日用而不觉的价值观念实现融通。中华优秀传统文化作为中华民族的突出优势和最深厚的软实力，同马克思主义基本原理相结合、同中国特色社会主义道路相连接，极大地延伸、拓宽和加固了中国道路的文化根基。对于哲学社会科学工作者来说，从马克思主义中国化和优秀传统文化的现代性转化等角度，研究阐释贯穿其中的共通价值观念，把中国特色社会主义牢牢植根于中华文化沃土上，是一个重大的学术命题。</p>\n\n<p class=\"text_align-justify text_indent-2em\" data-source=\"cke\">融合理论与实践。理论源于实践，又用来指导实践，知行辩证统一、相互促进。正如毛泽东同志在《实践论》中所指出的，“实践、认识、再实践、再认识，这种形式，循环往复以至无穷，而实践和认识之每一循环的内容，都比较地进到了高一级的程度。这就是辩证唯物论的全部认识论，这就是辩证唯物论的知行统一观。”习近平总书记强调，必须不断接受马克思主义哲学智慧的滋养，更加自觉地坚持和运用辩证唯物主义世界观和方法论。“要学习掌握认识和实践辩证关系的原理，坚持实践第一的观点，不断推进实践基础上的理论创新。”哲学社会科学工作者要看到中国仍处于并将长期处于社会主义初级阶段这个最大客观实际，也要看到我们正经历着历史上最为广泛而深刻的社会变革，正进行着人类历史上最为宏大而独特的实践创新。这种前无古人的伟大实践，必将给理论创造、学术繁荣提供强大动力和广阔空间。我们应该从“两个大局”出发，深刻认识国情世情，提炼出有学理性的新理论，推动实践发展。</p>\n\n<p class=\"text_align-justify text_indent-2em\" data-source=\"cke\">连接中国与世界。加强中外交流，让世界更好认识中国、了解中国，促进中外学术交流是一个重要的渠道。为了实现这个目标，我们自己首先要把中国认识清楚、解释清楚。这既包括历史中国，又包括当代中国。还要认识到文化交流、文明互鉴对于文化和学术进步的重要意义。历史上，中华文明对于周边国家曾经产生过重要影响，并引起欧洲启蒙思想家们的关注。包括佛教在内外来文化的输入也给中华文明注入了新鲜血液，丰富了中国文化的内涵。近现代西方文化的输入更是极大地影响了现代中国文化和学术形态。与此同时，随着中国的快速发展，中国文化也越来越具有世界性的影响。哲学社会科学工作者应该下大力气，把中国的历史文化和当代发展讲清楚。</p>\n\n<p class=\"text_align-justify text_indent-2em\" data-source=\"cke\"><strong data-source=\"cke\">（作者系北京大学副校长、教授）</strong></p>\n\n<!--{img:0}-->\n');
INSERT INTO `article_content` VALUES (988350023973625325, '<p class=\"text_align-justify text_indent-2em\" data-source=\"cke\" data-align=\"justify\">文化是一个民族生存和发展的重要力量。习近平总书记指出：“古往今来，中华民族之所以在世界有地位、有影响，不是靠穷兵黩武，不是靠对外扩张，而是靠中华文化的强大感召力和吸引力”。中华文化跨越时空、富有永恒魅力，是全人类的宝贵财富。今天，我们要进一步提升中华文化感召力，把中华文化的理念和精神传承好、发扬好。特别是在对外交流中，要充分展现中华文化的独特价值和魅力，以文载道、以文传声、以文化人，向世界展现更为丰富多彩、生动立体的中国形象。</p>\n\n<p class=\"text_align-justify text_indent-2em\" data-source=\"cke\" data-align=\"justify\">让中华优秀传统文化魅力在现代社会充分展现出来，需要让其从历史中“走出来”“活起来”，成为人们可触可感的文化形态，融入人们的生活，走进人们的心坎。为此，要推动中华优秀传统文化创造性转化、创新性发展，让收藏在禁宫里的文物、陈列在广阔大地上的遗产、书写在古籍里的文字走进人们的日常生活，创新发展人们喜闻乐见、易于传播的文化产品，给人们带来身心愉悦和审美享受。</p>\n\n<p class=\"text_align-justify text_indent-2em\" data-source=\"cke\" data-align=\"justify\">提升中华文化感召力，要充分发掘中华文化蕴含的价值理念。习近平总书记指出：“对传统文化中适合于调理社会关系和鼓励人们向上向善的内容，我们要结合时代条件加以继承和发扬，赋予其新的涵义。”中华优秀传统文化中蕴含着许多哲学思想、人文精神、道德理念等，在今天仍有重要借鉴意义。比如，大道之行、天下为公的大同理想，道法自然、天人合一的人与自然和谐相处之道，“和羹之美，在于合异”的文明交流互鉴理念，“天行健，君子以自强不息”的担当和拼搏精神等。我们要着重挖掘和传播中华优秀传统文化的价值理念，结合新的时代条件加以继承和发扬，让其在当今时代展现更深远的意义、发挥更大的作用。</p>\n\n<p class=\"text_align-justify text_indent-2em\" data-source=\"cke\" data-align=\"justify\">让中华文化增强“近者悦、远者来”的感召力，需要在推动中华优秀传统文化创造性转化、创新性发展的基础上，积极开展对外文化交流，在交流中绽放中华文化的夺目光彩，使中华文化与世界其他优秀文化交流互鉴、取长补短。国之交在于民相亲，民相亲在于心相通。文化是沟通心灵的桥梁，通过开展多层次的文化交流，既让世界从文化上了解中国，也让不同文化背景的人在情感上认同中国。政府间的交往、机构间的合作、学者间的研讨、民众间的互动，都是开展文化交流的渠道，都能从不同侧面展现中华文化魅力。让世界了解和认同中国，需要不断拓展交往层面、丰富交流渠道。“美人之美、美美与共”的文化包容性，正是中华文化感召力的重要体现。我们要在坚定文化自信的基础上，积极学习借鉴人类文明的一切有益成果，加强交流合作，推动文明对话，促进文化交流，共同为人类文明进步作出贡献。</p>\n\n<p class=\"text_align-justify text_indent-2em\" data-source=\"cke\" data-align=\"justify\"><strong data-source=\"cke\">（作者为中央民族大学新闻与传播学院教授）</strong></p>\n\n<!--{img:0}-->\n');
INSERT INTO `article_content` VALUES (988350023973625326, '<p class=\"text_align-justify text_indent-2em\" data-source=\"cke\">习近平总书记在庆祝中国共产党成立100周年大会上指出：“未来属于青年，希望寄予青年。”“新时代的中国青年要以实现中华民族伟大复兴为己任，增强做中国人的志气、骨气、底气，不负时代，不负韶华，不负党和人民的殷切期望！”广大青年要深入学习贯彻习近平总书记重要讲话精神，努力学习党史，厚植爱党、爱国、爱社会主义的情感，用党的历史启迪智慧、激发力量、砥砺品格，意气风发向着全面建成社会主义现代化强国的第二个百年奋斗目标迈进。</p>\n\n<p class=\"text_align-justify text_indent-2em\" data-source=\"cke\"><strong data-source=\"cke\">用党的历史启迪智慧。</strong>习近平总书记指出：“历史是最好的老师，我们党的历史是中国近现代以来历史最为可歌可泣的篇章”。党的历史是最生动、最有说服力的教科书，蕴含着无比宝贵的智慧。我们党历来重视党史学习教育，注重用党的实践创造和历史经验启迪智慧、砥砺品格。一百年来，中国共产党从小到大、由弱变强，带领中国人民取得一个又一个胜利，积累了丰富的历史经验，这些历史经验饱含着成败和得失、凝结着鲜血和汗水、充满着智慧和勇毅。广大青年要学好党的历史，从党的辉煌成就、艰辛历程、历史经验、优良传统中汲取智慧，深刻领悟中国共产党为什么能、马克思主义为什么行、中国特色社会主义为什么好，弄清楚其中的历史逻辑、理论逻辑、实践逻辑，不断增强做中国人的志气、骨气、底气，增强自我定力，矢志追求更有高度、更有境界、更有品位的人生，以聪明才智贡献国家，以开拓进取服务社会。</p>\n\n<p class=\"text_align-justify text_indent-2em\" data-source=\"cke\"><strong data-source=\"cke\">用党的历史激发力量。</strong>习近平总书记指出：“我们回顾历史，不是为了从成功中寻求慰藉，更不是为了躺在功劳簿上、为回避今天面临的困难和问题寻找借口，而是为了总结历史经验、把握历史规律，增强开拓前进的勇气和力量。”一百年前，一群新青年高举马克思主义思想火炬，在风雨如晦的中国苦苦探寻民族复兴的前途。一百年来，中国共产党团结带领中国人民，书写了中华民族几千年历史上最恢宏的史诗，其中充满艰辛与不易、写满奋斗与辉煌，能够激发广大青年奋勇前行的动力。当代中国青年是与新时代同向同行、共同前进的一代，生逢盛世，肩负重任。广大青年要学习党的历史、感悟党的历史，紧紧团结在党的周围，以永不懈怠的精神状态、一往无前的奋斗姿态，向着实现第二个百年奋斗目标奋勇前进，在攀登知识高峰中追求卓越，在肩负时代重任时行胜于言，让青春在为祖国、为民族、为人民、为人类的不懈奋斗中绽放绚丽之花。</p>\n\n<p class=\"text_align-justify text_indent-2em\" data-source=\"cke\"><strong data-source=\"cke\">用党的历史砥砺品格。</strong>习近平总书记指出：“要抓好青少年学习教育，着力讲好党的故事、革命的故事、英雄的故事，厚植爱党、爱国、爱社会主义的情感，让红色基因、革命薪火代代传承”。我们要进一步加强思政课建设，重视中国共产党历史课程的开发和教学，用党的历史砥砺品格。对党的历史上的历史事件、革命英雄、革命精神、革命文物等进行深入挖掘和研究，用好红色资源。创新教学模式，加强实践教学和体验教学，强化学生参与和互动，带领青年学生瞻仰革命圣地、红色旧址、党史纪念场所，重温那一段段峥嵘岁月，回顾党和人民一路走过的艰难历程，在党史“现场”教育引导青年学生弘扬光荣传统、赓续红色血脉。</p>\n\n<p class=\"text_align-justify text_indent-2em\" data-source=\"cke\"><strong data-source=\"cke\">（作者为南宁师范大学副校长）</strong></p>\n\n<!--{img:0}-->\n');
INSERT INTO `article_content` VALUES (988350023973625327, '<p class=\"text_align-justify text_indent-2em\" data-source=\"cke\">在庆祝中国共产党成立100周年大会上，习近平总书记发表重要讲话，精辟概括提出了坚持真理、坚守理想，践行初心、担当使命，不怕牺牲、英勇斗争，对党忠诚、不负人民的伟大建党精神，郑重宣示“要继续弘扬光荣传统、赓续红色血脉，永远把伟大建党精神继承下去、发扬光大”。我们要深入学习贯彻习近平总书记关于伟大建党精神的重要论述，永远把伟大建党精神继承下去、发扬光大，在新的赶考之路上交出更加优异的答卷，不断书写中国共产党人新的精神史诗。</p>\n\n<p class=\"text_align-justify text_indent-2em\" data-source=\"cke\"><strong data-source=\"cke\">深刻把握继承发扬伟大建党精神的重大意义</strong></p>\n\n<p class=\"text_align-justify text_indent-2em\" data-source=\"cke\">人无精神则不立，国无精神则不强。一百年前，中国共产党的先驱们创建了中国共产党，形成了伟大建党精神。伟大建党精神是中国共产党的精神之源，为我们立党兴党强党提供了丰厚滋养，为革命、建设、改革提供了强大精神动力。</p>\n\n<p class=\"text_align-justify text_indent-2em\" data-source=\"cke\"><strong data-source=\"cke\">伟大建党精神是中国共产党的精神之源。</strong>习近平总书记鲜明提出伟大建党精神，强调“这是中国共产党的精神之源”。凡树有根，方能生发；凡水有源，方能奔涌。伟大建党精神是中国共产党的精神之源、事业之根，中国共产党人的精神谱系由伟大建党精神开启，百年奋斗征程的壮丽史诗由伟大建党精神开篇。一百年来，中国共产党人弘扬伟大建党精神，在长期奋斗中形成井冈山精神、苏区精神、长征精神、延安精神、抗战精神、抗美援朝精神、兵团精神、雷锋精神、焦裕禄精神、大庆精神、“两弹一星”精神、特区精神、女排精神、抗洪精神、抗击“非典”精神、抗震救灾精神、载人航天精神、劳模精神、劳动精神、工匠精神、科学家精神、抗疫精神、脱贫攻坚精神等伟大精神，构建起中国共产党人的精神谱系。中国共产党百年奋斗的光辉历程证明，伟大建党精神确立了中国共产党人的精神坐标，使我们走得再远、走到再光辉的未来，也不会忘记走过的过去，不会忘记为什么出发；蕴含着中国共产党人的成功密码，昭示过去我们为什么能够成功、未来怎样才能继续成功；凝聚着中国共产党人的精神动力，激励我们不畏艰险、一往无前，团结带领人民把一个个“不可能”变成“可能”。</p>\n\n<p class=\"text_align-justify text_indent-2em\" data-source=\"cke\"><strong data-source=\"cke\">伟大建党精神为立党兴党强党提供丰厚滋养。</strong>习近平总书记强调：“我们党之所以历经百年而风华正茂、饱经磨难而生生不息，就是凭着那么一股革命加拼命的强大精神。”在伟大建党精神和中国共产党人的一系列伟大精神滋养下，我们党从小变大、由弱变强，建设成为始终走在时代前列、人民衷心拥护、勇于自我革命、经得起各种风浪考验、朝气蓬勃的马克思主义执政党，发展成为拥有9500多万名党员、领导着14亿多人口大国、具有重大全球影响力的世界第一大执政党。伟大建党精神和中国共产党人的一系列伟大精神，集中体现了党的坚定信念、根本宗旨、优良作风，凝聚着中国共产党人艰苦奋斗、牺牲奉献、开拓进取的伟大品格，深深融入我们党、国家、民族、人民的血脉之中。依靠伟大建党精神和中国共产党人的一系列伟大精神的引领，我们党始终坚持真理、修正错误，敢于正视问题、克服缺点，勇于刮骨疗毒、去腐生肌，在危难之际绝处逢生、在失误之后拨乱反正，成为中国特色社会主义事业的坚强领导核心，成为风雨来袭时中国人民最可靠的主心骨。</p>\n\n<p class=\"text_align-justify text_indent-2em\" data-source=\"cke\"><strong data-source=\"cke\">伟大建党精神为革命、建设、改革提供强大精神动力。</strong>习近平总书记指出：“同困难作斗争，是物质的角力，也是精神的对垒。”精神的力量是无穷的，蕴藏着创造历史的澎湃势能。一百年来，在伟大建党精神和中国共产党人的一系列伟大精神激励鼓舞下，不管形势和任务如何变化，不管遇到什么样的惊涛骇浪，我们党都始终把握历史主动、锚定奋斗目标，团结带领人民在革命、建设、改革各个历史时期披荆斩棘、勇毅前行，为实现中华民族伟大复兴而不懈奋斗。在“平均每300米就有一名红军牺牲”的长征路上，在“宁肯少活二十年，拼命也要拿下大油田”的新中国建设者身上，在1800多名将生命定格在脱贫攻坚征程上的新时代党员、干部身上，映照出伟大建党精神的强大力量。在一百年的非凡奋斗历程中，涌现了一大批视死如归的革命烈士、一大批顽强奋斗的英雄人物、一大批忘我奉献的先进模范，他们用自己的信念、初心、英勇和忠诚，谱写了革命、建设、改革的壮丽精神史诗。伟大建党精神是党和人民的宝贵精神财富，永远激励着中国共产党人不断创造新的历史伟业。</p>\n\n<p class=\"text_align-justify text_indent-2em\" data-source=\"cke\"><strong data-source=\"cke\">深刻把握伟大建党精神的丰富内涵</strong></p>\n\n<p class=\"text_align-justify text_indent-2em\" data-source=\"cke\">伟大建党精神既具有深厚的历史基础，又具有鲜明的时代特征；既是我们党团结带领人民创造百年历史伟业的关键所在，也是我们党团结带领人民继续进行伟大斗争、建设伟大工程、推进伟大事业、实现伟大梦想的精神坐标。</p>\n\n<p class=\"text_align-justify text_indent-2em\" data-source=\"cke\"><strong data-source=\"cke\">坚持真理、坚守理想。</strong>习近平总书记指出：“对马克思主义的信仰，对社会主义和共产主义的信念，是共产党人的政治灵魂，是共产党人经受住任何考验的精神支柱。”马克思主义深刻揭示了自然界、人类社会、人类思维发展的普遍规律，是科学的理论、人民的理论、实践的理论、不断发展的开放的理论，是放之四海而皆准的普遍真理。中国共产党自诞生之日起就把马克思主义鲜明地写在自己的旗帜上，把实现共产主义确立为最高理想。一百年来，我们党在风云激荡中高擎马克思主义伟大旗帜，在披荆斩棘中坚定马克思主义信仰，始终把马克思主义作为根本指导思想，不断推进马克思主义中国化，开辟马克思主义新境界，创立了毛泽东思想、邓小平理论，形成了“三个代表”重要思想、科学发展观，创立了习近平新时代中国特色社会主义思想，为党和人民事业发展提供了科学理论指导。中国共产党为什么能，中国特色社会主义为什么好，归根到底是因为马克思主义行！坚定理想信念，坚守共产党人精神追求，始终是共产党人安身立命的根本。一百年来，我们党无论面对胜利还是困难，无论处于顺境还是逆境，都从未放弃对共产主义和社会主义的执着追求和不懈坚守。回首过去，坚持真理、坚守理想的中国共产党人经受住了无数考验，战胜了千难万险；展望未来，真理和理想的明灯必将继续照亮中国共产党人的奋进之路。</p>\n\n<p class=\"text_align-justify text_indent-2em\" data-source=\"cke\"><strong data-source=\"cke\">践行初心、担当使命。</strong>习近平总书记指出：“牢记和践行为中国人民谋幸福、为中华民族谋复兴的初心使命，是贯穿我们党百年奋斗史的一条红线。”党的初心和使命是党的性质宗旨、理想信念、奋斗目标的集中体现，是激励中国共产党人不断前进的根本动力。正是由于始终坚守这个初心和使命，我们党才能在极端困境中发展壮大，才能在濒临绝境中突出重围，才能在困顿逆境中毅然奋起。初心就是力量。一百年来，我们党始终践行为中国人民谋幸福的初心，不断为人民创造幸福生活，从而得到人民群众的衷心拥护和坚定支持。使命就是方向。一百年来，我们党始终勇担为中华民族谋复兴的使命，向着实现中华民族伟大复兴的目标坚定前行，书写了中华民族几千年历史上最恢宏的史诗。初心如磐，使命在肩。中国共产党在强敌环伺中发展壮大，在腥风血雨中绝境重生，在攻坚克难中取得胜利，靠的是什么？就是始终不渝践行初心使命。前进道路上，要永远保持同人民群众的血肉联系，始终同人民想在一起、干在一起，风雨同舟、同甘共苦，继续为实现人民对美好生活的向往、实现中华民族伟大复兴而不懈努力。</p>\n\n<p class=\"text_align-justify text_indent-2em\" data-source=\"cke\"><strong data-source=\"cke\">不怕牺牲、英勇斗争。</strong>习近平总书记指出：“一百年来，在应对各种困难挑战中，我们党锤炼了不畏强敌、不惧风险、敢于斗争、勇于胜利的风骨和品质。这是我们党最鲜明的特质和特点。”不怕牺牲、英勇斗争，集中体现了中国共产党人的精神风范和意志品格。世界上没有哪个党像我们党这样，遭遇过如此多的艰难险阻，经历过如此多的生死考验，付出过如此多的惨烈牺牲。“随时准备为党和人民牺牲一切”是每个党员向党立下的庄重誓言，英勇斗争是中国共产党始终具有的那么一股子气、那么一股子劲。建立中国共产党、成立中华人民共和国、实行改革开放、推进新时代中国特色社会主义事业，都是在斗争中诞生、在斗争中发展、在斗争中壮大的。一代又一代中国共产党人不怕牺牲、英勇斗争，因为他们深知，自己投身的是民族复兴的千秋伟业，肩负的是人民幸福的万钧重担。在实现第二个百年奋斗目标新的赶考之路上，要继续发扬老一辈革命家“宜将剩勇追穷寇，不可沽名学霸王”的革命精神，发扬共产党人“为有牺牲多壮志，敢教日月换新天”的奋斗精神，鼓起迈进新征程、奋进新时代的精气神。</p>\n\n<p class=\"text_align-justify text_indent-2em\" data-source=\"cke\"><strong data-source=\"cke\">对党忠诚、不负人民。</strong>习近平总书记指出：“对党忠诚，是共产党人首要的政治品质。”“江山就是人民、人民就是江山，打江山、守江山，守的是人民的心。”对党忠诚、永不叛党，是党章对党员的基本要求；不负人民，与人民休戚与共、生死相依，体现中国共产党的永恒初心。一百年来，我们党经历了无数艰险和磨难，但任何困难都没有压垮我们，任何敌人都没能打倒我们，靠的就是千千万万党员的忠诚。对党忠诚，不是抽象的而是具体的，不是有条件的而是无条件的。作为一名共产党员，任何时候任何情况下都要不改其心、不移其志、不毁其节，永远信党爱党为党，把许党报国、履职尽责作为人生目标。我们党来自于人民，党的根基和血脉在人民。为人民而生，因人民而兴，始终同人民在一起，为人民利益而奋斗，是我们党立党兴党强党的根本出发点和落脚点。一百年来，中国共产党的一切工作都是为了实现好、维护好、发展好最广大人民根本利益。对党忠诚、不负人民，体现了中国共产党人的政治担当和人民立场，转化为每个党员的自觉行动，必将推动党和人民事业不断向前发展。</p>\n\n<p class=\"text_align-justify text_indent-2em\" data-source=\"cke\"><strong data-source=\"cke\">深刻把握继承发扬伟大建党精神的实践要求</strong></p>\n\n<p class=\"text_align-justify text_indent-2em\" data-source=\"cke\">历史川流不息，精神代代相传。习近平总书记指出：“理想信念之火一经点燃，就永远不会熄灭。”伟大建党精神跨越时空、历久弥新，激励着我们踏平坎坷成大道、斗罢艰险又出发。</p>\n\n<p class=\"text_align-justify text_indent-2em\" data-source=\"cke\"><strong data-source=\"cke\">继承发扬伟大建党精神，建设更加强大的马克思主义执政党。</strong>习近平总书记强调：“办好中国的事情，关键在党。”我们党清醒认识到，同向全面建成社会主义现代化强国进军的伟大社会革命相比，党的自身建设上还存在一些不匹配、不适应的地方。伟大建党精神是中国共产党的精神之源，彰显着党的初心使命、性质宗旨，蕴藏着党发展壮大的精神密码，是我们党勇于自我革命、不断推进党的建设新的伟大工程的强大精神动力。确保我们党在世界形势深刻变化的历史进程中始终走在时代前列，在应对国内外各种风险挑战的历史进程中始终成为全国人民的主心骨，在新时代坚持和发展中国特色社会主义的历史进程中始终成为坚强领导核心，必须深刻把握伟大建党精神对推进党的伟大自我革命提出的要求，牢记打铁必须自身硬的道理，增强全面从严治党永远在路上的政治自觉，以党的政治建设为统领，继续推进新时代党的建设新的伟大工程，不断严密党的组织体系，着力建设德才兼备的高素质干部队伍，坚定不移推进党风廉政建设和反腐败斗争，坚决清除一切损害党的先进性和纯洁性的因素，清除一切侵蚀党的健康肌体的病毒，确保党不变质、不变色、不变味。</p>\n\n<p class=\"text_align-justify text_indent-2em\" data-source=\"cke\"><strong data-source=\"cke\">继承发扬伟大建党精神，进行具有许多新的历史特点的伟大斗争。</strong>习近平总书记强调：“今天，我们比历史上任何时期都更接近、更有信心和能力实现中华民族伟大复兴的目标，同时必须准备付出更为艰巨、更为艰苦的努力。”敢于斗争、敢于胜利是我们党不可战胜的强大精神力量，是我们党的鲜明品格。我们党依靠斗争走到今天，也必然要依靠斗争赢得未来。当前，百年变局叠加世纪疫情，世界不稳定性不确定性明显增加。国内外环境的深刻变化既带来一系列新机遇，也带来一系列新挑战，是危机并存、危中有机、危可转机。越是伟大的事业，越是充满挑战，越需要知重负重、知难克难、顽强拼搏。继承发扬伟大建党精神，就要增强忧患意识、始终居安思危，贯彻总体国家安全观，统筹发展和安全，统筹中华民族伟大复兴战略全局和世界百年未有之大变局，深刻认识我国社会主要矛盾变化带来的新特征新要求，深刻认识错综复杂的国际环境带来的新矛盾新挑战，敢于斗争，善于斗争，逢山开道、遇水架桥，勇于战胜一切风险挑战，在新的征程上不断创造新业绩、铸就新辉煌。</p>\n\n<p class=\"text_align-justify text_indent-2em\" data-source=\"cke\"><strong data-source=\"cke\">继承发扬伟大建党精神，推动实现中华民族伟大复兴的中国梦。</strong>习近平总书记指出，“一百年来，中国共产党团结带领中国人民进行的一切奋斗、一切牺牲、一切创造，归结起来就是一个主题：实现中华民族伟大复兴。”伟大建党精神烛照民族复兴之路，激励一代又一代中国共产党人为实现民族独立、人民解放和国家富强、人民幸福而不懈奋斗。一个知道自己的目的，也知道怎样达到这个目的的政党，一个真正想达到这个目的并且具有达到这个目的所必不可缺的顽强精神的政党——这样的政党将是不可战胜的。新的征程上，必须继承发扬伟大建党精神，坚持党的基本理论、基本路线、基本方略，坚持党的全面领导，不断完善党的领导，统筹推进“五位一体”总体布局、协调推进“四个全面”战略布局，全面深化改革开放，立足新发展阶段，完整、准确、全面贯彻新发展理念，构建新发展格局，推动高质量发展，推进科技自立自强，保证人民当家作主，坚持依法治国，坚持社会主义核心价值体系，坚持在发展中保障和改善民生，坚持人与自然和谐共生，协同推进人民富裕、国家强盛、中国美丽。</p>\n\n<p class=\"text_align-justify text_indent-2em\" data-source=\"cke\">百年岁月峥嵘，精神历久弥坚。习近平总书记在庆祝中国共产党成立100周年大会上的重要讲话，宣示了在新的征程上不断创造新的历史伟业、争取更大光荣的决心和信心。人民日报作为党中央机关报，在革命的烽火中诞生，一张报纸，上连党心，下接民心，始终与党和人民同心同德，在革命、建设、改革各个历史时期发挥了十分重要的作用、创造了光荣历史。人民日报既是我们党在伟大建党精神激励下英勇顽强奋斗、创造辉煌历史的见证者、记录者，也是传承伟大建党精神、弘扬党的光荣传统、忠实履行党的新闻舆论工作职责使命的践行者。新的征程上，我们要坚持以习近平新时代中国特色社会主义思想为指导，坚持用伟大建党精神滋养初心、砥砺使命，增强“四个意识”、坚定“四个自信”、做到“两个维护”，牢记“国之大者”，不断提高政治判断力、政治领悟力、政治执行力，牢牢把握正确政治方向、舆论导向、价值取向，不断扩大地域覆盖面、扩大人群覆盖面、扩大内容覆盖面，充分发挥在舆论上的导向作用、旗帜作用、引领作用，努力把人民日报办得更好，为全面建成社会主义现代化强国、实现中华民族伟大复兴的中国梦作出新的更大贡献。</p>\n\n<!--{img:0}-->\n');

-- ----------------------------
-- Table structure for article_tag
-- ----------------------------
DROP TABLE IF EXISTS `article_tag`;
CREATE TABLE `article_tag`  (
  `id` bigint NOT NULL AUTO_INCREMENT COMMENT '编号',
  `article_id` bigint NOT NULL COMMENT '文章ID',
  `tag` varchar(255) CHARACTER SET utf8 COLLATE utf8_general_ci NULL DEFAULT NULL COMMENT '标签ID',
  PRIMARY KEY (`id`) USING BTREE
) ENGINE = InnoDB AUTO_INCREMENT = 6 CHARACTER SET = utf8 COLLATE = utf8_general_ci COMMENT = '文章&&标签关联表' ROW_FORMAT = Dynamic;

-- ----------------------------
-- Records of article_tag
-- ----------------------------
INSERT INTO `article_tag` VALUES (168, 988350023973625214, '社会');
INSERT INTO `article_tag` VALUES (169, 988350023973625215, '社会');
INSERT INTO `article_tag` VALUES (170, 988350023973625216, '未分类');
INSERT INTO `article_tag` VALUES (171, 988350023973625217, '科技');
INSERT INTO `article_tag` VALUES (172, 988350023973625218, '未分类');
INSERT INTO `article_tag` VALUES (173, 988350023973625219, '房产');
INSERT INTO `article_tag` VALUES (174, 988350023973625220, '未分类');
INSERT INTO `article_tag` VALUES (175, 988350023973625221, '社会');
INSERT INTO `article_tag` VALUES (176, 988350023973625222, '社会,民生');
INSERT INTO `article_tag` VALUES (177, 988350023973625223, '科技');
INSERT INTO `article_tag` VALUES (178, 988350023973625224, '社会,民生');
INSERT INTO `article_tag` VALUES (179, 988350023973625225, '科学探索,医学前沿');
INSERT INTO `article_tag` VALUES (180, 988350023973625226, '科技');
INSERT INTO `article_tag` VALUES (181, 988350023973625227, '社会');
INSERT INTO `article_tag` VALUES (182, 988350023973625228, '军事,武器');
INSERT INTO `article_tag` VALUES (183, 988350023973625229, '科学探索,天文');
INSERT INTO `article_tag` VALUES (184, 988350023973625230, '社会');
INSERT INTO `article_tag` VALUES (185, 988350023973625231, '科技');
INSERT INTO `article_tag` VALUES (186, 988350023973625232, '社会');
INSERT INTO `article_tag` VALUES (187, 988350023973625233, '科学探索,天文');
INSERT INTO `article_tag` VALUES (188, 988350023973625234, '科技');
INSERT INTO `article_tag` VALUES (189, 988350023973625235, '科技');
INSERT INTO `article_tag` VALUES (190, 988350023973625236, '汽车');
INSERT INTO `article_tag` VALUES (191, 988350023973625237, '社会,民生');
INSERT INTO `article_tag` VALUES (192, 988350023973625238, '教育');
INSERT INTO `article_tag` VALUES (193, 988350023973625239, '社会');
INSERT INTO `article_tag` VALUES (194, 988350023973625240, '社会');
INSERT INTO `article_tag` VALUES (195, 988350023973625241, '旅游,境内游');
INSERT INTO `article_tag` VALUES (196, 988350023973625242, '未分类');
INSERT INTO `article_tag` VALUES (197, 988350023973625243, '科学探索,航天航空');
INSERT INTO `article_tag` VALUES (198, 988350023973625244, '社会');
INSERT INTO `article_tag` VALUES (199, 988350023973625245, '社会');
INSERT INTO `article_tag` VALUES (200, 988350023973625246, '未分类');
INSERT INTO `article_tag` VALUES (201, 988350023973625247, '财经');
INSERT INTO `article_tag` VALUES (202, 988350023973625248, '国内,时政');
INSERT INTO `article_tag` VALUES (203, 988350023973625249, '财经,宏观经济');
INSERT INTO `article_tag` VALUES (204, 988350023973625250, '财经');
INSERT INTO `article_tag` VALUES (205, 988350023973625251, '财经,经济民生');
INSERT INTO `article_tag` VALUES (206, 988350023973625252, '国内,时政');
INSERT INTO `article_tag` VALUES (207, 988350023973625253, '财经,股票');
INSERT INTO `article_tag` VALUES (208, 988350023973625254, '国内,时政');
INSERT INTO `article_tag` VALUES (209, 988350023973625255, '财经,经济民生');
INSERT INTO `article_tag` VALUES (210, 988350023973625256, '财经,经济民生');
INSERT INTO `article_tag` VALUES (211, 988350023973625257, '财经');
INSERT INTO `article_tag` VALUES (212, 988350023973625258, '国内,时政');
INSERT INTO `article_tag` VALUES (213, 988350023973625259, '国内,时政');
INSERT INTO `article_tag` VALUES (214, 988350023973625260, '国内,时政');
INSERT INTO `article_tag` VALUES (215, 988350023973625261, '国内,时政');
INSERT INTO `article_tag` VALUES (216, 988350023973625262, '国内,时政');
INSERT INTO `article_tag` VALUES (217, 988350023973625263, '国内,时政');
INSERT INTO `article_tag` VALUES (218, 988350023973625264, '国内,时政');
INSERT INTO `article_tag` VALUES (219, 988350023973625265, '未分类');
INSERT INTO `article_tag` VALUES (220, 988350023973625266, '国内,时政');
INSERT INTO `article_tag` VALUES (221, 988350023973625267, '国内,时政');
INSERT INTO `article_tag` VALUES (222, 988350023973625268, '国内,时政');
INSERT INTO `article_tag` VALUES (223, 988350023973625273, '社会');
INSERT INTO `article_tag` VALUES (224, 988350023973625274, '社会');
INSERT INTO `article_tag` VALUES (225, 988350023973625275, '未分类');
INSERT INTO `article_tag` VALUES (226, 988350023973625276, '科技');
INSERT INTO `article_tag` VALUES (227, 988350023973625277, '未分类');
INSERT INTO `article_tag` VALUES (228, 988350023973625278, '房产');
INSERT INTO `article_tag` VALUES (229, 988350023973625279, '未分类');
INSERT INTO `article_tag` VALUES (230, 988350023973625280, '社会');
INSERT INTO `article_tag` VALUES (231, 988350023973625281, '社会,民生');
INSERT INTO `article_tag` VALUES (232, 988350023973625282, '科技');
INSERT INTO `article_tag` VALUES (233, 988350023973625283, '社会,民生');
INSERT INTO `article_tag` VALUES (234, 988350023973625284, '科学探索,医学前沿');
INSERT INTO `article_tag` VALUES (235, 988350023973625285, '科技');
INSERT INTO `article_tag` VALUES (236, 988350023973625286, '社会');
INSERT INTO `article_tag` VALUES (237, 988350023973625287, '军事,武器');
INSERT INTO `article_tag` VALUES (238, 988350023973625288, '科学探索,天文');
INSERT INTO `article_tag` VALUES (239, 988350023973625289, '社会');
INSERT INTO `article_tag` VALUES (240, 988350023973625290, '科技');
INSERT INTO `article_tag` VALUES (241, 988350023973625291, '社会');
INSERT INTO `article_tag` VALUES (242, 988350023973625292, '科学探索,天文');
INSERT INTO `article_tag` VALUES (243, 988350023973625293, '科技');
INSERT INTO `article_tag` VALUES (244, 988350023973625294, '科技');
INSERT INTO `article_tag` VALUES (245, 988350023973625295, '汽车');
INSERT INTO `article_tag` VALUES (246, 988350023973625296, '社会,民生');
INSERT INTO `article_tag` VALUES (247, 988350023973625297, '教育');
INSERT INTO `article_tag` VALUES (248, 988350023973625298, '社会');
INSERT INTO `article_tag` VALUES (249, 988350023973625299, '社会');
INSERT INTO `article_tag` VALUES (250, 988350023973625300, '旅游,境内游');
INSERT INTO `article_tag` VALUES (251, 988350023973625301, '未分类');
INSERT INTO `article_tag` VALUES (252, 988350023973625302, '科学探索,航天航空');
INSERT INTO `article_tag` VALUES (253, 988350023973625303, '社会');
INSERT INTO `article_tag` VALUES (254, 988350023973625304, '社会');
INSERT INTO `article_tag` VALUES (255, 988350023973625305, '未分类');
INSERT INTO `article_tag` VALUES (256, 988350023973625306, '财经');
INSERT INTO `article_tag` VALUES (257, 988350023973625307, '国内,时政');
INSERT INTO `article_tag` VALUES (258, 988350023973625308, '财经,宏观经济');
INSERT INTO `article_tag` VALUES (259, 988350023973625309, '财经');
INSERT INTO `article_tag` VALUES (260, 988350023973625310, '财经,经济民生');
INSERT INTO `article_tag` VALUES (261, 988350023973625311, '国内,时政');
INSERT INTO `article_tag` VALUES (262, 988350023973625312, '财经,股票');
INSERT INTO `article_tag` VALUES (263, 988350023973625313, '国内,时政');
INSERT INTO `article_tag` VALUES (264, 988350023973625314, '财经,经济民生');
INSERT INTO `article_tag` VALUES (265, 988350023973625315, '财经,经济民生');
INSERT INTO `article_tag` VALUES (266, 988350023973625316, '财经');
INSERT INTO `article_tag` VALUES (267, 988350023973625317, '国内,时政');
INSERT INTO `article_tag` VALUES (268, 988350023973625318, '国内,时政');
INSERT INTO `article_tag` VALUES (269, 988350023973625319, '国内,时政');
INSERT INTO `article_tag` VALUES (270, 988350023973625320, '国内,时政');
INSERT INTO `article_tag` VALUES (271, 988350023973625321, '国内,时政');
INSERT INTO `article_tag` VALUES (272, 988350023973625322, '国内,时政');
INSERT INTO `article_tag` VALUES (273, 988350023973625323, '国内,时政');
INSERT INTO `article_tag` VALUES (274, 988350023973625324, '未分类');
INSERT INTO `article_tag` VALUES (275, 988350023973625325, '国内,时政');
INSERT INTO `article_tag` VALUES (276, 988350023973625326, '国内,时政');
INSERT INTO `article_tag` VALUES (277, 988350023973625327, '国内,时政');

-- ----------------------------
-- Table structure for category
-- ----------------------------
DROP TABLE IF EXISTS `category`;
CREATE TABLE `category`  (
  `id` bigint NOT NULL AUTO_INCREMENT COMMENT '编号',
  `name` varchar(100) CHARACTER SET utf8 COLLATE utf8_general_ci NULL DEFAULT NULL COMMENT '分类名称',
  PRIMARY KEY (`id`) USING BTREE
) ENGINE = InnoDB AUTO_INCREMENT = 5 CHARACTER SET = utf8 COLLATE = utf8_general_ci COMMENT = '分类表' ROW_FORMAT = Dynamic;

-- ----------------------------
-- Records of category
-- ----------------------------
INSERT INTO `category` VALUES (1, '测试');
INSERT INTO `category` VALUES (2, '随笔');
INSERT INTO `category` VALUES (3, '心情');
INSERT INTO `category` VALUES (4, 'springboot');

-- ----------------------------
-- Table structure for comment
-- ----------------------------
DROP TABLE IF EXISTS `comment`;
CREATE TABLE `comment`  (
  `com_id` int NOT NULL AUTO_INCREMENT,
  `auth_id` bigint NOT NULL,
  `article_id` bigint NOT NULL,
  `content` varchar(1500) CHARACTER SET utf8mb4 COLLATE utf8mb4_general_ci NULL DEFAULT NULL COMMENT '留言的内容',
  `status` int NULL DEFAULT NULL COMMENT '当前留言的状态 2已屏蔽 1正常 0审核中',
  `ignore` int NULL DEFAULT NULL COMMENT '是否忽略该留言',
  `publishdate` datetime NULL DEFAULT NULL COMMENT '留言发布的日期',
  PRIMARY KEY (`com_id`) USING BTREE,
  INDEX `user_id`(`auth_id`) USING BTREE,
  INDEX `article_id`(`article_id`) USING BTREE,
  CONSTRAINT `comment_ibfk_1` FOREIGN KEY (`auth_id`) REFERENCES `user` (`user_id`) ON DELETE RESTRICT ON UPDATE RESTRICT
) ENGINE = InnoDB CHARACTER SET = utf8mb4 COLLATE = utf8mb4_general_ci ROW_FORMAT = DYNAMIC;

-- ----------------------------
-- Records of comment
-- ----------------------------
INSERT INTO `comment` VALUES (1, 2019211178, 1, 'testhhh', NULL, NULL, NULL);
INSERT INTO `comment` VALUES (2, 2020140000, 1, '2jjgj', NULL, NULL, NULL);
INSERT INTO `comment` VALUES (3, 2020140000, 2, 'hhhh ', NULL, NULL, NULL);
INSERT INTO `comment` VALUES (4, 2020130576, 1, 'hhghg ', NULL, NULL, NULL);
INSERT INTO `comment` VALUES (6, 2019211179, 988350023973625281, '她她她', 1, NULL, NULL);
INSERT INTO `comment` VALUES (7, 2019211179, 988350023973625281, '给哈哈哈', NULL, NULL, NULL);

-- ----------------------------
-- Table structure for login_log
-- ----------------------------
DROP TABLE IF EXISTS `login_log`;
CREATE TABLE `login_log`  (
  `id` bigint NOT NULL AUTO_INCREMENT COMMENT '编号',
  `username` varchar(20) CHARACTER SET utf8 COLLATE utf8_general_ci NULL DEFAULT NULL COMMENT '用户名',
  `ip` varchar(20) CHARACTER SET utf8 COLLATE utf8_general_ci NULL DEFAULT NULL COMMENT 'IP地址',
  `location` varchar(255) CHARACTER SET utf8 COLLATE utf8_general_ci NULL DEFAULT NULL COMMENT '登录地点',
  `create_time` datetime NULL DEFAULT NULL COMMENT '登录时间',
  `device` varchar(255) CHARACTER SET utf8 COLLATE utf8_general_ci NULL DEFAULT NULL COMMENT '登录设备',
  PRIMARY KEY (`id`) USING BTREE
) ENGINE = InnoDB AUTO_INCREMENT = 110 CHARACTER SET = utf8 COLLATE = utf8_general_ci ROW_FORMAT = Dynamic;

-- ----------------------------
-- Records of login_log
-- ----------------------------
INSERT INTO `login_log` VALUES (1, 'tycoding', '127.0.0.1', '内网IP|0|0|内网IP|内网IP', '2020-06-28 21:13:18', 'Chrome 8 -- Mac OS X');
INSERT INTO `login_log` VALUES (2, 'tycoding', '127.0.0.1', '内网IP|0|0|内网IP|内网IP', '2020-06-28 21:17:13', 'Chrome 8 -- Mac OS X');

-- ----------------------------
-- Table structure for tag
-- ----------------------------
DROP TABLE IF EXISTS `tag`;
CREATE TABLE `tag`  (
  `id` bigint NOT NULL AUTO_INCREMENT COMMENT '编号',
  `name` varchar(100) CHARACTER SET utf8 COLLATE utf8_general_ci NULL DEFAULT NULL COMMENT '标签名称',
  PRIMARY KEY (`id`) USING BTREE
) ENGINE = InnoDB AUTO_INCREMENT = 5 CHARACTER SET = utf8 COLLATE = utf8_general_ci COMMENT = '标签表' ROW_FORMAT = Dynamic;

-- ----------------------------
-- Records of tag
-- ----------------------------
INSERT INTO `tag` VALUES (1, '随笔');
INSERT INTO `tag` VALUES (4, '测试');

-- ----------------------------
-- Table structure for user
-- ----------------------------
DROP TABLE IF EXISTS `user`;
CREATE TABLE `user`  (
  `user_id` bigint NOT NULL,
  `user_name` varchar(20) CHARACTER SET utf8mb4 COLLATE utf8mb4_0900_ai_ci NULL DEFAULT NULL,
  `password` varchar(63) CHARACTER SET utf8mb4 COLLATE utf8mb4_0900_ai_ci NULL DEFAULT NULL,
  `status` int(10) UNSIGNED ZEROFILL NOT NULL DEFAULT 0000000001 COMMENT '当前用户的状态 1正常 0异常',
  `gender` int NULL DEFAULT NULL,
  `birthdate` date NULL DEFAULT NULL,
  `email` varchar(30) CHARACTER SET utf8mb4 COLLATE utf8mb4_0900_ai_ci NULL DEFAULT NULL,
  `phone` varchar(30) CHARACTER SET utf8mb4 COLLATE utf8mb4_0900_ai_ci NULL DEFAULT NULL,
  `graduated` int NULL DEFAULT NULL COMMENT '1代表研究生\r\n0代表本科生',
  `enro_year` int NULL DEFAULT NULL COMMENT '入学年份',
  `nick` varchar(20) CHARACTER SET utf8mb4 COLLATE utf8mb4_0900_ai_ci NULL DEFAULT NULL COMMENT '昵称',
  `user_province` varchar(30) CHARACTER SET utf8mb4 COLLATE utf8mb4_0900_ai_ci NULL DEFAULT NULL,
  `user_city` varchar(30) CHARACTER SET utf8mb4 COLLATE utf8mb4_0900_ai_ci NULL DEFAULT NULL,
  `user_point` int NULL DEFAULT NULL COMMENT '用户积分',
  `remaining_view_num` int NULL DEFAULT NULL COMMENT '用户剩余浏览量',
  `user_exp` int NULL DEFAULT NULL COMMENT '用户经验',
  PRIMARY KEY (`user_id`) USING BTREE
) ENGINE = InnoDB CHARACTER SET = utf8mb4 COLLATE = utf8mb4_0900_ai_ci ROW_FORMAT = DYNAMIC;

-- ----------------------------
-- Records of user
-- ----------------------------
INSERT INTO `user` VALUES (2019211178, 'gjq', NULL, 0000000001, 1, '2021-08-06', 'gjq@qq.com', '13331600193', NULL, NULL, NULL, NULL, NULL, NULL, NULL, NULL);
INSERT INTO `user` VALUES (2019211179, 'kjs', NULL, 0000000001, 0, '2021-08-08', '123@qq.com', '13331626668', NULL, NULL, NULL, NULL, NULL, NULL, NULL, NULL);
INSERT INTO `user` VALUES (2020130576, 'nick', NULL, 0000000001, 1, '2021-08-06', '', '12000000000', NULL, NULL, NULL, NULL, NULL, NULL, NULL, NULL);
INSERT INTO `user` VALUES (2020140000, 'liqw', '81dc9bdb52d04dc20036dbd8313ed055', 0000000000, 1, '2021-08-03', 'zwt@qq.com', '13100000000', 1, 2019, NULL, NULL, NULL, 30, NULL, NULL);
INSERT INTO `user` VALUES (2020140001, 'liqw', NULL, 0000000001, 1, '2021-08-03', 'zwt@qq.com', '13100000000', NULL, NULL, NULL, NULL, NULL, NULL, NULL, NULL);

-- ----------------------------
-- Table structure for user_article
-- ----------------------------
DROP TABLE IF EXISTS `user_article`;
CREATE TABLE `user_article`  (
  `id` int NOT NULL,
  `user_id` int NULL DEFAULT NULL,
  `art_id` int NULL DEFAULT NULL,
  `type` int NULL DEFAULT NULL COMMENT '1代表浏览 2代表点赞，3代表收藏',
  PRIMARY KEY (`id`) USING BTREE
) ENGINE = InnoDB CHARACTER SET = utf8 COLLATE = utf8_general_ci ROW_FORMAT = Dynamic;

-- ----------------------------
-- Records of user_article
-- ----------------------------

-- ----------------------------
-- Table structure for user_log
-- ----------------------------
DROP TABLE IF EXISTS `user_log`;
CREATE TABLE `user_log`  (
  `id` bigint NOT NULL AUTO_INCREMENT COMMENT '编号',
  `username` varchar(20) CHARACTER SET utf8 COLLATE utf8_general_ci NULL DEFAULT NULL COMMENT '操作用户',
  `operation` varchar(20) CHARACTER SET utf8 COLLATE utf8_general_ci NULL DEFAULT NULL COMMENT '操作描述',
  `time` bigint NULL DEFAULT NULL COMMENT '耗时(毫秒)',
  `method` varchar(100) CHARACTER SET utf8 COLLATE utf8_general_ci NULL DEFAULT NULL COMMENT '操作方法',
  `params` varchar(255) CHARACTER SET utf8 COLLATE utf8_general_ci NULL DEFAULT NULL COMMENT '操作参数',
  `ip` varchar(20) CHARACTER SET utf8 COLLATE utf8_general_ci NULL DEFAULT NULL COMMENT 'IP地址',
  `create_time` datetime NULL DEFAULT NULL COMMENT '操作时间',
  `location` varchar(20) CHARACTER SET utf8 COLLATE utf8_general_ci NULL DEFAULT NULL COMMENT '操作地点',
  PRIMARY KEY (`id`) USING BTREE
) ENGINE = InnoDB AUTO_INCREMENT = 94 CHARACTER SET = utf8 COLLATE = utf8_general_ci COMMENT = '系统日志表' ROW_FORMAT = Dynamic;

-- ----------------------------
-- Records of user_log
-- ----------------------------
INSERT INTO `user_log` VALUES (87, 'tycoding', '新增文章', 1, 'cn.tycoding.biz.controller.ArticleController.add()', ' sysArticle\"SysArticle(id=14, title=1, author=tycoding, des=1, content=1, create...', '127.0.0.1', '2020-06-28 23:07:41', '内网IP|0|0|内网IP|内网IP');
INSERT INTO `user_log` VALUES (88, 'tycoding', '更新文章', 1, 'cn.tycoding.biz.controller.ArticleController.update()', ' sysArticle\"SysArticle(id=14, title=123, author=tycoding, des=1, content=1, crea...', '127.0.0.1', '2020-06-28 23:07:55', '内网IP|0|0|内网IP|内网IP');

SET FOREIGN_KEY_CHECKS = 1;
