/*
 Navicat Premium Data Transfer

 Source Server         : local
 Source Server Type    : MySQL
 Source Server Version : 80024
 Source Host           : localhost:3306
 Source Schema         : image_digital

 Target Server Type    : MySQL
 Target Server Version : 80024
 File Encoding         : 65001

 Date: 21/08/2021 21:57:59
*/

SET NAMES utf8mb4;
SET FOREIGN_KEY_CHECKS = 0;

-- ----------------------------
-- Table structure for article
-- ----------------------------
DROP TABLE IF EXISTS `article`;
CREATE TABLE `article`  (
  `art_id` bigint NOT NULL AUTO_INCREMENT COMMENT '文章标号，主键',
  `auth_id` bigint NOT NULL COMMENT '发表文章的用户id 若为官方发布即为0',
  `title` varchar(255) CHARACTER SET utf8mb4 COLLATE utf8mb4_general_ci NOT NULL COMMENT '文章标题',
  `visitornum` int UNSIGNED NULL DEFAULT 0,
  `thumb` int NULL DEFAULT 0,
  `collect` int(10) UNSIGNED ZEROFILL NULL DEFAULT 0000000000,
  `outstanding` int NULL DEFAULT NULL COMMENT '是否首页轮播推荐',
  `status` int NULL DEFAULT NULL COMMENT '当前文章的状态 1正常 0正在编辑',
  `imgurl` varchar(500) CHARACTER SET utf8mb4 COLLATE utf8mb4_general_ci NULL DEFAULT NULL,
  `abstruct` varchar(500) CHARACTER SET utf8mb4 COLLATE utf8mb4_general_ci NULL DEFAULT NULL,
  `url` varchar(255) CHARACTER SET utf8mb4 COLLATE utf8mb4_general_ci NULL DEFAULT NULL COMMENT '文章来源',
  `publishdate` datetime NULL DEFAULT CURRENT_TIMESTAMP,
  `update_time` datetime NULL DEFAULT CURRENT_TIMESTAMP ON UPDATE CURRENT_TIMESTAMP,
  `come_from` varchar(30) CHARACTER SET utf8mb4 COLLATE utf8mb4_general_ci NULL DEFAULT NULL,
  `category` varchar(255) CHARACTER SET utf8mb4 COLLATE utf8mb4_general_ci NULL DEFAULT NULL,
  PRIMARY KEY (`art_id`) USING BTREE,
  INDEX `user_id`(`auth_id`) USING BTREE
) ENGINE = InnoDB AUTO_INCREMENT = 118 CHARACTER SET = utf8mb4 COLLATE = utf8mb4_general_ci ROW_FORMAT = DYNAMIC;

-- ----------------------------
-- Records of article
-- ----------------------------
INSERT INTO `article` VALUES (57, 0, '重庆：记者打探“24小时不打烊”的智慧政务服务中心', 0, 0, 0000000000, NULL, NULL, NULL, NULL, NULL, '2021-08-11 10:57:44', '2021-08-17 18:01:04', 'video-platform-operation_重庆学习平', '5G');
INSERT INTO `article` VALUES (58, 0, '湖南打造智慧智能农机高地', 0, 0, 0000000000, NULL, NULL, NULL, NULL, NULL, '2021-08-11 09:42:16', '2021-08-17 18:01:04', 'yres-article-manual_湖南日报', '5G');
INSERT INTO `article` VALUES (59, 0, '促进科学数据共享 建立激励机制是关键', 1, 0, 0000000000, NULL, NULL, NULL, NULL, NULL, '2021-08-10 15:17:51', '2021-08-17 21:15:03', 'yres-article-manual_科技日报', '科技新闻,5G');
INSERT INTO `article` VALUES (60, 0, '约150年后，数据的比特数量将超地球原子总数', 0, 0, 0000000000, NULL, NULL, NULL, NULL, NULL, '2021-08-10 09:02:15', '2021-08-17 18:01:04', 'yres-article-manual_科技日报', '5G');
INSERT INTO `article` VALUES (61, 0, '上海：借力智慧安防平台，解锁乡村智治新模式', 0, 0, 0000000000, NULL, NULL, NULL, NULL, NULL, '2021-08-09 14:44:32', '2021-08-17 18:01:04', 'yres-article-manual_上海学习平台', '5G');
INSERT INTO `article` VALUES (62, 0, '全国首笔“区块链+闲置住宅”交易在江苏昆山完成', 2, 0, 0000000000, NULL, NULL, NULL, NULL, NULL, '2021-08-09 09:33:36', '2021-08-17 21:16:19', 'yres-article-manual_科技日报', '5G,科技新闻');
INSERT INTO `article` VALUES (63, 0, '湖南张家界武陵源：移动5G技术助力疫情防控', 0, 0, 0000000000, NULL, NULL, NULL, NULL, NULL, '2021-08-09 08:58:29', '2021-08-17 18:01:04', 'video-platform-operation_湖南学习平', '5G');
INSERT INTO `article` VALUES (64, 0, '辽宁大连：“5G+工业互联网” 推动产业数字化', 0, 0, 0000000000, NULL, NULL, NULL, NULL, NULL, '2021-08-09 08:54:41', '2021-08-17 18:01:04', 'video-platform-operation_辽宁学习平', '5G');
INSERT INTO `article` VALUES (65, 0, '天津推动5G在安全生产领域深度应用 联网接入上千家危险化学品企业', 0, 0, 0000000000, NULL, NULL, NULL, NULL, NULL, '2021-08-06 08:24:00', '2021-08-17 18:01:04', 'yres-article-manual_天津日报', '5G');
INSERT INTO `article` VALUES (66, 0, '5G向规模化应用迈进', 0, 0, 0000000000, NULL, NULL, NULL, NULL, NULL, '2021-08-05 11:15:10', '2021-08-17 18:01:04', 'yres-article-manual_经济日报', '5G');
INSERT INTO `article` VALUES (67, 0, '国内首台建筑构件装配机器人下线', 2, 3, 0000000005, NULL, NULL, NULL, NULL, NULL, '2021-08-04 09:50:36', '2021-08-18 16:47:13', 'yres-article-manual_科技日报', '国家工程,5G');
INSERT INTO `article` VALUES (68, 0, '新工艺将液氨直接转为氢气', 0, 0, 0000000000, NULL, NULL, NULL, NULL, NULL, '2021-08-16 14:42:16', '2021-08-17 18:01:04', 'yres-article-manual_科技日报', '科技前沿');
INSERT INTO `article` VALUES (69, 0, '新型“亲水”光敏剂让牙齿美白除菌更高效', 0, 0, 0000000000, NULL, NULL, NULL, NULL, NULL, '2021-08-13 14:58:49', '2021-08-17 18:01:04', 'yres-article-manual_科技日报', '科技前沿');
INSERT INTO `article` VALUES (70, 0, '盘点2021年6月公众关注的科技前沿成果', 0, 0, 0000000000, NULL, NULL, NULL, NULL, NULL, '2021-07-02 13:13:16', '2021-08-17 18:01:04', 'yres-article-manual_新华网', '科技前沿');
INSERT INTO `article` VALUES (71, 0, '我国科学家展示实现拓扑量子计算新方法', 0, 0, 0000000000, NULL, NULL, NULL, NULL, NULL, '2021-08-12 14:30:18', '2021-08-17 18:01:04', 'yres-article-manual_科技日报', '科技前沿');
INSERT INTO `article` VALUES (72, 0, '同济大学学者研发磁性纳米材料让指纹“无处遁形”', 0, 0, 0000000000, NULL, NULL, NULL, NULL, NULL, '2021-08-11 11:14:01', '2021-08-17 18:01:04', 'video-platform-operation_新华社', '默认,科技前沿');
INSERT INTO `article` VALUES (73, 0, '稀土超分子感光变色镜片试制成功', 0, 0, 0000000000, NULL, NULL, NULL, NULL, NULL, '2021-08-11 11:20:47', '2021-08-17 18:01:04', 'yres-article-manual_科技日报', '科技前沿');
INSERT INTO `article` VALUES (74, 0, '俄罗斯科学院制成高透明度电磁辐射屏蔽膜', 0, 0, 0000000000, NULL, NULL, NULL, NULL, NULL, '2021-08-10 15:03:30', '2021-08-17 18:01:04', 'yres-article-manual_科技日报', '科技前沿');
INSERT INTO `article` VALUES (75, 0, '在地球实现行星深处的“魔术” 绝缘纯水首次在实验室转成金属', 0, 0, 0000000000, NULL, NULL, NULL, NULL, NULL, '2021-08-10 09:11:41', '2021-08-17 18:01:04', 'yres-article-manual_科技日报', '科技前沿');
INSERT INTO `article` VALUES (76, 0, '国内首台紫外光催化复合冷链病毒消杀机在闽面世', 1, 0, 0000000000, NULL, NULL, NULL, NULL, NULL, '2021-08-09 11:17:29', '2021-08-17 21:14:46', 'yres-article-manual_科技日报', '科技前沿,科技新闻');
INSERT INTO `article` VALUES (77, 0, '戴口罩也能识别 用量子计算处理人像获指数级加速', 0, 0, 0000000000, NULL, NULL, NULL, NULL, NULL, '2021-08-06 08:59:25', '2021-08-17 18:01:04', 'yres-article-manual_科技日报', '科技前沿');
INSERT INTO `article` VALUES (78, 0, '国药集团重大发现，德尔塔变异毒株有望迎来特效药！', 0, 0, 0000000000, NULL, NULL, NULL, NULL, NULL, '2021-08-05 14:50:51', '2021-08-17 18:01:04', 'yres-article-manual_科技日报', '科学防控,科技前沿');
INSERT INTO `article` VALUES (79, 0, '杭绍台铁路今起开始静态验收 年底前具备开通运营条件', 4, 1, 0000000001, NULL, NULL, NULL, NULL, NULL, '2021-08-16 10:06:07', '2021-08-18 21:22:16', 'yres-article-manual_中央广播电视总台', '国家工程');
INSERT INTO `article` VALUES (80, 0, '跨越山河点亮高原 基础设施建设助推发展', 2, 0, 0000000000, NULL, NULL, NULL, NULL, NULL, '2021-08-16 09:57:20', '2021-08-17 21:14:38', 'video-platform-operation_中央广播电', '国家工程');
INSERT INTO `article` VALUES (81, 0, '探访“猎鹰号”硬气膜实验室', 1, 1, 0000000001, NULL, NULL, NULL, NULL, NULL, '2021-08-16 09:22:41', '2021-08-18 21:21:33', 'yres-article-manual_新华社', '国家工程,科技新闻,科学防控');
INSERT INTO `article` VALUES (82, 0, '复兴号高寒动车组首次试跑中国最东端高铁', 0, 0, 0000000000, NULL, NULL, NULL, NULL, NULL, '2021-08-15 12:44:53', '2021-08-17 18:01:04', 'yres-article-manual_新华社', '综合新闻,国家工程,科技新闻');
INSERT INTO `article` VALUES (83, 0, '山西大同：又萌又节能的大熊猫发电站', 0, 0, 0000000000, NULL, NULL, NULL, NULL, NULL, '2021-08-13 14:19:45', '2021-08-17 18:01:04', 'yres-article-manual_新华社微博', '国家工程');
INSERT INTO `article` VALUES (84, 0, '深海重载作业采矿车“开拓一号”完成1300米深海试验', 1, 1, 0000000001, NULL, NULL, NULL, NULL, NULL, '2021-08-13 09:18:19', '2021-08-18 21:48:15', 'yres-article-manual_新华社', '国家工程');
INSERT INTO `article` VALUES (85, 0, '安徽：引江济淮工程G312合六叶公路桥开通', 0, 0, 0000000000, NULL, NULL, NULL, NULL, NULL, '2021-08-12 10:40:24', '2021-08-17 18:01:04', 'yres-article-manual_中安在线、中安新闻客', '国家工程');
INSERT INTO `article` VALUES (86, 0, '国内最大直径泥水平衡盾构机“运河号”成功始发', 0, 0, 0000000000, NULL, NULL, NULL, NULL, NULL, '2021-08-12 09:20:16', '2021-08-17 18:01:04', 'yres-article-manual_新华社', '国家工程');
INSERT INTO `article` VALUES (87, 0, '潮汐力托举2.2万吨“钢铁巨屋” 世界最大海上换流站落户江苏如东', 1, 0, 0000000000, NULL, NULL, NULL, NULL, NULL, '2021-08-11 09:40:21', '2021-08-18 22:34:29', 'yres-article-manual_科技日报', '国家工程');
INSERT INTO `article` VALUES (88, 0, '国内最大吨位V构转体桥成功转体', 0, 0, 0000000000, NULL, NULL, NULL, NULL, NULL, '2021-08-10 16:00:02', '2021-08-17 18:01:04', 'yres-article-manual_新华社', '综合新闻,国家工程');
INSERT INTO `article` VALUES (89, 0, '70兆帕冬奥配套加氢站投入使用', 0, 0, 0000000000, NULL, NULL, NULL, NULL, NULL, '2021-08-10 10:34:44', '2021-08-17 18:01:04', 'yres-article-manual_科技日报', '国家工程');
INSERT INTO `article` VALUES (90, 0, '推进我国现代化建设的长远之策', 0, 0, 0000000000, NULL, NULL, NULL, NULL, NULL, '2021-08-16 08:44:06', '2021-08-17 18:01:04', 'yres-article-manual_经济日报', '学习理论,经济');
INSERT INTO `article` VALUES (91, 0, '以数字技术推动工业绿色低碳转型', 0, 0, 0000000000, NULL, NULL, NULL, NULL, NULL, '2021-08-12 09:32:16', '2021-08-17 18:01:04', 'yres-article-manual_经济日报', '学习理论,经济');
INSERT INTO `article` VALUES (92, 0, '全面建成小康社会必将载入中华民族发展史册', 0, 0, 0000000000, NULL, NULL, NULL, NULL, NULL, '2021-08-12 08:39:52', '2021-08-17 18:01:04', 'yres-article-manual_《红旗文稿》', '默认,经济');
INSERT INTO `article` VALUES (93, 0, '货币政策的目标取向', 0, 0, 0000000000, NULL, NULL, NULL, NULL, NULL, '2021-08-11 15:37:11', '2021-08-17 18:01:04', 'yres-article-manual_学习时报', '学习理论,经济');
INSERT INTO `article` VALUES (94, 0, '打造数字经济新优势的着力点', 0, 0, 0000000000, NULL, NULL, NULL, NULL, NULL, '2021-08-11 08:42:38', '2021-08-17 18:01:04', 'yres-article-manual_经济日报', '学习理论,经济');
INSERT INTO `article` VALUES (95, 0, '发挥好制造业与服务业在促进高质量发展中的不同作用', 0, 0, 0000000000, NULL, NULL, NULL, NULL, NULL, '2021-08-10 09:22:20', '2021-08-17 18:01:04', 'yres-article-manual_光明日报', '学习理论,经济');
INSERT INTO `article` VALUES (96, 0, '营造良好公平竞争秩序 服务构建新发展格局', 0, 0, 0000000000, NULL, NULL, NULL, NULL, NULL, '2021-08-10 08:21:36', '2021-08-17 18:01:04', 'yres-article-manual_《中国发展观察》', '默认,经济');
INSERT INTO `article` VALUES (97, 0, '如何理解宏观政策跨周期调节', 0, 0, 0000000000, NULL, NULL, NULL, NULL, NULL, '2021-08-10 09:43:26', '2021-08-17 18:01:04', 'yres-article-manual_光明日报', '经济,学习理论');
INSERT INTO `article` VALUES (98, 0, '实现共同富裕须推动有效市场和有为政府更好结合', 0, 0, 0000000000, NULL, NULL, NULL, NULL, NULL, '2021-08-10 09:31:23', '2021-08-17 18:01:04', 'yres-article-manual_浙江日报', '学习理论,经济');
INSERT INTO `article` VALUES (99, 0, '经济恢复成效明显 发展韧性不断增强', 0, 0, 0000000000, NULL, NULL, NULL, NULL, NULL, '2021-08-06 09:00:00', '2021-08-17 18:01:04', 'yres-article-manual_人民日报', '学习理论,经济');
INSERT INTO `article` VALUES (100, 0, '坚持深化供给侧结构性改革 更好服务构建新发展格局', 0, 0, 0000000000, NULL, NULL, NULL, NULL, NULL, '2021-08-05 07:00:00', '2021-08-17 18:01:04', 'yres-article-manual_人民日报', '学习理论,经济');
INSERT INTO `article` VALUES (101, 0, '深入挖掘和阐发中华优秀传统文化新时代价值', 0, 0, 0000000000, NULL, NULL, NULL, NULL, NULL, '2021-08-16 10:21:58', '2021-08-17 18:01:04', 'yres-article-manual_《中国发展观察》20', '学习理论,文化历史');
INSERT INTO `article` VALUES (102, 0, '弘扬延安精神 坚定“四个自信”', 0, 0, 0000000000, NULL, NULL, NULL, NULL, NULL, '2021-08-13 08:14:29', '2021-08-17 18:01:04', 'yres-article-manual_陕西日报', '学习理论,文化历史,延安精神,中国精神谱系');
INSERT INTO `article` VALUES (103, 0, '伟大建党精神照亮前行之路', 0, 0, 0000000000, NULL, NULL, NULL, NULL, NULL, '2021-08-13 06:00:00', '2021-08-17 18:01:04', 'yres-article-manual_人民日报', '学习理论,文化历史');
INSERT INTO `article` VALUES (104, 0, '全面小康融汇光荣与梦想', 0, 0, 0000000000, NULL, NULL, NULL, NULL, NULL, '2021-08-11 05:00:00', '2021-08-17 18:01:04', 'yres-article-manual_人民日报', '学习理论,文化历史');
INSERT INTO `article` VALUES (105, 0, '中华民族伟大复兴的领路人', 0, 0, 0000000000, NULL, NULL, NULL, NULL, NULL, '2021-08-10 06:00:00', '2021-08-17 18:01:04', 'yres-article-manual_人民日报', '学习理论,文化历史');
INSERT INTO `article` VALUES (106, 0, '深刻把握中国共产党百年奋斗的主题 ', 0, 0, 0000000000, NULL, NULL, NULL, NULL, NULL, '2021-08-09 08:48:28', '2021-08-17 18:01:04', 'yres-article-manual_天津日报', '学习理论,文化历史');
INSERT INTO `article` VALUES (107, 0, '深刻理解马克思主义基本原理同中华优秀传统文化相结合', 0, 0, 0000000000, NULL, NULL, NULL, NULL, NULL, '2021-08-09 00:00:00', '2021-08-17 18:01:04', 'yres-article-manual_人民日报', '悟思想,学习理论,文化历史');
INSERT INTO `article` VALUES (108, 0, '在把握历史大势中抓住和用好历史机遇', 0, 0, 0000000000, NULL, NULL, NULL, NULL, NULL, '2021-08-06 07:00:00', '2021-08-17 18:01:04', 'yres-article-manual_人民日报', '学习理论,文化历史,悟思想');
INSERT INTO `article` VALUES (109, 0, '人类文明新形态的中国宣言', 0, 0, 0000000000, NULL, NULL, NULL, NULL, NULL, '2021-08-06 08:42:12', '2021-08-17 18:01:04', 'yres-article-manual_光明日报', '学习理论,悟思想,文化历史');
INSERT INTO `article` VALUES (110, 0, '让科学社会主义焕发强大生机活力', 0, 0, 0000000000, NULL, NULL, NULL, NULL, NULL, '2021-08-05 07:00:00', '2021-08-17 18:01:04', 'yres-article-manual_人民日报', '学习理论,文化历史,党史理论');
INSERT INTO `article` VALUES (111, 0, '深入理解中华文明 增强做中国人的骨气和底气', 0, 0, 0000000000, NULL, NULL, NULL, NULL, NULL, '2021-08-04 09:23:26', '2021-08-17 18:01:04', 'yres-article-manual_光明日报', '学习理论,文化历史');
INSERT INTO `article` VALUES (114, 2020140000, 'mytest', NULL, NULL, NULL, NULL, NULL, NULL, NULL, NULL, '2021-08-17 19:25:22', NULL, NULL, '用户');
INSERT INTO `article` VALUES (115, 2019211178, '测试文章', NULL, NULL, NULL, NULL, NULL, NULL, NULL, NULL, '2021-08-17 19:36:51', NULL, NULL, '科学精神');
INSERT INTO `article` VALUES (116, 2019211178, '我爱中国', NULL, NULL, NULL, NULL, NULL, NULL, NULL, NULL, '2021-08-17 21:16:51', NULL, NULL, '科技研究');
INSERT INTO `article` VALUES (117, 2019211178, '21315', 0, 0, 0000000000, NULL, NULL, NULL, NULL, NULL, '2021-08-20 15:37:55', '2021-08-20 15:37:55', NULL, '科学前沿');

-- ----------------------------
-- Table structure for article_category
-- ----------------------------
DROP TABLE IF EXISTS `article_category`;
CREATE TABLE `article_category`  (
  `id` bigint NOT NULL AUTO_INCREMENT COMMENT '编号',
  `article_id` bigint NOT NULL COMMENT '文章ID',
  `category` varchar(50) CHARACTER SET utf8 COLLATE utf8_general_ci NOT NULL COMMENT '分类ID',
  PRIMARY KEY (`id`) USING BTREE
) ENGINE = InnoDB AUTO_INCREMENT = 388 CHARACTER SET = utf8 COLLATE = utf8_general_ci COMMENT = '文章&&分类关联表' ROW_FORMAT = DYNAMIC;

-- ----------------------------
-- Records of article_category
-- ----------------------------
INSERT INTO `article_category` VALUES (333, 57, '5G');
INSERT INTO `article_category` VALUES (334, 58, '5G');
INSERT INTO `article_category` VALUES (335, 59, '科技新闻,5G');
INSERT INTO `article_category` VALUES (336, 60, '5G');
INSERT INTO `article_category` VALUES (337, 61, '5G');
INSERT INTO `article_category` VALUES (338, 62, '5G,科技新闻');
INSERT INTO `article_category` VALUES (339, 63, '5G');
INSERT INTO `article_category` VALUES (340, 64, '5G');
INSERT INTO `article_category` VALUES (341, 65, '5G');
INSERT INTO `article_category` VALUES (342, 66, '5G');
INSERT INTO `article_category` VALUES (343, 67, '国家工程,5G');
INSERT INTO `article_category` VALUES (344, 68, '科技前沿');
INSERT INTO `article_category` VALUES (345, 69, '科技前沿');
INSERT INTO `article_category` VALUES (346, 70, '科技前沿');
INSERT INTO `article_category` VALUES (347, 71, '科技前沿');
INSERT INTO `article_category` VALUES (348, 72, '默认,科技前沿');
INSERT INTO `article_category` VALUES (349, 73, '科技前沿');
INSERT INTO `article_category` VALUES (350, 74, '科技前沿');
INSERT INTO `article_category` VALUES (351, 75, '科技前沿');
INSERT INTO `article_category` VALUES (352, 76, '科技前沿,科技新闻');
INSERT INTO `article_category` VALUES (353, 77, '科技前沿');
INSERT INTO `article_category` VALUES (354, 78, '科学防控,科技前沿');
INSERT INTO `article_category` VALUES (355, 79, '国家工程');
INSERT INTO `article_category` VALUES (356, 80, '国家工程');
INSERT INTO `article_category` VALUES (357, 81, '国家工程,科技新闻,科学防控');
INSERT INTO `article_category` VALUES (358, 82, '综合新闻,国家工程,科技新闻');
INSERT INTO `article_category` VALUES (359, 83, '国家工程');
INSERT INTO `article_category` VALUES (360, 84, '国家工程');
INSERT INTO `article_category` VALUES (361, 85, '国家工程');
INSERT INTO `article_category` VALUES (362, 86, '国家工程');
INSERT INTO `article_category` VALUES (363, 87, '国家工程');
INSERT INTO `article_category` VALUES (364, 88, '综合新闻,国家工程');
INSERT INTO `article_category` VALUES (365, 89, '国家工程');
INSERT INTO `article_category` VALUES (366, 90, '学习理论,经济');
INSERT INTO `article_category` VALUES (367, 91, '学习理论,经济');
INSERT INTO `article_category` VALUES (368, 92, '默认,经济');
INSERT INTO `article_category` VALUES (369, 93, '学习理论,经济');
INSERT INTO `article_category` VALUES (370, 94, '学习理论,经济');
INSERT INTO `article_category` VALUES (371, 95, '学习理论,经济');
INSERT INTO `article_category` VALUES (372, 96, '默认,经济');
INSERT INTO `article_category` VALUES (373, 97, '经济,学习理论');
INSERT INTO `article_category` VALUES (374, 98, '学习理论,经济');
INSERT INTO `article_category` VALUES (375, 99, '学习理论,经济');
INSERT INTO `article_category` VALUES (376, 100, '学习理论,经济');
INSERT INTO `article_category` VALUES (377, 101, '学习理论,文化历史');
INSERT INTO `article_category` VALUES (378, 102, '学习理论,文化历史,延安精神,中国精神谱系');
INSERT INTO `article_category` VALUES (379, 103, '学习理论,文化历史');
INSERT INTO `article_category` VALUES (380, 104, '学习理论,文化历史');
INSERT INTO `article_category` VALUES (381, 105, '学习理论,文化历史');
INSERT INTO `article_category` VALUES (382, 106, '学习理论,文化历史');
INSERT INTO `article_category` VALUES (383, 107, '悟思想,学习理论,文化历史');
INSERT INTO `article_category` VALUES (384, 108, '学习理论,文化历史,悟思想');
INSERT INTO `article_category` VALUES (385, 109, '学习理论,悟思想,文化历史');
INSERT INTO `article_category` VALUES (386, 110, '学习理论,文化历史,党史理论');
INSERT INTO `article_category` VALUES (387, 111, '学习理论,文化历史');

-- ----------------------------
-- Table structure for article_content
-- ----------------------------
DROP TABLE IF EXISTS `article_content`;
CREATE TABLE `article_content`  (
  `art_id` bigint NOT NULL,
  `content` longtext CHARACTER SET utf8mb4 COLLATE utf8mb4_general_ci NULL,
  PRIMARY KEY (`art_id`) USING BTREE
) ENGINE = InnoDB CHARACTER SET = utf8mb4 COLLATE = utf8mb4_general_ci ROW_FORMAT = DYNAMIC;

-- ----------------------------
-- Records of article_content
-- ----------------------------
INSERT INTO `article_content` VALUES (57, '');
INSERT INTO `article_content` VALUES (58, '<p class=\"text_align-justify text_indent-2em\" data-source=\"cke\">农机监测加快“织网”，农机作业开通“千里眼”。记者今天从湖南省农机事务中心获悉，湖南省农机监测系统已接入90个县级平台，农机作业现场一目了然，机械化增产增收更有保障。</p>\n\n<p class=\"text_align-justify text_indent-2em\" data-source=\"cke\">据介绍，农机监测系统采用北斗导航定位技术、无线通信技术和检测传感技术，对农机作业的过程和面积实施准确监测。至8月上旬，该平台监测终端10990台大中型农机，监测各类机械化作业总面积406.3万亩。</p>\n\n<p class=\"text_align-justify text_indent-2em\" data-source=\"cke\">今年以来，湖南省加快打造智慧智能农机高地。湖南智能农机创新研发中心日前挂牌成立，聘请中国工程院院士罗锡文、赵春江领衔攻关，着力突破“卡脖子”技术瓶颈。重点打造湖南汉寿、双峰两个农机制造基地，建设双季稻全程机械化示范区、丘陵山区设施农业示范区、数字农业示范区等“一中心两基地三示范区”，推进“三高四新”战略落实落地。</p>\n\n<p class=\"text_align-justify text_indent-2em\" data-source=\"cke\">科技赋能“铁牛”，田野充满“智慧”。长沙市望城区创建首个无人农场，实现全程无人操作的机械化种植水稻。在沅江市草尾镇、常德市西洞庭管理区的中联智慧农业示范基地，记者看到田里布设土壤墒情数据收集、苗情观测、虫害测报等多种仪器。工作人员告诉记者，基地采用大数据、物联网、智能制造等技术，探索数字化种植水稻的标准体系。</p>\n\n<p class=\"text_align-justify text_indent-2em\" data-source=\"cke\">“田间设备采集温、光、水分等数据，并监测土壤氮磷钾含量、虫情动态。”据中联智慧农业项目负责人介绍，运用数据精准指导水稻生产，有效降低化肥、农药使用量，与普通种植比较，每亩节本增效200元以上。（记者张尚武 通讯员谢国政 万凌肖）</p>\n\n<!--{img:0}-->\n');
INSERT INTO `article_content` VALUES (59, '<p class=\"text_align-justify text_indent-2em\" data-source=\"cke\">科学数据是国家科技创新和发展的基础性战略资源，增强数据资源利用至关重要。</p>\n\n<p class=\"text_align-justify text_indent-2em\" data-source=\"cke\">8月9日，记者从中科院青藏高原所获悉，我国研究人员发表评论文章分析我国科学数据共享的现状，总结了我国在科学数据共享方面取得的成功经验，并呼吁对数据共享给予政策支持，对数据贡献者予以激励，从而实现更广泛的数据共享。相关研究成果在线发表于《自然·地球科学》杂志。</p>\n\n<p class=\"text_align-justify text_indent-2em\" data-source=\"cke\">数据流动和信息共享对人类科技进步至关重要，数据中心是促进科学数据开放共享的重要载体。近年来，我国在促进科学数据共享方面出台了一系列举措。2018年，国务院办公厅印发的《科学数据管理办法》中指出，数据开放将是受政府预算资金资助研究项目的基本原则；2019年，国家青藏高原科学数据中心、国家人口健康科学数据中心、国家天文科学数据中心等第一批20个国家数据中心上线。</p>\n\n<p class=\"text_align-justify text_indent-2em\" data-source=\"cke\">然而，最近的一项超过2000名我国研究学者参与的调查显示，我国的研究学者虽有分享研究数据的意愿，但也担心数据的误用及版权和许可受到侵犯。在我国，与同事和合作者私下共享数据的情况更为普遍，而不是更广泛的公开共享。“可见，要增加新建科学数据中心的影响力，并在我国研究人员中更为广泛地树立数据共享的信心，仍需大量工作。”中国科学院青藏高原研究所研究员、国家青藏高原科学数据中心主任李新坦言。</p>\n\n<p class=\"text_align-justify text_indent-2em\" data-source=\"cke\">为了推动我国科学数据广泛共享，国家自然科学基金委在地学领域的两个重大研究计划——“中国西部环境与生态科学研究”和“黑河流域生态—水文过程集成研究”中提出了新要求：受资助项目得到的科学数据都必须在国家自然科学基金委地球科学数据中心公开共享；在项目的年度评估、中期考核及最终评估环节，数据提交共享和数据质量都是被评定的内容。</p>\n\n<p class=\"text_align-justify text_indent-2em\" data-source=\"cke\">同时，这项机制还明确了数据共享者的贡献，并给予他们激励。迄今为止，已有2500多篇科学论文引用了这些数据集。“这两个重大研究计划强调数据共享的强制性，以及对数据共享者的肯定和对知识产权的尊重。”李新说。</p>\n\n<p class=\"text_align-justify text_indent-2em\" data-source=\"cke\">更令人欣慰的是，中国科学院近期发起了地球大数据科学工程专项，该项目旨在构建一个地球科学数据的信息基础设施。通过收集来自专项的各类数据，地球大数据平台目前已存储超过5PB的数据，其下载已经超过50万次。</p>\n\n<p class=\"text_align-justify text_indent-2em\" data-source=\"cke\">基于此，专家呼吁，我国还要在政策、管理、技术和国际化等方面采取更为具体的行动，以更大的力度和措施提高科学家共享数据的意愿，提高我国科学数据中心的影响力，推动更为广泛的科学数据共享。</p>\n\n<p class=\"text_align-justify text_indent-2em\" data-source=\"cke\" abs_visibility=\"true\">李新表示，在政策方面，要进一步明确敏感数据及其使用界限；在管理方面，可将科学数据质量等指标纳入评价机制，数据中心也可通过推进数据引用、利用数据重用指标来量化每个数据集的影响，以激励数据贡献者；在技术方面，数据中心可以通过提供数据集成与包括机器学习等技术在内的平台、数据搜索引擎、智能数据处理工具等措施，更为有效地为用户和机器提供更加友好、智能的服务；在国际化方面，鼓励以中英文双语发布元数据和数据，并积极参与国际认证，以增强中国数据中心的国际影响力。（记者陆成宽）</p>\n\n<!--{img:0}-->\n');
INSERT INTO `article_content` VALUES (60, '<p class=\"text_align-justify text_indent-2em\" data-source=\"cke\">人类在过去150年里取得的技术进步比在之前的2000年里取得的还要多。数字电路可以说是人类历史上最重要的发展成就之一。</p>\n\n<p class=\"text_align-justify text_indent-2em\" data-source=\"cke\">自从1947年发明晶体管和1956年发明集成微芯片以来，我们的社会经历了一次重大转变。仅仅50年里，我们在计算能力、无线技术、互联网、人工智能、显示技术、移动通信、交通、医学和太空探索方面都取得了前所未有的进步。</p>\n\n<p class=\"text_align-justify text_indent-2em\" data-source=\"cke\">数字信息已经渗透到人们生活和社会的方方面面，以至于近些年信息生产量的增长似乎势不可当。在地球上，我们每天都会产生5亿条推文、2940亿封电子邮件、400万GB的Facebook数据、650亿条WhatsApp消息和72万个小时的YouTube新视频。</p>\n\n<p class=\"text_align-justify text_indent-2em\" data-source=\"cke\">全世界在2018年创建、捕获、复制和消耗的数据总量为33ZB，相当于33万亿GB。2020年，这一数字增长到59ZB，预计到2025年将达到令人难以想象的175ZB。</p>\n\n<p class=\"text_align-justify text_indent-2em\" data-source=\"cke\">为了让这些数字更直观，我们假设每一个比特都是一枚1英镑的硬币，大约3毫米厚。由一摞硬币组成的1ZB将有2550光年高，可以让你到达最近的恒星系统半人马座阿尔法星600次。目前，我们每年产生的数据量是这个数字的59倍，复合增长率估计在61%左右。</p>\n\n<p class=\"text_align-justify text_indent-2em\" data-source=\"cke\">大部分数字信息存储在3种地方。第一是全球各地的终端，包括所有物联网设备、个人电脑、智能手机和所有其他信息存储设备。第二是边缘位置，包括基础设施如手机发射塔和机构服务器，以及服务处，如大学、政府办公室、银行和工厂。第三是传统数据服务器和云数据中心。它们是存储大部分数据的核心位置。</p>\n\n<p class=\"text_align-justify text_indent-2em\" data-source=\"cke\">世界上大约有600个超大规模的数据中心，每个都拥有超过5000台服务器。中国、日本、英国、德国和澳大利亚的服务器数量总和约占总数的30%。</p>\n\n<p class=\"text_align-justify text_indent-2em\" data-source=\"cke\">世界上最大的数据服务器是位于中国呼和浩特的中国电信数据中心（占地100万平方米）和位于美国内华达州里诺市附近的The Citadel数据中心（占地67万平方米）。</p>\n\n<p class=\"text_align-justify text_indent-2em\" data-source=\"cke\">为满足日益增长的数字数据存储需求，每两年就会有约100个新的超大规模数据中心建成。一项最近的研究调查了这种趋势，结论显示，若年增长率为50%，那么大约110年后，维持这种数字化生产所需的能源将超过现在的全球能源消耗总量。大约150年后，数据的比特数量将达到一个不可估量的数值，超过地球上所有的原子数量。</p>\n\n<p class=\"text_align-justify text_indent-2em\" data-source=\"cke\">（Melvin M. Vopson撰文，张乃欣翻译，据《环球科学》）</p>\n\n<!--{img:0}-->\n');
INSERT INTO `article_content` VALUES (61, '<p class=\"text_align-justify text_indent-2em\" data-source=\"cke\">2020年，一场突如其来的新冠肺炎疫情让人措手不及。在全国“外防输入，内防反弹”大形势下，上海市宝山区杨行镇西街村的智慧安防大显身手：“道闸、门禁、刷脸，放行……”一连串行云流水般的数字智慧流程，让西街村的疫情防控手段插上了科技的翅膀，让小小的基层村落开启了现代化治理的模式。</p>\n\n<!--{img:0}-->\n\n<!--{img:1}-->\n\n<p class=\"text_align-justify text_indent-2em\" data-source=\"cke\">西街村智慧安防平台始建于2019年，在疫情防控期间发挥了显著效果，让西街村更坚定了“数字”化的治理手段，持续探索深化平台应用，通过构筑“三张网”，创新“1+2+N”的乡村智慧治理模式，形成了以视频中台为核心，监控网格和道闸门禁设施为支点，人员管理、车辆分流、环境维护、安全监测等多场景应用的治理架构，助推乡村治理从复杂、被动、分散，向集约、高效、精准转变。</p>\n\n<!--{img:2}-->\n\n<!--{img:3}-->\n\n<p class=\"text_align-justify text_indent-2em\" data-source=\"cke\"><strong data-source=\"cke\">织密织牢“数据网”，关口前移管源头</strong></p>\n\n<p class=\"text_align-justify text_indent-2em\" data-source=\"cke\">由于紧邻地铁一号线，交通便利，村内外来租户多、流动快、出入车辆杂。西街村在出入口安装智能门禁、道闸，对村内常住人口进行全面排摸，采集人员、车牌数据3000余条，这些数据输入智慧安防平台，配合人脸、车牌识别技术，实现“刷脸、刷牌”入村，严格农房出租管理，清退了外来租户，村内来沪流动人员从6000余人减少到4000余人，有效遏制了群租乱象，消除安全隐患。同时，合理匹配停车场设计容量，入村车辆稳定控制在400余辆，村内车辆停放、道路交通更加井然有序。</p>\n\n<!--{img:4}-->\n\n<!--{img:5}-->\n\n<p class=\"text_align-justify text_indent-2em\" data-source=\"cke\"><strong data-source=\"cke\">周密布局“监测网”，围绕重点强监督</strong></p>\n\n<p class=\"text_align-justify text_indent-2em\" data-source=\"cke\">2019年，西街村创建宝山区“美丽乡村达标村”期间共拆除违章搭建12220平方米，清理各类垃圾5838吨，改建垃圾厢房6座，修建停车场4处。为巩固成果，西街村借助智慧安防平台，在入口处、道路岔口、停车场、河道两侧、垃圾堆积高频点位等区域加装监控设备50余套，围绕公共安全、环境治理、秩序管理，多层级、精准化布局监控网络，实现对重点场所24小时“不下线”管理，杜绝垃圾偷倒、私拉乱建、车辆占道等乱象，通过智能监控设备，确保了整治后零反弹、零回潮，让美丽乡村建设成效得到长久落实。</p>\n\n<!--{img:6}-->\n\n<!--{img:7}-->\n\n<p class=\"text_align-justify text_indent-2em\" data-source=\"cke\"><strong data-source=\"cke\">融合联动“人力网”，解决问题见实效</strong></p>\n\n<p class=\"text_align-justify text_indent-2em\" data-source=\"cke\">在打造严密安防网络、强化问题发现机制的同时，西街村通过“数据+人”，打通问题发现、上报、处理的高速通道。安排专人值守视频中台，发挥视频中台信息集成枢纽作用，通过数据赋能实现村内问题的快发现、快上报。联合警务工作站，借助警务人力资源，配强处置应对力量，完善村内安全问题响应工作机制，做到第一时间上报警情、第一时间人员到位、第一时间响应处置，通过“线上”“线下”的双向互动，实现社会治安事件零发生，守护好群众的生命财产安全，让群众生活得安心、放心。</p>\n\n<!--{img:8}-->\n\n<!--{img:9}-->\n\n<p class=\"text_align-justify text_indent-2em\" data-source=\"cke\">西街村依托智慧安防平台应用，立足本村实际，深入挖掘“数据+人”的乡村治理机制潜力，在农民房出租管理、人居环境优化管理、社会综合治理方面，补齐传统治理短板，优化传统乡村治理模式耗时长、成本高、效率低的问题，探索构建起更加精准、高效、便捷的乡村智治体系。</p>\n\n<p class=\"text_align-justify text_indent-2em\" data-source=\"cke\">（图片来源：上海市宝山区杨行镇西街村）</p>\n\n<!--{img:10}-->\n');
INSERT INTO `article_content` VALUES (62, '<p class=\"text_align-justify text_indent-2em\" data-source=\"cke\">8月2日下午，江苏省昆山市首次运用区块链技术完成农村闲置住宅使用权流转交易，永新村六如墩25号闲置住宅12年使用权被企业以18.69元/（月·平方米）的单价在江苏省农村产权交易信息服务平台上竞得。依托江苏省信息服务平台，此笔交易信息直接上链存证，保证房源可信、交易真实、结果可追溯。</p>\n\n<p class=\"text_align-justify text_indent-2em\" data-source=\"cke\">这是继江苏在射阳县探索农村土地线上全流程“不见面”交易、金湖县探索“区块链+农村产权交易+抵押贷款”服务后，农村产权交易领域的再创新。据了解，这也是全国首笔基于区块链技术的闲置住宅使用权流转。</p>\n\n<p class=\"text_align-justify text_indent-2em\" data-source=\"cke\">通过将闲置住宅使用权“上链”流转，破解了交易可信的难题，从而进一步盘活农村“沉睡”资产、扩大农户财产收益权。“交易完成后，后续合同拟定、签约这些都不用老百姓自己跑了，日后租金收入村里会直接全额分到‘户主’手上，交易过程都看得到，群众很放心！”淀山湖永新村村委会主任蔡顺华说道。</p>\n\n<p class=\"text_align-justify text_indent-2em\" data-source=\"cke\">合同签订后，这些农房将会被改造成为民宿，接待外地游客。昆山市农业农村局发展改革与资产管理科科长戴欢告诉记者，昆山毗邻上海，进城务工或在外定居的人不在少数，村里一些农房处于闲置状态，而每逢节假日，昆山乡镇又会成为“周边游”的热门选择。民宿和农家乐的发展加速了闲置住宅升级改造的需求。</p>\n\n<p class=\"text_align-justify text_indent-2em\" data-source=\"cke\">虽然需求量大，但是闲置住宅流转纠纷问题一直存在。过去闲置住宅多是私下协商流转，没有规范的流转程序和合同，对权籍信息和地籍信息难以确认，农房主人或第三方租客如违反合约，经常引发矛盾。此外，更因缺乏可证可信的交易信息，银行无法提供后续的金融服务与保障，使得区域农房交易难以形成规模化流转与产业化经营。</p>\n\n<p class=\"text_align-justify text_indent-2em\" data-source=\"cke\">一方面是有需求的市场，另一方面又是难以流转的闲置住宅。昆山市以承担全国宅基地制度改革试点为契机，在淀山湖镇六如墩村成立了专业合作社，村民将闲置住宅入股合作社并委托给社里，在江苏省农村产权交易信息服务平台进行流转，依托区块链技术，既规范了交易又实现了可信。</p>\n\n<p class=\"text_align-justify text_indent-2em\" data-source=\"cke\">“这栋农房变成民宿后，将给农户带来每年5万多元的稳定收益，还将额外获得民宿项目年净利润的20%分红。”蔡顺华补充道。</p>\n\n<p class=\"text_align-justify text_indent-2em\" data-source=\"cke\">据了解，该闲置住宅使用权流转由昆山市农业农村局在江苏省农业农村厅、江苏省财政厅等指导下联合打造，江苏南京南大尚诚软件有限公司和蚂蚁链提供技术支持。</p>\n\n<p class=\"text_align-justify text_indent-2em\" data-source=\"cke\">江苏省农业农村厅农村合作经济指导处处长张玉庆说：“昆山以承担全国深化农村宅基地制度改革试点为契机，积极探索闲置住宅使用权流转现实路径，通过将闲置住宅在农村产权交易平台上应用区块链技术流转，一方面可以规范流转行为，减少交易纠纷；另一方面通过交易的信息和上链的数据，可引导更多的金融活水流向农村。”</p>\n\n<p class=\"text_align-justify text_indent-2em\" data-source=\"cke\">记者了解到，目前昆山正在推进农房规范翻建工作，农房已翻建完成1.3万余户，接下来将持续推进宅基地确权颁证工作，明晰农户的房屋所有权和宅基地使用权，为农村宅基地流转、抵押等权能拓展提供基础。（科技日报记者张晔）</p>\n\n<!--{img:0}-->\n');
INSERT INTO `article_content` VALUES (63, '');
INSERT INTO `article_content` VALUES (64, '');
INSERT INTO `article_content` VALUES (65, '<p class=\"text_align-justify text_indent-2em\" data-source=\"cke\">超高清视频、AI分析预警、巡检机器人……随着5G、大数据、云计算、人工智能等新一代信息技术在安全监管中的融合应用，天津市安全生产实现从静态分析向动态感知、从事后应急向事前预防、从单点防控向全局联防的转变，建立起了事前监测预防、事中应急处置以及事后巩固加强的动态防护体系。目前，天津市上千家危险化学品企业已联网接入天津市、区两级应急部门。这是记者在8月4日天津市召开的“5G+安全生产”推动会上获悉的。</p>\n\n<p class=\"text_align-justify text_indent-2em\" data-source=\"cke\">近年来，天津市安全监管部门加大在安全生产领域的信息化投入，相继推动上线“天津市安全生产防控网”“危险化学品重大危险源在线监测及事故预警系统”“安全生产隐患排查治理系统”和“安全监管移动执法”等信息化系统。目前，天津市、区两级应急部门共联网接入企业1207家，其中危险化学品企业1163家、工贸企业30家、其他企业14家，安装视频监控5844处，具备了重大危险源企业重点部位视频和储罐液位、压力、温度等风险参数的实时监测预警能力，相关传感数据实时上传应急管理部，为做好安全生产风险隐患化解工作奠定了基础。</p>\n\n<p class=\"text_align-justify text_indent-2em\" data-source=\"cke\">下一步，天津市将加快推进5G基础设施建设，树立一批高水平5G应用标杆，形成一批成熟的应用解决方案，建设一批行业特色应用集群，并加强跨部门、跨行业、跨领域的协同合作，通过建设市级安全生产监管平台与数据支撑平台，支撑安全生产全过程、全要素、全产业链的连接和融合。依托新型基础设施载体，提升安全生产快速感知、实时监测、超前预警、应急处置、系统评估等五大新型能力，并加快在安全生产领域制定基于5G新基础设施的协议标准和数据格式，制定多层平台联动框架和标准，推动安全生产全过程中风险可感知、可分析、可预测、可管控。深化“5G+安全生产”的融合应用，企业层面提升工业企业数字化、网络化、智能化水平，把一线人员从危险作业现场解放出来，实现“机械化换人”“自动化减人”，而监管层面要通过全要素网络化连接和智能化管控，实现不同企业、不同部门与不同层级之间的协同联动，整体把握行业、区域的安全风险动态变化，提前预警，化解风险隐患。</p>\n\n<p class=\"text_align-justify text_indent-2em\" data-source=\"cke\">8月4日，由天津市工业和信息化局联合天津市应急管理局共同举办的天津市“5G+安全生产”推动会，是全国5G行业应用规模化发展现场会召开后，首次由省部级、跨部门合作举办的5G创新应用专题推广大会。（天津日报记者吴巧君）</p>\n\n<!--{img:0}-->\n');
INSERT INTO `article_content` VALUES (66, '<!--{img:0}-->\n\n<!--{img:1}-->\n\n<p class=\"text_align-justify text_indent-2em\" data-source=\"cke\">“推动5G应用规模化发展是赋能制造业数字化转型、提升产业链供应链韧性的重要举措。”在前不久举行的全国5G行业应用规模化发展现场会上，工业和信息化部部长肖亚庆表示，5G将与人工智能、大数据等技术结合，构建数据要素更快速可靠流通的信息“大动脉”，释放数字对经济发展的放大、叠加、倍增作用，优化技术、资本、人才等要素配置，赋能经济高质量发展。</p>\n\n<p class=\"text_align-justify text_indent-2em\" data-source=\"cke\">但也要看到，5G与行业融合是一个渐进的过程，需要遵循从试点示范到复制推广再到大规模应用的发展规律，其中必然经历各种坎坷，因此需要各方优势互补，打通技术、标准、产品、方案等各环节，打造跨行业协同的5G应用“大生态系统”。</p>\n\n<p class=\"text_align-justify text_indent-2em\" data-source=\"cke\"><strong data-source=\"cke\">制造业数字化转型不是“选择题”，而是关乎生存和长远发展的“必修课”</strong></p>\n\n<p class=\"text_align-justify text_indent-2em\" data-source=\"cke\">“5G商用两年多来，在技术标准、网络建设和产业发展等方面取得积极进展，5G应用实现从0到1的突破，在工业、能源、交通等多个先导行业率先落地。”工业和信息化部信息通信发展司司长谢存表示，当前我国5G发展已走在世界的前列，5G应用探索不断深入，电信运营企业、设备商、行业单位等陆续打造了一批面向不同行业的应用场景。</p>\n\n<p class=\"text_align-justify text_indent-2em\" data-source=\"cke\">在深圳比亚迪总装车厂，中国联通以5G技术全程赋能老旧工厂数字化升级。通过构建高质量的5G行业虚拟专网，为企业部署MEC边缘云平台和网络切片，结合自主研发的AI平台能力，落地13种“5G+工业互联网”融合创新应用。</p>\n\n<p class=\"text_align-justify text_indent-2em\" data-source=\"cke\">“5G与AI相结合应用在车窗合规检测环节，使生产效率提升15%，车窗涂胶不良品流出由原来每月1例至2例降到0，实现企业精益化管理。”中国联通总经理陈忠岳介绍，通过5G+AGV智能物流、5G+AI车尾识别等应用，物流效率提升15%、车标错漏贴问题发生率从原来每月2辆至3辆降为0，全方位打造5G柔性化生产线。</p>\n\n<p class=\"text_align-justify text_indent-2em\" data-source=\"cke\">为解决输电线路巡视工作量大和人工作业效率低之间的突出矛盾，深圳供电局探索应用5G、人工智能等技术，在输电线路上部署2727套智能摄像头，并结合可自动识别外力破坏隐患和设备缺陷的12种算法，打造了新一代输电智能巡检系统，实现足不出户就能“一日尽览鹏城塔”。</p>\n\n<p class=\"text_align-justify text_indent-2em\" data-source=\"cke\">“巡视一回500千伏输电线路，传统人工巡视需要2个人巡视10天，现在通过新一代输电智能巡检系统，2小时就可以完成了，巡视效率较人工作业提升了11倍。”深圳供电局输电管理所线路部副主管裴慧坤说。</p>\n\n<p class=\"text_align-justify text_indent-2em\" data-source=\"cke\">截至目前，全国5G应用创新案例超过1万个，“5G+工业互联网”项目超过1500个，138个钢铁企业、194个电力企业、175个矿山、89个港口实现5G应用商用落地。</p>\n\n<p class=\"text_align-justify text_indent-2em\" data-source=\"cke\">“制造业的数字化转型，已不是‘选择题’，而是关乎生存和长远发展的‘必修课’。利用5G等新技术新应用对传统产业进行全链条、多环节的改造，推动制造业加速向数字化、网络化、智能化发展，是加快产业结构优化升级，推动实体经济发展模式、生产方式变革的必然选择。”肖亚庆说。</p>\n\n<p class=\"text_align-justify text_indent-2em\" data-source=\"cke\"><strong data-source=\"cke\">遵循技术、标准和产业渐次导入的客观规律，提高5G标准对重点行业应用的支撑能力</strong></p>\n\n<p class=\"text_align-justify text_indent-2em\" data-source=\"cke\">5G对行业的赋能作用已经在制造业、交通等领域效果初显，但其规模化落地仍面临不少难题。“产业基础薄弱、关键元器件缺位等短板仍限制5G应用的发展，从技术研发到产业化落地，环节多、过程长，亟待加强5G技术对行业需求的适配和支撑。”谢存说。</p>\n\n<p class=\"text_align-justify text_indent-2em\" data-source=\"cke\" abs_visibility=\"true\">为此，工业和信息化部联合国家发展和改革委员会等9部门印发《5G应用“扬帆”行动计划（2021—2023年）》（以下简称《行动计划》），提出实施5G产业基础强化行动，加大基带芯片、射频芯片、关键射频前端器件等的投入力度，加速突破技术和产业化瓶颈，带动设计工具、制造工艺、核心IP等产业整体水平的提升；加快轻量化5G芯片模组和毫米波器件的研发及产业化，进一步提升终端模组性价比，满足行业应用个性化需求；支持高精度、高灵敏度、大动态范围的5G射频、协议、性能等仪器仪表研发，带动仪表用高端芯片、核心器件等尽快突破。</p>\n\n<p class=\"text_align-justify text_indent-2em\" data-source=\"cke\">“夯实产业基础要根深本固，遵循技术、标准和产业渐次导入的客观规律，科研机构、高校和龙头企业要推动5G后续国际标准演进，提高5G标准对重点行业应用的支撑能力。”肖亚庆建议，要针对芯片、模组等制约规模化应用的关键环节，加大资金、税收等政策支持力度。</p>\n\n<p class=\"text_align-justify text_indent-2em\" data-source=\"cke\">华为常务董事、ICT产品与解决方案总裁汪涛建议，下一步，可以通过集采补贴等措施将终端模组成本降至100元，加快规模部署，力争到2030年实现超过500亿个5G行业物联目标。</p>\n\n<p class=\"text_align-justify text_indent-2em\" data-source=\"cke\">中国移动总经理董昕表示，产业链、供应链应共同协作，推动终端模组等成本大幅降低，实现5G到现场、到网关、到设备，推动5G行业终端从试点到量产，再到规模应用。</p>\n\n<p class=\"text_align-justify text_indent-2em\" data-source=\"cke\">加快5G规模化应用网络是保障。肖亚庆说，要坚持适度超前、以建促用、建用结合的原则，紧贴行业和市场需求，实现深度覆盖和按需覆盖。推动5G行业虚拟专网规模化发展，加快端到端网络切片等新技术成熟商用，探索建网新模式。</p>\n\n<p class=\"text_align-justify text_indent-2em\" data-source=\"cke\">“应持续增强5G网络能力，促进5.5G标准的成熟和部署，提高其大上行、高可靠、精准定位等能力，推动5G技术进入更多行业的核心生产环节。”汪涛说。</p>\n\n<p class=\"text_align-justify text_indent-2em\" data-source=\"cke\"><strong data-source=\"cke\">加快重点领域特色应用落地，亟待推广一批基础扎实、模式清晰、前景广阔、示范带动效应强的应用</strong></p>\n\n<p class=\"text_align-justify text_indent-2em\" data-source=\"cke\">我国行业众多，各行业、各企业数字化水平和发展阶段不同，需求差异性大，个性化更为突出。因此，5G应用发展必须紧密结合行业特点和发展需求，充分把握5G应用发展的阶段性、创新性和复杂性特点，分重点、分批次，循序渐进，在部分应用需求强烈、基础较好、带动性强的重点行业，形成突破性进展，待成熟后，逐步复制推广到千行百业。</p>\n\n<p class=\"text_align-justify text_indent-2em\" data-source=\"cke\">在广东省深圳市妈湾港，招商局港口集团股份有限公司与中国移动共同打造了全国第一个应用于港口的5G商用网络。“5G大带宽、低时延的特点能够满足单台场桥（集装箱门式起重机）上行45Mbps、时延15ms的远程操控要求，极大改善了场桥司机工作环境，保障人员安全。”招商港口副总经理兼首席数字官李玉彬告诉记者，过去场桥司机要爬到30多米的起重机上作业，一干就是8个小时，还要时刻低头观察下方，大部分司机都患有颈椎病。5G让工人从风吹日晒的蓝领变成了室内办公的白领。</p>\n\n<p class=\"text_align-justify text_indent-2em\" data-source=\"cke\">此外，5G与自动驾驶结合实现了38台集卡无人驾驶运输货物；5G网联无人机、机器人智能巡检将巡检时长由原先的6小时缩短至20分钟；“5G+边缘计算+AI机器视觉”将单箱理货时长从20秒缩减至10秒。</p>\n\n<p class=\"text_align-justify text_indent-2em\" data-source=\"cke\">能将不同技术集成应用在港口得益于招商港口自主研发的码头操作管理系统——招商芯。“北斗定位、5G、人工智能等新技术与招商芯相结合形成智慧港口解决方案。该方案可同时对接不同供应商的不同设备、系统和应用，能够较为便捷地在不同码头和港口落地并发挥作用，既可以适用于现代化的自动化码头，同时也可以帮助传统码头改造升级，具有较强的复制性和兼容性。”李玉彬说。</p>\n\n<p class=\"text_align-justify text_indent-2em\" data-source=\"cke\" abs_visibility=\"true\">“要加快重点领域特色应用落地，亟需推广一批基础扎实、模式清晰、前景广阔、示范带动效应强的应用。”在谢存看来，5G融合应用目前尚未形成稳定的应用产业生态。因此，《行动计划》聚焦解决应用发展中的堵点、难点，通过对我国5G应用规划发展作出系统部署，持续推动5G应用从1到N跨越。（经济日报记者李芃达）</p>\n\n<!--{img:2}-->\n');
INSERT INTO `article_content` VALUES (67, '<p class=\"text_align-justify text_indent-2em\" data-source=\"cke\">8月2日，国内首台建筑构件装配机器人在中国中铁科工集团江苏南通制造基地下线，填补了我国装配式建筑施工装备领域的一项空白，将用于广州地铁11号线赤沙车辆段的建设。</p>\n\n<!--{img:0}-->\n\n<p class=\"text_align-justify text_indent-2em\" data-source=\"cke\">该台机器人由中铁科工集团与中铁建工集团联合研制，长80米，自重460吨，有效跨度达69米，可架设最重120吨的梁体。为了让机器人变得聪明灵活，设备上安装了72个传感器、50个摄像头，构成了“网络中枢”；由32个轮胎组成的8条独立活动的腿，可以横向、纵向行走，独立伸缩，爬坡过坎，跨层施工，与塔吊、现浇等施工互不干扰，如同一个灵活自如的蜘蛛，实现功能人性化、自动化和智能化。</p>\n\n<p class=\"text_align-justify text_indent-2em\" data-source=\"cke\">中铁科工集团项目科研人员介绍，该台自主研制的装配机器人采用北斗差分定位纠偏系统和变频调速技术，解决了精准施工、平稳作业等难题，测量精度可达10毫米，已申请两项国家发明专利。（记者马爱平）</p>\n\n<!--{img:1}-->\n');
INSERT INTO `article_content` VALUES (68, '<!--{img:0}-->\n\n<p class=\"text_align-justify text_indent-2em\" data-source=\"cke\">韩国科学家近日宣布了将液氨直接高效转化为氢气的新技术。据物理学家组织网12日报道，在这项研究中，科学家们提出了一种新工艺，利用液氨成功地生产出大量纯度接近100%的绿色氢气，而且这种方法消耗的能量仅为电解水制氢的三分之一。</p>\n\n<p class=\"text_align-justify text_indent-2em\" data-source=\"cke\">氢是一种清洁燃料，在燃料电池中消耗时产生的副产品只有水，这与化石燃料形成鲜明对比，后者产生二氧化碳、甲烷和一氧化二氮等温室气体。氢能因其环境友好性被誉为“终极能源”，被视为解决能源资源问题和环境危机的途径之一。根据国际氢能委员会预测，到2050年，氢能将减少二氧化碳排放60亿吨，在全球能源中所占比重有望达到18%。</p>\n\n<p class=\"text_align-justify text_indent-2em\" data-source=\"cke\">氨比氢更容易液化，也更容易储存和运输。而且，氨以质量储氢密度和体积储氢密度两大优势，正在成为具有发展前景的氢运输载体。此外，研究小组指出，理论计算表明，氨电解生产氮和氢只需要0.06伏特的外部电压，远低于水电解制氢所需的1.23伏特。</p>\n\n<p class=\"text_align-justify text_indent-2em\" data-source=\"cke\">在这项新研究中，来自韩国国立蔚山科学技术院的研究人员提出了一种新工艺，可以应用于气相色谱分析过程中，使他们能够更可靠地对氨氧化反应中可以使用的新催化剂进行比较和评估。研究小组称，借助该方法，他们可以通过实时监控，详细区分氨氧化反应和析氧反应——经过一系列反应产生氧气的过程之间的竞争性氧化反应。最终，他们使用花状的电沉积铂催化剂，高效生产出了氢气，而且，能耗显著低于水裂解制氢工艺。（记者刘霞）</p>\n\n<!--{img:1}-->\n');
INSERT INTO `article_content` VALUES (69, '<p class=\"text_align-justify text_indent-2em\" data-source=\"cke\">日前，天津大学化工学院张雷教授团队和天津医科大学口腔医院张旭教授团队合作设计出了一种新型光敏剂——两性离子修饰的亲水性卟啉，应用于光动力牙科治疗策略中，可有效清除牙冠上95%的变形链球菌生物膜。该项研究成果发表于国际权威期刊《先进功能材料》。</p>\n\n<p class=\"text_align-justify text_indent-2em\" data-source=\"cke\">据介绍，香烟、有色食物和饮料的摄入都会导致牙齿污染变色。受污染的牙齿为细菌滋生提供了营养，大量细菌在牙齿上聚集、增殖形成生物膜，从而又导致了牙菌斑、牙釉质脱矿、龋齿和牙周炎等。而且这种生物膜一旦形成就非常难以清除。</p>\n\n<p class=\"text_align-justify text_indent-2em\" data-source=\"cke\">目前，光动力疗法是一种新型化学漂白技术，其原理为：光敏剂在分子氧存在的情况下被光激发产生活性氧。治疗过程中可以通过精准调节光源、光敏剂位置和时间，实现“按需生产”活性氧，避免对正常组织造成损伤。</p>\n\n<p class=\"text_align-justify text_indent-2em\" data-source=\"cke\">原卟啉是光动力治疗中最常见的光敏剂，但原卟啉难溶于水，这严重限制了其产生活性氧的能力。张雷教授团队独辟蹊径，设计了一种两性离子修饰的亲水性卟啉。由于两性离子基团的高度亲水性，被修饰的原卟啉的水溶性显著增强。实验结果显示，由于其合理的电子供受体结构以及避免了分子聚集，使用这种亲水光敏剂实施光动力治疗，活性氧产率提高至原来的8倍。被咖啡、茶水、葡萄汁、蓝莓汁染色的牙齿均实现了无损美白，牙冠上95%的变形链球菌生物膜被有效清除。</p>\n\n<p class=\"text_align-justify text_indent-2em\" data-source=\"cke\">据张雷教授介绍，“应用了新型光敏剂的光动力牙科治疗策略具有无损牙齿美白和根除生物膜的双重功效。可为牙齿美白，以及预防和治疗生物膜诱发的牙菌斑、牙釉质脱矿、龋齿、牙周炎等疾病提供更便捷、安全、有效的方法。”（记者陈曦 通讯员焦德芳）</p>\n\n<!--{img:0}-->\n');
INSERT INTO `article_content` VALUES (70, '<!--{img:0}-->\n\n<!--{img:1}-->\n');
INSERT INTO `article_content` VALUES (71, '<p class=\"text_align-justify text_indent-2em\" data-source=\"cke\">记者从中国科学技术大学获悉，该校郭光灿院士团队李传锋、韩永建、许金时等研究发现：仲费米子零模编织过程对局域噪声免疫，并且保持量子互文资源守恒，因此有望通过编织操作和魔术态萃取等手段进行普适、容错的量子计算。该成果8月9日以研究长文的形式在线发表在美国物理学会期刊《PRX量子》上，并被选为编辑推荐文章。</p>\n\n<p class=\"text_align-justify text_indent-2em\" data-source=\"cke\">在实现拓扑量子计算的过程中，马约拉纳零模的实验制备一直是研究热点，但迄今为止仍然没有实验能明确验证它的存在。除实验困难外，马约拉纳零模体系还有两个缺点：一是它们的编织不足以在拓扑保护下实现通用量子门；二是一种名为准粒子中毒的机制可能会严重降低其相干时间，从而影响该体系的量子计算能力。</p>\n\n<p class=\"text_align-justify text_indent-2em\" data-source=\"cke\">科研团队在前期关于马约拉纳零模体系的工作基础上，使用光量子模拟器研究了仲费米子零模的特性，借助一种非定域的数学变换，将一条包含两个仲费米子零模的仲费米子链编码成一个多模式马赫—曾德尔干涉仪中光子的波函数。利用不同模式间光子的干涉以及相应激发模式的耗散，研究人员在光量子模拟器中展现了仲费米子零模的编织统计和拓扑抗噪性质。编织操作的过程保真度达到93.4%。进一步研究发现，仲费米子零模中的量子互文资源在局域噪声下受到拓扑保护几乎保持不变，而且在编织操作前后，量子互文资源也是一个守恒量。因此可以在编织操作中穿插进行魔术态萃取，从而在仲费米子零模体系中实现容错的普适量子计算。</p>\n\n<p class=\"text_align-justify text_indent-2em\" data-source=\"cke\">该成果为拓扑量子计算的实现提供一种可行的物理途径。审稿人高度评价：“不仅展示了全新的物理机制，而且扩展了他们先前对马约拉纳费米子体系的研究。”（记者吴长锋）</p>\n\n<!--{img:0}-->\n');
INSERT INTO `article_content` VALUES (72, '');
INSERT INTO `article_content` VALUES (73, '<p class=\"text_align-justify text_indent-2em\" data-source=\"cke\">记者8月10日从内蒙古自治区包头市稀土高新区获悉，由包头稀土研究院与黑龙江大学联合研发的稀土超分子感光变色镜片试制成功。研发团队充分利用轻稀土在稀土元素中较大的金属半径、易变价和化学性质稳定等优点研发出新型感光变色材料，该类新材料由于稀土元素镧、铈、钇的引入使镜片具有更好的呈色速率（小于3秒）及褪色速率（小于60秒），抗疲劳性强且稳定性好，从而可以延长镜片使用周期，打破我国高端变色镜片市场被进口镜片垄断的局面。</p>\n\n<p class=\"text_align-justify text_indent-2em\" data-source=\"cke\">在日常生活中，无处不在的紫外线是伤害眼睛的一大“黑手”。人眼在短时间接触大量紫外线会造成电光性眼炎，长期接触则会造成白内障、黄斑病变、眼睑皮肤癌等。想要在强光随处可见的环境中呵护好眼睛，越来越多的人将目光投向了感光变色镜片。</p>\n\n<p class=\"text_align-justify text_indent-2em\" data-source=\"cke\">包头稀土研究院稀土功能材料研究所传感材料研究室高级工程师李静雅告诉记者：“我们首次将稀土通过无机和有机杂化的方式引入智能感光变色材料中，充分发挥稀土离子在超分子结构构筑，实现空间限域效应、重原子效应和抗氧化性等方面的优势。”</p>\n\n<p class=\"text_align-justify text_indent-2em\" data-source=\"cke\">据介绍，稀土超分子感光变色镜片采用自主研发的稀土超分子感光变色材料（可解决低端材料褪变色速率慢，寿命短和底色残留量多的问题）制备而成，可以智能调节光线的透过率，有效阻挡100%的紫外光和30%至80%的可见光，从而减少强光对眼睛的伤害，达到保护眼睛和减少视疲劳的目的。</p>\n\n<p class=\"text_align-justify text_indent-2em\" data-source=\"cke\">稀土的特点使稀土超分子感光变色镜片在性能上相比于传统感光变色镜片在使用寿命、褪变色速率、底色残留量和提高镜片折射率方面均有明显改善。（记者张景阳&nbsp;通讯员李宝乐）</p>\n\n<!--{img:0}-->\n');
INSERT INTO `article_content` VALUES (74, '<p class=\"text_align-justify text_indent-2em\" data-source=\"cke\">俄罗斯科学院西伯利亚分院克拉斯诺亚尔斯克科学中心开发出一款高透明度且成本低于同类产品的电磁辐射屏蔽膜，制作工艺中用到了鸡蛋蛋清。</p>\n\n<p class=\"text_align-justify text_indent-2em\" data-source=\"cke\">如何保护电子设备上的数据并屏蔽电磁干扰，这在军事和经济领域都是极为现实的任务。目前大部分屏蔽膜的外观都是金属箔或者粗网，无法用于覆盖设备显示屏或者窗户。</p>\n\n<p class=\"text_align-justify text_indent-2em\" data-source=\"cke\">俄罗斯科学院西伯利亚分院克拉斯诺亚尔斯克科学中心、西伯利亚联邦大学、西伯利亚国立列舍特涅夫科技大学的科学家们开发出一款基于铜和镍的透明高效屏蔽膜。研究人员将鸡蛋蛋清涂到聚合物托板表面，风干后形成的裂纹结构被用作模板，然后在模板上覆盖涂层得到膜材。</p>\n\n<p class=\"text_align-justify text_indent-2em\" data-source=\"cke\">研究人员指出，与同类透明导电膜材相比，新膜材的屏蔽效果更好，造价更低。该屏蔽膜透明度超过80%，还具有良好的柔韧性。此类膜材不仅能用于保护电子设备中的数据，也能被用于制造触摸屏。</p>\n\n<p class=\"text_align-justify text_indent-2em\" data-source=\"cke\">（稿件来源：俄罗斯卫星通讯社；整编：科技日报驻俄罗斯记者董映璧）</p>\n\n<!--{img:0}-->\n');
INSERT INTO `article_content` VALUES (75, '<!--{img:0}-->\n\n<p class=\"text_align-justify text_indent-2em\" data-source=\"cke\">在正常条件下，纯水几乎是完美的绝缘体，水只有在极端压力下才会产生金属特性，譬如说在某些行星的深处。但据物理学家组织网近日消息称，一项国际合作研究使用完全不同的方法生产了“金属水”。这是科学家们“绕过”高压首次在实验室里让原本绝缘的纯水转变成金属。该研究现已发表在近期《自然》杂志上。</p>\n\n<p class=\"text_align-justify text_indent-2em\" data-source=\"cke\">只要有足够大的压力条件，很多物质，包括水在内，都可以转化成导体，从而呈现特殊的金属性质。这是因为在高压下，原子或分子被挤压并共用电子，这些自由移动的电子，就让绝缘材料拥有了导电性。当然，这一条件意味着非常高的压力，对于纯水而言，需在4800万个大气压下才有可能转化为导体，这种极端压力往往仅存在于大质量行星的内部。</p>\n\n<p class=\"text_align-justify text_indent-2em\" data-source=\"cke\">现在，来自世界各地11个研究机构组成的国际团队，“绕开”了高压条件，在德国柏林名为“BESSY Ⅱ”的实验设施中完成了这项工作。研究团队突破的关键是将水与碱金属配对。碱金属其实很容易从其原子的外壳中释放电子，不过，碱金属和水之间的化学反应非常之剧烈。因此在实验中，研究人员颠倒了惯例混合方式，改为将一小点水滴在一滴碱金属上，在一个真空室内，室温下以液体形式存在的钠钾合金从一个喷嘴滴下，然后水蒸气再通过管道进入真空室，在金属液滴的外部形成一个极薄的外层。最后，电子和金属阳离子从钠钾合金中流入水中，形成导电的“金属水”。</p>\n\n<p class=\"text_align-justify text_indent-2em\" data-source=\"cke\">这项研究成果避开了极端压力的条件限制，使在地球上的实验室内制备“金属水”成为可能，突破了人类对水的认知。</p>\n\n<p class=\"text_align-justify text_indent-2em\" data-source=\"cke\">研究人员罗伯特·塞德尔表示，他们甚至可以用肉眼看到“金属水”的相变——“银色的钠钾液滴覆盖着金色的光芒”，令人“印象深刻”。研究人员帕弗尔·朱威尔斯则表示，观察到“金属水”是他学术生涯的高光时刻。（记者张梦然）</p>\n\n<!--{img:1}-->\n');
INSERT INTO `article_content` VALUES (76, '<!--{img:0}-->\n\n<p class=\"text_align-justify text_indent-2em\" data-source=\"cke\">冷链食品新冠病毒防控添“利器”，只需照射5秒即可完成消杀，有望斩断曾让人为之色变的隐蔽传播链条！8月6日，福建省冷链物流新冠病毒消杀应急科研项目“紫外光催化复合消杀机”通过国家级专家论证，顺利进行技术验收。记者了解到，这是我国首台光催化消杀冷链病毒装备，也是国内在紫外和光催化技术应用研究领域的重大突破，将为冷链食品新冠病毒消杀提供一种便捷、快速、无害的技术手段。</p>\n\n<p class=\"text_align-justify text_indent-2em\" data-source=\"cke\">据福建省科技厅有关负责人介绍，当前全球新冠肺炎疫情形势严峻复杂，通过冷链食品及物流的疫情传播已成为新冠肺炎疫情传播的重要渠道，做好消杀工作对做好常态化疫情防控工作和保障人民生命健康意义重大。为此，福建省组织全省优势科研力量全力推进冷链物流新冠病毒消杀科研应急攻关，紫外光催化复合消杀装备是其中进展成效最为明显的项目之一。</p>\n\n<p class=\"text_align-justify text_indent-2em\" data-source=\"cke\">光催化被誉为“当今世界最理想的净化技术”，该技术是让一定波长的光照射在纳米光催化剂上，使水和空气中的PM2.5、甲醛等有害物质，迅速氧化分解为无毒无味的二氧化碳和水，其应用于病毒消杀等节点。项目承担单位福州大学联合福夏科技公司以紫外光催化技术为核心进行攻关，建立以核酸结构深度破坏为特征的综合消杀新工艺与新装置。</p>\n\n<p class=\"text_align-justify text_indent-2em\" data-source=\"cke\">经过多轮P3实验室新冠病毒消杀效果实验证明，相比常见的冷链病毒消杀技术，紫外线联合光催化复合对光滑不渗透材质表面新冠病毒具有较好杀灭效果，且病毒滴度下降更显著，完全达到并符合《国家消毒技术规范》的要求；速度更快，适用于大宗产品的快速消杀；环境友好，属于物理消杀产品，对人体健康和食品安全不产生影响；性价比高，对单位体积的冷链产品消杀费用低于次氯酸消毒，设备一次投入可重复使用。</p>\n\n<p class=\"text_align-justify text_indent-2em\" data-source=\"cke\">由中国工程院院士侯立安、中国科学院院士邹志刚等组成的评审专家组认为，该项目的新冠病毒消杀研究证据链完整充分，成果成效明显，科研及应用价值和社会意义较大，对新冠肺炎疫情的严防严控具有重大实际意义。目前，福建省正在加快推进产品备案，力争成为全国率先应用物理消毒设备消杀新冠病毒的省份。（记者谢开飞 通讯员高凌 王忆希）</p>\n\n<!--{img:1}-->\n');
INSERT INTO `article_content` VALUES (77, '<p class=\"text_align-justify text_indent-2em\" data-source=\"cke\">记者从合肥本源量子计算科技有限责任公司（以下简称“本源量子”）了解到，本源量子团队基于自主研发的量子机器学习框架VQNet，设计实现的量子生成对抗网络（QGAN）可用于图像处理领域，比如人像的修复。与经典计算机相比，量子计算处理图像在时间上具有指数级提升，在空间上处理的数据量也将随之呈指数级增加。其应用体验于8月5日正式上线。</p>\n\n<p class=\"text_align-justify text_indent-2em\" data-source=\"cke\">据了解，此次发布的新算法是基于本源量子自主研发的量子机器学习框架VQNet，在量子操作系统本源司南上，验证了设计的QGAN算法的可行性和有效性。研发人员利用QGAN网络实现了一个在图像修复方面的应用示例，展现了量子计算机的生成对抗网络在人像修复领域拥有相对于经典计算机的速度优势和空间优势，证明了基于超导量子比特技术的量子机器学习可行性，在量子领域迈出了重要一步。</p>\n\n<p class=\"text_align-justify text_indent-2em\" data-source=\"cke\">“简单来说，比如你戴口罩经过一个需要人脸识别的安检系统，基于量子计算的这套算法，综合大数据分析和图像修复，我们能识别你，给出一个不戴口罩的面部。”该算法的工程师介绍说。</p>\n\n<p class=\"text_align-justify text_indent-2em\" data-source=\"cke\">据研发人员介绍，GAN网络在人工智能领域已有广泛应用，但在实际算法及应用处理过程中，数据集的训练收敛性及计算速度上，GAN网络结构、模型的评估上，判别模型的对抗性和稳健性上都是考验和挑战。结合量子计算，实现量子生成对抗网络，即QGAN，就能利用量子计算的并行计算的优势，通过量子线路实现量子生成对抗网络，可以加速数据集训练速度，并有效提升网络模型精度。该网络模型和算法的实现，在理论和算法实验运行上都证明了与经典的GAN网络相比，具有指数级的算法优势。</p>\n\n<p class=\"text_align-justify text_indent-2em\" data-source=\"cke\">“我们的算法和应用在原理和示例演示上证明了这一点。”本源量子研发负责人表示，一旦该应用成熟，处理人像技术将从速度、算法、空间效率和准确率上实现强有力的效果。（张梦怡 杨夏 记者吴长锋）</p>\n\n<!--{img:0}-->\n');
INSERT INTO `article_content` VALUES (78, '<p class=\"text_align-justify text_indent-2em\" data-source=\"cke\">8月4日，中国生物CNBG发布消息，国药集团中国生物杨晓明研究员团队最新发现针对德尔塔变异毒株有效的单克隆抗体，其中和活性IC50高达5ng/ml。这意味着单抗对德尔塔等新冠变异毒株体有效，针对新冠肺炎尤其是德尔塔等变异毒株的治疗有望迎来特效药。该研究成果已在线发表于《Nature》子刊《Cell Discovery》。目前，有关该抗体的临床申报工作正在有序推进，有望用于国内相关新冠疫情的防控中。</p>\n\n<!--{img:0}-->\n\n<p class=\"text_align-justify text_indent-2em\" data-source=\"cke\">单克隆抗体作为靶向治疗药物，具有特异性强、疗效显著及毒性低等特点，被誉为“生物导弹”，在多种疾病治疗上显示出极好的疗效和广阔的应用前景。在应对病毒性传染病上，具有中和作用的单克隆抗体，可以特异性的中和病毒，阻止病毒进入细胞增殖，既可以作为高危人群的短期预防，也可以用于病毒感染后疾病的治疗，因此也是全球新冠疫情防控研究的热点。</p>\n\n<p class=\"text_align-justify text_indent-2em\" data-source=\"cke\">该研究利用噬菌体展示技术，以8名新冠病毒感染康复患者外周血单个核细胞（PBMC）为基因原材料，建立免疫文库，成功筛选出多株对新冠病毒具有高中和活性的单克隆抗体。晶体结构解析数据显示，活性最强的抗体2B11所识别的RBD表位与ACE2的结合位点高度重叠，可有效阻断新冠病毒与细胞表面的ACE2结合，进而阻止其感染细胞。</p>\n\n<p class=\"text_align-justify text_indent-2em\" data-source=\"cke\">同时，研究团队还利用hACE2-腺病毒（hACE2-ADV）转导的IFNAR-/-小鼠模型评价了2B11对新冠病毒感染的预防和治疗效果。研究结果表明，与对照组相比，攻毒前或后施用2B11均能显著降低病毒感染引起的体重减少及肺部病毒载量；进一步的肺部病理组织切片分析结果显示，2B11的施用能明显降低病毒感染引起的肺部炎症。</p>\n\n<p class=\"text_align-justify text_indent-2em\" data-source=\"cke\">而针对目前已成为全球新冠肺炎传播的主要变异株的德尔塔变异毒株（B.1.617.2），研究团队表示，该研究的近期补充研究结果显示，2B11对该变异株具有与野生株高度一致的中和活性，预示2B11在由德尔塔变异毒株引起的新冠肺炎的短期预防与早期治疗上具有较大的应用价值。</p>\n\n<!--{img:1}-->\n');
INSERT INTO `article_content` VALUES (79, '<p class=\"text_align-justify text_indent-2em\" data-source=\"cke\">8月15日，我国首条民营控股高铁——杭绍台铁路，开始静态验收，标志着项目正式进入竣工验收阶段，工程建设迎来关键节点、取得重要进展。</p>\n\n<p class=\"text_align-justify text_indent-2em\" data-source=\"cke\">静态验收是指对建设项目进行检查，确认工程是否按设计完成且质量合格，系统设备是否已安装并调试完毕的过程，验收的内容包括专业现场验收和静态综合系统验收，验收结束后将进行动态检测、联调联试及运行试验，为线路开通运营作准备。</p>\n\n<!--{img:0}-->\n\n<p class=\"text_align-justify text_indent-2em\" data-source=\"cke\">此次静态验收由中国铁路上海局集团公司组织开展，验收范围涉及工务、电务、电力及牵引供电、信息、房建工程、客服设施、环水保共七个专业工程，计划9月进行动态检测，随后转入联调联试阶段，11月进行运行试验，今年年底前具备开通运营条件。</p>\n\n<!--{img:1}-->\n\n<p class=\"text_align-justify text_indent-2em\" data-source=\"cke\">杭绍台铁路是国家沿海铁路快速客运通道的重要组成部分，连接浙江杭州、绍兴、台州三地，北起杭州东站，利用杭甬高铁至绍兴北站，之后新建正线至台州市温岭站，设计时速350公里，线路全长约266.9公里，其中新建线路约226.3公里，设绍兴北、上虞南、嵊州北、嵊州新昌、天台山、临海、台州、温岭8个车站。</p>\n\n<!--{img:2}-->\n\n<p class=\"text_align-justify text_indent-2em\" data-source=\"cke\">自2017年底全线正式开工建设以来，铁路建设管理单位和各施工单位克服了新冠肺炎疫情、台风严寒、重难点工程推进等诸多困难，按期完成了各项节点目标，并创造了椒江特大桥主墩钻孔桩深度达143米、华东地区最长隧道施工、首个单洞四线大断面隧道施工等多项高铁建设施工纪录。</p>\n\n<p class=\"text_align-justify text_indent-2em\" data-source=\"cke\">杭绍台铁路建成后，将连通沪昆、商合杭、宁杭、杭黄、杭深高铁，接入长三角地区高铁网，形成一条长三角核心区辐射浙西南地区、浙江省内沟通杭州都市区与温台沿海城市群的快捷通道，使台州到杭州的铁路出行时间由2小时左右压缩至1个小时左右，极大便利沿线群众出行，对温台城市群融入长江经济带，扩大浙江省“1小时交通圈”范围，助力长三角更高质量一体化发展，具有重要意义。（中央广播电视总台记者于晨）</p>\n\n<!--{img:3}-->\n');
INSERT INTO `article_content` VALUES (80, '');
INSERT INTO `article_content` VALUES (81, '<p class=\"text_align-justify text_indent-2em\" data-source=\"cke\">8月14日晚上，江苏扬州国际展览中心里灯火通明。两组共十个舱位的“猎鹰号”硬气模实验室呈“L”形排列，近百名工作人员正在忙碌，他们在和时间赛跑，以最快速度找出病毒的蛛丝马迹。</p>\n\n<p class=\"text_align-justify text_indent-2em\" data-source=\"cke\">据了解，“猎鹰号”硬气膜实验室配备PCR扩增仪、自动开盖加样机、全自动核酸提取仪等设备，可实现检测的全流程自动化。目前，每日可检测15万管，如果按照10比1的混检比例，每日可筛检150万人次。</p>\n\n<p class=\"text_align-justify text_indent-2em\" data-source=\"cke\">8月10日凌晨设备进场，11日上午正式投入使用，这只“猎鹰”在短短几天内已经参与了扬州多轮大规模核酸检测工作，检测数量超21万管，按10比1混检的采样方式，覆盖约200万人次。</p>\n\n<p class=\"text_align-justify text_indent-2em\" data-source=\"cke\">同不久前在南京建设的一组三舱位“猎鹰号”硬气膜实验室相比，扬州的“猎鹰号”有了重要升级。它一组五个舱位里包含一个共用的试剂准备区、两个样本处理区和两个核酸扩增分析区。按照流程先后，呈现从中心向两边分布的形态，使得整个实验室工作更加集成、高效。（新华社记者李博摄影报道）</p>\n\n<!--{img:0}-->\n\n<!--{img:1}-->\n\n<!--{img:2}-->\n\n<!--{img:3}-->\n\n<!--{img:4}-->\n\n<!--{img:5}-->\n\n<!--{img:6}-->\n\n<!--{img:7}-->\n\n<!--{img:8}-->\n\n<!--{img:9}-->\n\n<!--{img:10}-->\n\n<!--{img:11}-->\n\n<!--{img:12}-->\n\n<!--{img:13}-->\n\n<!--{img:14}-->\n\n<!--{img:15}-->\n');
INSERT INTO `article_content` VALUES (82, '<p class=\"text_align-justify text_indent-2em\" data-source=\"cke\">新华社哈尔滨8月15日电 8月15日7时50分，牡佳高铁联调联试现场首组CR400BF-G型复兴号高寒动车组从牡丹江站缓缓驶出，这是复兴号高寒动车组首次参与牡佳高铁联调联试，也是复兴号高寒动车组首次在中国最东端高寒高铁线路试跑。</p>\n\n<p class=\"text_align-justify text_indent-2em\" data-source=\"cke\">牡佳高铁位于黑龙江省东部地区，沿线经过牡丹江市、鸡西市、七台河市、双鸭山市、佳木斯市等地，线路全长370余公里，设计时速为250公里，是目前黑龙江省境内里程最长的高铁线路。牡佳高铁联调联试指挥部方面介绍，此次试跑的复兴号高寒动车组拥有耐低温、耐冰雪的“绝技”，可在零下四十摄氏度的环境下运行。</p>\n\n<p class=\"text_align-justify text_indent-2em\" data-source=\"cke\">牡佳高铁联调联试自6月10日启动以来，分别进行了动车组逐级提速试验、信号系统测试试验等内容，经过轨道、通信、灾害监测等系统的动态检测和调试，使各系统和整体系统功能得到了优化。目前，动态检测试验已基本完成，满足试运行条件。</p>\n\n<p class=\"text_align-justify text_indent-2em\" data-source=\"cke\">铁路部门介绍，牡佳高铁联调联试结束后，将转入运行试验阶段，为后续全线开通运营奠定基础。（记者王君宝）</p>\n\n<!--{img:0}-->\n');
INSERT INTO `article_content` VALUES (83, '<!--{video:0}-->\n\n<p class=\"text_align-justify text_indent-2em\" data-source=\"cke\">位于山西省大同市云州区杜庄乡土井村的大同熊猫发电站是一座以熊猫为造型的光伏发电站。大熊猫发电站建设在1851亩盐碱地上，光伏板数量为17万块，年发电量达8000万千瓦时，相当于每年实现二氧化碳减排5.27万吨。（记者曹阳）</p>\n\n<!--{img:0}-->\n');
INSERT INTO `article_content` VALUES (84, '<!--{video:0}-->\n\n<p data-source=\"cke\">近日，上海交通大学海洋工程团队研制的深海重载作业采矿车“开拓一号”，搭载“向阳红03”号科考船，在我国南海西沙海域成功完成了1300米深海试验。</p>\n\n<blockquote data-source=\"cke\">\n<p data-source=\"cke\">记者：张建松 丁汀</p>\n\n<p data-source=\"cke\">新华社音视频部制作</p>\n</blockquote>\n\n<!--{img:0}-->\n\n<p data-source=\"cke\">&nbsp;</p>\n');
INSERT INTO `article_content` VALUES (85, '<!--{img:0}-->\n\n<p class=\"text_align-justify text_indent-2em\" data-source=\"cke\">8月8日上午10点，由中铁五局集团公司承建的引江济淮工程G312合六叶公路钢箱梁桥正式开通运行。该座钢箱梁桥是我国内河最大跨径的变截面连续钢箱梁桥，单跨居全国第二、安徽省第一。</p>\n\n<p class=\"text_align-justify text_indent-2em\" data-source=\"cke\">G312合六叶公路桥跨越引江济淮航道，是国家重大跨省、跨流域调水工程——引江济淮工程的重要组成部分。该工程沟通长江、淮河两大水系，润泽安徽、惠及河南、造福淮河、辐射长江，具有保障供水、发展航运、改善生态环境等作用，G312合六叶公路桥是安徽省一号工程。</p>\n\n<p class=\"text_align-justify text_indent-2em\" data-source=\"cke\">G312合六叶公路桥为路改桥工程，在原有国道改航道的基础上，建设钢箱梁桥连接河堤两岸。结构型式为三跨连续钢箱梁桥，主桥桥跨布置（100+180+100）米，桥梁横向4幅，墩台错孔布置，合同金额3.12亿元。该桥全长540米、主跨180米，整桥钢箱梁由4幅连续梁组成，桥面全宽52.5米，为双向8车道。桥面铺设分为两层，采用环氧沥青EA-10铺筑，铺设厚度为6~7.8厘米，为双向8车道。摊铺总面积17480平方米。</p>\n\n<!--{img:1}-->\n\n<p class=\"text_align-justify text_indent-2em\" data-source=\"cke\">项目部经过科学组织，攻坚克难，克服工期紧、任务重等不利影响，不断优化施工方案，加强资源配置，加快施工生产技术攻坚步伐，顺利于8月5日通过竣工交验，最终实现了G312合六叶公路桥的顺利开通。</p>\n\n<p class=\"text_align-justify text_indent-2em\" data-source=\"cke\">该桥的开通运行，为加快引江济淮河渠剩余工程完成创造了施工条件。项目部全体参建员工秉承中铁五局“勇于跨越、追求卓越”的企业精神，送一江清水，让工程润泽安徽、惠及河南人民，同时也为两省生态环境和经济建设提供腾飞的翅膀。（凌一凡 谢崇志 王平 记者刘玉才）</p>\n\n<!--{img:2}-->\n\n<!--{img:3}-->\n');
INSERT INTO `article_content` VALUES (86, '<p class=\"text_align-justify text_indent-2em\" data-source=\"cke\">8月10日，在北京东六环改造工程施工现场，盾构机“运河号”成功始发，开始掘进。这台盾构机开挖直径达16.07米，是我国迄今研制具有完全自主知识产权的最大直径泥水平衡盾构机。</p>\n\n<!--{img:0}-->\n\n<p class=\"text_align-justify text_indent-2em\" data-source=\"cke\">北京东六环改造工程南起京哈高速立交，北至潞苑北大街，全长约16公里。其中盾构隧道长约7.4公里，采用分离式双洞布置。中交隧道局承建东线盾构隧道的掘进施工及部分土建工程。东线盾构隧道设计外径15.4米，是目前中国内地最大直径盾构隧道。</p>\n\n<p class=\"text_align-justify text_indent-2em\" data-source=\"cke\">为满足东线盾构隧道施工需求，中交天和机械设备制造有限公司为工程量身打造了超大直径盾构机“运河号”。“运河号”由刀盘、盾体及5组台车组成，整机长度145米，总重量约4500吨。</p>\n\n<!--{img:1}-->\n\n<p class=\"text_align-justify text_indent-2em\" data-source=\"cke\">据中交天和副总工程师乔培新介绍，“运河号”采用了国产自主研制的全球首创长距离掘进不换刀技术，可实现连续掘进4800米不换刀。此外，还应用了自主研发的管片自动化拼装技术、智慧化远程安全监控管理系统、国产常压换刀装置等世界先进技术和设备，为项目施工保驾护航。</p>\n\n<p class=\"text_align-justify text_indent-2em\" data-source=\"cke\">北京东六环改造工程是北京市重点工程，建成后，可有效缓解北京东六环交通压力，对促进京津冀区域交通协同发展，提升北京市交通服务水平，构建综合交通体系具有重要意义。（记者樊曦）</p>\n\n<!--{img:2}-->\n');
INSERT INTO `article_content` VALUES (87, '<!--{img:0}-->\n\n<p class=\"text_align-justify text_indent-2em\" data-source=\"cke\">近日，在江苏如东黄沙洋海域，重达2.2万吨的三峡如东柔性直流输电工程海上换流站在驳船的托举下，完成与导管架的毫米级精准对接，标志着世界最大、亚洲首座海上换流站顺利完成安装。</p>\n\n<p class=\"text_align-justify text_indent-2em\" data-source=\"cke\">三峡如东柔性直流输电工程海上换流站由三峡集团联合产业链相关单位协同攻关，完成建设任务。该换流站是目前世界容量最大、电压等级最高、体积最大的海上换流站。建成后，它将负责汇集输出三峡如东H6、H10项目（共80万千瓦）以及中广核如东H8项目（30万千瓦）总计110万千瓦容量生产的电能，可有效解决海上风电场大容量、远距离输电问题。</p>\n\n<p class=\"text_align-justify text_indent-2em\" data-source=\"cke\"><strong data-source=\"cke\">巧借潮汐力，海上“筑高楼”</strong></p>\n\n<p class=\"text_align-justify text_indent-2em\" data-source=\"cke\">一幢相当于15层楼高的“钢铁巨屋”，由江向海，鸣笛启航。这是三峡如东海上换流站从江苏南通长江岸边出发时的场景，3天后“钢铁巨屋”抵达黄海海域，并进行安装。10天后，安装完成。</p>\n\n<p class=\"text_align-justify text_indent-2em\" data-source=\"cke\">三峡如东海上换流站平面面积接近一个标准足球场，高度约等于15层居民楼，重量接近10个响水海上升压站，是名副其实的“大块头”。因目前世界最大吊装能力的起重船为1.2万吨，传统浮吊安装模式无法满足该换流站约2.2万吨的吊装重量要求，三峡集团组织各参建单位组成项目团队，创新使用浮托法进行海上换流站安装（以下简称浮托安装）。</p>\n\n<p class=\"text_align-justify text_indent-2em\" data-source=\"cke\">海上换流站浮托安装技术经理伦灿章告诉科技日报记者，浮托安装分为陆地建造与海上安装两个阶段。在陆地建造阶段，采用甲板支撑框架（DSF）将上部模块架高；在海上安装阶段时，通过驳船压载，将上部模块下放至导管架上，在此过程中，通过桩腿耦合缓冲装置（LMU）吸收组块与导管架之间的碰撞力，完成安装任务。</p>\n\n<p class=\"text_align-justify text_indent-2em\" data-source=\"cke\">“所谓水涨船高，自然潮汐可谓是浮托安装的得力助手。”伦灿章形象地解释道，涨潮时水位会上升，此时运输船拖载海上“巨星”驶入导管架所在位置，通过落潮时水位的下降，助力海上“巨星”与导管架精准对接，让换流站这个“大块头”稳稳“坐”在导管架上，最终实现海上“巨星”在深海区的安家落户。</p>\n\n<p class=\"text_align-justify text_indent-2em\" data-source=\"cke\">浮托安装对海况条件要求极高，为寻找精准的浮托安装窗口期，确保风浪流等环境数据均在浮托安装设计值内，现场团队根据多个定点气象预报的相互验证，最终将浮托安装时间定在7月18日。除此之外，项目团队在摸清施工海域环境、建立施工路径气象预报机制、识别施工风险并制定应急预案的基础上，克服作业窗口期短、海况多变等挑战，顺利完成海上换流站安装。</p>\n\n<p class=\"text_align-justify text_indent-2em\" data-source=\"cke\"><strong data-source=\"cke\">攻克技术难题，填补海洋工程技术空白</strong></p>\n\n<p class=\"text_align-justify text_indent-2em\" data-source=\"cke\">三峡集团江苏如东项目在建设过程中攻克了换流站建造、直流海缆研发等多项重大技术难题，主要电气设备均采用国产品牌，填补了国内海洋工程领域多个技术空白，同时也推动了国内相关制造行业的进步。</p>\n\n<p class=\"text_align-justify text_indent-2em\" data-source=\"cke\">根据三峡如东海上换流站效果示意图，记者了解到，换流站由上部模块和下部导管架两部分组成。上部模块为一座6层钢结构建筑，总重约2.2万吨；下部导管架采用分体式导管架，两片导管架间距62米，通过12根钢管桩固定在海床上，总重约8900吨。</p>\n\n<p class=\"text_align-justify text_indent-2em\" data-source=\"cke\">在上部6层钢结构建筑中，每层均布置相应的设备房室。三峡能源江苏分公司总工程师刘宇告诉科技日报记者，换流站内海陆换流站联接变压器、电抗器、站用变等主要电气设备均采用国产品牌。除此以外，可关断器件（IGBT）作为柔性直流技术的核心部件，长期以来被国外垄断，三峡如东项目首次批量使用国产IGBT部件，实现海上风电主电气设备的自主可控。</p>\n\n<p class=\"text_align-justify text_indent-2em\" data-source=\"cke\">三峡如东海上换流站下部导管架基础是目前国内建造的最大体量海上风电导管架。导管架采用分体式桁架结构，其精准定位对海况要求、施工工艺要求均极高。在经过数种施工方案比选、数轮专家评审后，最终选用“搁置平台精确定位安放”创新施工工艺，实现了施工偏差远小于设计要求的目标。</p>\n\n<p class=\"text_align-justify text_indent-2em\" data-source=\"cke\">此外，海上换流站上部组块具有重量重、体积大等特点，加之海上换流站内部换流阀、电抗器等电气设备对于振动、加速度、倾角等参数敏感，导致海上换流站上部组块搭载建造、滑移上船、海上运输安装难度增大。为了克服这些困难，三峡集团牵头各参建单位通过多轮结构设计优化、设备抗震仿真设计优化、浮托安装稳定性设计优化等方式，高效解决、预防了相关问题，实现换流站的顺利安装。</p>\n\n<p class=\"text_align-justify text_indent-2em\" data-source=\"cke\"><strong data-source=\"cke\">柔性输电，解锁海上风电新技术</strong></p>\n\n<p class=\"text_align-justify text_indent-2em\" data-source=\"cke\">随着海上风电开发程度的不断提高，风电场离岸距离越来越远，远距离海上输电成为关键制约因素。三峡如东柔性直流输电工程是亚洲地区首次将柔性直流输电技术运用于海上风电的项目，其±400千伏电压等级成套设计与应用更是创新突破。</p>\n\n<p class=\"text_align-justify text_indent-2em\" data-source=\"cke\">高压直流输电须通过换流站来实现交直流之间的变化。到目前为止，高压直流输电技术已经历了3次技术上的革新，革新主要体现在其所组成换流器的基本元件发生了革命性的重大突破。三峡能源江苏分公司总经理刘兵向科技日报记者进一步解释道，基于电压源型全控性换流器技术的直流输电方式，被称为是柔性直流输电，也是第三代直流输电技术。</p>\n\n<p class=\"text_align-justify text_indent-2em\" data-source=\"cke\">柔性直流输电中的换流器为电压源换流器（VSC），其最大的特点在于采用了可关断器件（通常为IGBT）和高频调制技术。通过调节换流器出口电压的幅值和与系统电压之间的功角差，可以独立地控制输出的有功功率和无功功率。这样，通过对两端换流站的控制，就可以实现两个交流网络之间有功功率的相互传送，同时两端换流站还可以独立调节各自所吸收或发出的无功功率，从而对所联的交流系统给予无功支撑。</p>\n\n<p class=\"text_align-justify text_indent-2em\" data-source=\"cke\">“柔性直流输电技术作为目前世界上最前沿的输电技术，解决了当前交直流输电技术面临的诸多问题。”刘兵表示，和传统电流源型直流相比，柔性直流对电压、频率的控制更加灵活，就像一个完全可控的水泵，能够精准控制水流的方向、速度和流量，使水库水位更加平稳，河流被截停的几率也大幅下降。</p>\n\n<p class=\"text_align-justify text_indent-2em\" data-source=\"cke\">因此，柔性直流输电技术特别适合应用于长距离的跨海电缆送电、可再生能源并网、分布式发电并网、孤岛供电（黑启动）、异步交流电网互联等领域。</p>\n\n<p class=\"text_align-justify text_indent-2em\" data-source=\"cke\">“远海海上风电即将成为未来海上风电项目开发的聚焦点。柔性直流输电技术将远海的电能汇聚并转换为损耗更低的直流电，然后通过海缆输送至陆上，能有效弥补传统长距离交流输电存在的不足，相比传统交流输电更具有技术经济性。”刘兵说。（记者何亮）</p>\n\n<!--{img:1}-->\n');
INSERT INTO `article_content` VALUES (88, '<p class=\"text_align-justify text_indent-2em\" data-source=\"cke\">新华社南京8月10日电 记者从江苏省铁路集团获悉，10日凌晨4时许，重达2.5万吨的目前国内最大吨位V构转体桥——312国道昆山段V构转体桥跨越沪宁城际铁路实现成功精准对接。</p>\n\n<p class=\"text_align-justify text_indent-2em\" data-source=\"cke\">据了解，该V构转体桥长132米，桥面纵坡-3.97%，是312国道苏州东段改扩建工程昆山段的重点控制性工程。桥体所跨越的沪宁城际铁路是我国最繁忙的高铁线路之一。在240分钟铁路封锁的“天窗点”时段内，桥体缓慢转动70度，对接沪宁高铁两侧桥墩，到达设计指定位置。</p>\n\n<p class=\"text_align-justify text_indent-2em\" data-source=\"cke\">据项目承建方中铁二十四局有关部门介绍，桥梁转体过程复杂、技术难度大、精度要求高，转体通过一套两台同步的自动连续牵引设备，控制梁端以0.75米/分钟的速率缓缓转动；同时转体过程配备智能转体监测系统实时动态监测，确保转体过程安全平稳，实现精准对接。</p>\n\n<p class=\"text_align-justify text_indent-2em\" data-source=\"cke\">312国道苏州东段改扩建工程是江苏省重点工程，是苏州市“四纵五横”一级公路联络干线网络中的五横之一。该项目建成后，将进一步完善苏州市国省干线公路网络，缓解城内和过境交通压力。（记者杨绍功）</p>\n\n<!--{img:0}-->\n');
INSERT INTO `article_content` VALUES (89, '<p class=\"text_align-justify text_indent-2em\" data-source=\"cke\">在加氢站内，工作人员身着防静电服，待人体释放报警器语音播报正常后，进入加氢区域。此时，一辆白色国产氢能源大巴车缓缓驶入中关村延庆园加氢站，工作人员拿下加氢枪对准氢能源车70兆帕车载气瓶加氢口，此时，氢能源车在红外通讯检测正常后，开始向大巴车输送氢能源，整个过程仅用了半个多小时。</p>\n\n<p class=\"text_align-justify text_indent-2em\" data-source=\"cke\">近日，记者在中关村延庆园氢能产业园采访时看到，园区二期项目冬奥配套加氢站（70兆帕）投入使用。这标志着氢能产业园加氢站项目加氢能力和服务水平实现跨越式提升，进一步提高了对冬奥氢燃料车辆用氢的保障能力，对氢能在国内交通领域的应用具有示范意义。</p>\n\n<p class=\"text_align-justify text_indent-2em\" data-source=\"cke\">据悉，2019年12月，中关村延庆园加氢站开工建设，2020年7月建成35兆帕加氢站，10月通过验收并投入使用。2021年6月30日，完成70兆帕加氢站项目设备调试，建成投产。自此，中关村延庆园加氢站完成项目扩建，成为北京市第一座具备70兆帕加氢能力的加氢站，也是科技部“科技冬奥”重点专项——“氢能出行关键技术研发和应用示范”第一个完成建设任务的加氢保障项目。该项目自今年4月10日开工，经过两个多月的紧张施工顺利建成投产，以实际行动助力北京2022冬奥会。</p>\n\n<p class=\"text_align-justify text_indent-2em\" data-source=\"cke\">从35兆帕到70兆帕，中关村延庆园加氢站实现了续航里程、全站供氢能力、加氢安全性、智能化程度的“四大跨越”，每次加满70兆帕氢能可支持氢能源车行驶约500公里，70兆帕加氢站每天可为60辆到100辆大巴车，或200辆中小型客车补充氢能。同时，70兆帕加氢站采用的国际通用的红外通讯协议，可实现加氢过程的自动检测、自动控制、 自动计费、扫码付款、智慧调度等功能。</p>\n\n<p class=\"text_align-justify text_indent-2em\" data-source=\"cke\">“‘四大跨越’来自加氢站技术上的升级，70兆帕是国际先进的水平，设备更先进，氢气压力更大，使单位体积的充氢量大大提高。”中关村延庆园加氢站项目经理、站长王云龙说，“下一步，我们将按照北京冬奥组委、‘科技冬奥’课题组要求，积极配合冬奥会各类氢燃料车辆开展示范运营，服务‘绿色冬奥’、服务北京市和国家电投集团氢能科技创新，探索绿色氢能技术应用，攻克产业发展‘卡脖子’关键技术。”（记者华凌 通讯员许小蕊）</p>\n\n<!--{img:0}-->\n');
INSERT INTO `article_content` VALUES (90, '<div class=\"hugo-indent-2em\" data-node-type=\"BlockFormat\"><div class=\"hugo-align-justify\" data-node-type=\"BlockFormat\"><p data-node-type=\"Paragraph\"><span data-node-type=\"Text\">扩大内需、持续推进超大规模市场建设，是立足新发展阶段、贯彻新发展理念、构建新发展格局的重要内容，是推进我国现代化建设的长远之策、关键之策、战略之策。在省部级主要领导干部学习贯彻党的十九届五中全会精神专题研讨班开班式上，习近平总书记对扩大内需提出了明确要求，强调要“使建设超大规模的国内市场成为一个可持续的历史过程”。这为今后一段时期我国深入实施扩大内需战略、建设强大国内市场指明了方向，具有十分重要的意义。</span><br data-node-type=\"Break\"></p><p data-node-type=\"Paragraph\"><b data-node-type=\"InlineFormat\"><span data-node-type=\"Text\">一个长期战略任务</span></b><br data-node-type=\"Break\"></p><p data-node-type=\"Paragraph\"><span data-node-type=\"Text\">要认识到，扩大内需、持续推进超大规模市场建设，不是应对金融风险和外部冲击的一时之策，主要是由当前和今后一段时期我国经济发展面临的宏观背景、重大任务等所决定的。</span><br data-node-type=\"Break\"></p><p data-node-type=\"Paragraph\"><span data-node-type=\"Text\">从外部环境看，当今世界正经历百年未有之大变局，叠加新冠肺炎疫情全球大流行带来的前所未有的冲击，国际经济、政治、科技、文化、安全格局都在发生深刻调整，这将是一场更长远、更广阔、更深刻的变革，对我国经济发展影响的广度、深度和长远性大大超过亚洲金融危机和2008年国际金融危机。在这样的背景下，我们将长期面对一个更加动荡变革的世界，面对更多逆风逆水的外部环境，要在各种可以预见和难以预见的狂风暴雨、惊涛骇浪中，增强我们的生存力、竞争力、发展力、持续力，必须将扩大内需作为经济发展长期的、基本的立足点。</span><br data-node-type=\"Break\"></p><p data-node-type=\"Paragraph\"><span data-node-type=\"Text\">从发展阶段看，经过新中国成立以来特别是改革开放40多年的不懈奋斗，我国经济实力、科技实力、综合国力和人民生活跃上了新的大台阶，发展仍处于重要战略机遇期，具备了向第二个百年奋斗目标进军的坚实基础和有利条件。同时，必须清醒地看到，这也是一个“船到中流浪更急、人到半山路更陡”的阶段，要满足人民日益增长的美好生活需要，实现经济高质量发展，同时要顺利进入高收入国家行列、跨过所谓的“中等收入陷阱”，必须坚定实施扩大内需战略，把我国超大规模市场优势充分地、持续地激发出来，有力推动我国经济发展行稳致远。</span><br data-node-type=\"Break\"></p><p data-node-type=\"Paragraph\"><span data-node-type=\"Text\">从构建新发展格局要求看，也必须着力扩大内需，持续推进超大规模市场建设。因为没有强大的内需，就难以形成国内大循环的良性循环。无论是科技创新、产业发展，需求都是重要动力。强调以国内大循环为主体，必然要求以国内需求为主。同时，在当今国内国际市场紧密联系的情况下，要实现国内国际双循环相互促进，减少外部环境和市场变化带来的不确定性、不稳定性，也必须发挥内需的主导作用。</span><br data-node-type=\"Break\"></p><p data-node-type=\"Paragraph\"><span data-node-type=\"Text\">总的来看，扩大内需、持续推进超大规模市场建设，是一个长期战略任务。不仅要体现内需在整个社会总需求中的主体地位，而且要充分发挥内需对经济高质量发展和更高水平参与国际竞争的主导作用。不仅是促进经济发展的重要之举，而且要提升到构建新发展格局战略基点的地位上。扩大内需应采取的政策措施，不仅包括一些短期性的刺激国内需求的措施，而且应该更多着眼长远，采取一些根本性措施，充分释放国内需求潜力，建设强大国内市场。</span><br data-node-type=\"Break\"></p><p data-node-type=\"Paragraph\"><b data-node-type=\"InlineFormat\"><span data-node-type=\"Text\">深刻认识目标要求</span></b><br data-node-type=\"Break\"></p><p data-node-type=\"Paragraph\"><span data-node-type=\"Text\">使建设超大规模的国内市场成为一个可持续的历史过程，是我国实施扩大内需战略的重要目标，对当前和今后一个时期我国扩大内需工作提出了新的要求。</span><br data-node-type=\"Break\"></p><p data-node-type=\"Paragraph\"><span data-node-type=\"Text\">一是要使国内需求市场体量规模巨大、成长性高。经过40多年的改革开放，目前我国已成为全球第二大消费市场，在许多领域都已成为全球第一大市场。从发展潜力看，随着我国由小康型消费向富裕型消费迈进，未来国内市场拓展空间也很大。当前存在的主要问题是受供给约束、体制和政策约束等影响，内需潜力还没有充分释放出来。对此，必须加快建立起扩大内需的有效制度，保持社会总需求较快增长，把内需潜力变为市场实际需求。</span><br data-node-type=\"Break\"></p><p data-node-type=\"Paragraph\"><span data-node-type=\"Text\">二是要使国内需求市场体系完善、运行效率高。集中表现在其体系是否完备、结构是否合理、效率是否高，重点是内需市场体系中一些重要比例关系要合理，包括投资和消费的关系以及投资、消费内部比例关系，不同的组合决定了国内需求体系的效率。为此，必须要合理确定投资和消费的关系，既要扩大政府投资，也要着力保持社会投资不断增长。在收入分配中处理好政府、企业和居民的关系，不断缩小收入差距。</span><br data-node-type=\"Break\"></p><p data-node-type=\"Paragraph\"><span data-node-type=\"Text\">三是要使国内需求升级和供给创新能力适配性高、持续发展动力强。市场由需求和供给两方面构成，二者既相互作用又相互制约。如果在需求端不能形成持续升级的动力，在供给端不能形成持续创新的动力，即使市场在一段时期内大或者强，也不能形成持续的强大内需市场。为此，必须把实施扩大内需战略同深化供给侧结构性改革有机结合起来，把供给侧改革和需求侧管理结合起来，相互配合、协调推进，形成需求牵引供给、供给创造需求的更高水平动态均衡。</span><br data-node-type=\"Break\"></p><p data-node-type=\"Paragraph\"><span data-node-type=\"Text\">四是要使国内需求市场开放性更高、吸引力和影响力更强。只有具备高度开放性，才能使国内需求市场可以充分吸纳、利用各种资源来壮大和发展自己，也才能使其融入国际需求和市场体系中，显示其强大的竞争力和影响力。为此，必须处理好内需与外需的关系，使二者相互补充、相得益彰，形成以国内需求为主、国内国际需求相互促进的局面，为构建新发展格局提供有力支撑。</span><br data-node-type=\"Break\"></p><p data-node-type=\"Paragraph\"><b data-node-type=\"InlineFormat\"><span data-node-type=\"Text\">加快建立有效制度</span></b><br data-node-type=\"Break\"></p><p data-node-type=\"Paragraph\"><span data-node-type=\"Text\">实施扩大内需战略，持续推进超大规模国内市场建设，必须发挥市场在资源配置中的决定性作用，更好发挥政府作用。其中，关键是要建立起扩大内需的有效制度，持续释放内需潜力。</span><br data-node-type=\"Break\"></p><p data-node-type=\"Paragraph\"><span data-node-type=\"Text\">第一，要以增加居民收入和提高基本公共服务为重点，完善收入分配制度，建立居民收入和中等收入群体持续稳定增长机制。消费需求是经济发展持久的拉动力量，也能带动投资需求。因此，扩大内需必须发挥好消费的基础性作用。首先，要实施就业优先战略，健全有利于更充分更高质量就业的促进机制，扩大就业容量，提升就业质量。这是增加居民收入、扩大消费需求的前提，也是最大的民生。其次，要推进收入分配体制改革，逐步调整要素分配结构和宏观分配结构，提高劳动报酬在要素分配中的比重，提高居民收入在国民收入分配中的比重。此外，还要坚持尽力而为、量力而行，与我国经济发展阶段、国情相适应，健全国家基本公共服务制度体系，不断提高基本公共服务均等化水平，切实解决人民群众在子女上学、住房、育幼、养老等方面的“后顾之忧”，加大对中低收入群体社会保障和基本公共服务“兜底”帮扶，全方位释放消费潜力。</span><br data-node-type=\"Break\"></p><p data-node-type=\"Paragraph\"><span data-node-type=\"Text\">第二，要以提高投资效率和质量为重点，改革投融资体制机制，建立投资内生持续增长机制。立足新发展阶段、贯彻新发展理念、构建新发展格局，扩大投资要有新的思路和新的体制机制安排。要优化投资结构，加快补齐基础设施、市政工程、农业农村等领域短板，推动企业设备更新和技术改造，扩大战略性新兴产业投资。要建立新的既有利于激励民间投资，又能有效约束盲目投资、资本无序扩张的机制和政策体系，促进民间投资持续增长。要分类施策，在投资准入、政府资金引导、用地政策等方面，针对不同类型投资建立不同的投融资机制和方式。比如，对科技创新领域，政府要加大基础研究投入，同时通过财税政策引导企业加大研发投入。在科技成果商业化、产业化阶段要建立有利于风险分担的机制，重点是发展创业投资，健全多层次资本市场，提高直接融资比重。对教育、医疗、育幼、养老等民生领域，要区分基本与非基本公共服务，加大政府对基本公共服务供给保障的投入，在非基本公共服务领域建立政府资金引导、政策性银行支持、社会资本为主的投融资体制。</span><br data-node-type=\"Break\"></p><p data-node-type=\"Paragraph\"><span data-node-type=\"Text\">第三，要以供给侧结构性改革为主线，加强需求侧管理，建立供需协调发展机制。创新能力不足、供给存在约束是制约当前我国需求潜力释放的突出问题。为此，扩大内需必须紧紧扭住供给侧结构性改革这个主线，充分发挥供给适应需求、创造新需求的作用，持续不断创造更高质量、更高收入的就业，做大做好“蛋糕”。要建立市场化法治化去产能机制，加强对重大生产力布局的“窗口指导”。住房需求在扩大内需中占较大比重，是必须解决的问题，要坚持“房住不炒”的定位，建立房地产市场稳定健康发展长效机制。坚持以服务实体经济、服务人民生活为本，加快金融市场化改革，优化金融供给结构，建立强大金融市场体系。完善包容审慎的新兴产业监管体制，加强5G、工业互联网、物联网、人工智能等领域关键核心技术攻关，推进应用场景建设，促进新技术、新产品、新业态、新模式发展。进一步优化国有资本布局，深化国资国企改革。加快教育体制、科技体制改革，促进科技创新、人才培养更好满足经济发展的需求。优化养老服务资源配置，扩大普惠型养老服务供给，大力发展“银发经济”。</span><br data-node-type=\"Break\"></p><p data-node-type=\"Paragraph\"><span data-node-type=\"Text\">第四，要以推进外贸转型为重点，建立内外需求协调发展机制。在这一过程中，要完善外贸、外资政策和外汇管理机制，将扩大进口作为联通国内外两个市场、更好利用国际资源推动经济高质量发展的重要措施，扩大优质消费品、先进技术、能源资源等进口，同时要持续提升货物出口竞争力，创新发展服务贸易出口，推动进出口协调发展，从而促进国内国际需求良性循环。特别要依托超大规模市场优势推动高质量引进来，同时加快对外投资方式创新，整合优化现代供应链和全球价值链，提高国际双向投资水平，推动国内国际产业链供应链畅通。</span><br data-node-type=\"Break\"></p><p data-node-type=\"Paragraph\"><b data-node-type=\"InlineFormat\"><span data-node-type=\"Text\">（作者单位：中国宏观经济研究院）</span></b><br data-node-type=\"Break\"></p></div></div><!--{img:0}-->');
INSERT INTO `article_content` VALUES (91, '<p class=\"text_align-justify text_indent-2em\" data-source=\"cke\">我国宣布力争2030年前实现碳达峰、2060年前实现碳中和，这是我国基于推动构建人类命运共同体的责任担当和实现可持续发展的内在要求作出的重大战略决策。我国承诺实现从碳达峰到碳中和的时间，远远少于发达国家所用时间，这需要付出艰苦努力。中国电子信息产业发展研究院的数据显示，工业是碳排放的重要领域，约占70%，推进工业绿色低碳发展是实现“双碳”目标的重中之重。作为节能减排的“主战场”，工业需要尽快解决产业结构和能源结构不平衡、资源利用效率相对较低等一系列问题，加快推进绿色低碳发展。</p>\n\n<p class=\"text_align-justify text_indent-2em\" data-source=\"cke\">“十四五”规划和2035年远景目标纲要提出“推动能源清洁低碳安全高效利用，深入推进工业、建筑、交通等领域低碳转型”，同时要求“以数字化转型整体驱动生产方式、生活方式和治理方式变革”，这为加快数字经济与实体经济深度融合，进而推动工业绿色低碳发展指明了方向。</p>\n\n<p class=\"text_align-justify text_indent-2em\" data-source=\"cke\">当前，数字技术广泛渗透于生产生活，数字经济蓬勃兴起，数字产业化和产业数字化加速演进，推动数字经济与实体经济深度融合已经成为推动生产方式绿色化、实现高质量发展的重要路径。一方面，数字经济能有效改进生产工艺流程、提高设备运转效率、提升生产过程管理的精准性，从而通过智能协同管理实现生产效率和节能减排“双提升”。另一方面，数字经济能有效优化资源配置模式，通过工业互联网、大数据、人工智能等领域的数字基础设施实现各种资源要素在不同行业、不同企业间的融通和共享，进一步提升资源配置效率。此外，数字经济最重要的生产要素就是数据，数据具有高效、清洁、低成本、可复制等特点。用好数据要素，加快数字经济与实体经济的深度融合，能有效优化传统产业结构、优化创新生态系统。</p>\n\n<p class=\"text_align-justify text_indent-2em\" data-source=\"cke\">进一步激发数字经济的赋能作用，推动工业绿色低碳发展，可在以下几个方面下功夫。</p>\n\n<p class=\"text_align-justify text_indent-2em\" data-source=\"cke\">一是优化产业结构，加快构建绿色低碳工业体系。要将绿色发展理念贯穿于工业经济全领域、生产全过程，充分激发工业互联网、大数据、人工智能对优化产业结构的重要作用，力争推动工业领域的绿色低碳技术实现重大突破，促进传统产业智能化、清洁化改造，建设低耗高产的绿色制造体系；充分利用工业互联网、大数据、人工智能等技术，围绕钢铁、石化、水泥等重点高能耗高排放行业打造能效可视、可控的能源管控解决方案，实现节能减排和绿色生产；进一步加强对数据的分析和价值挖掘，加速绿色产品开发，精细管理工业企业工艺、制造、采购、营销、物流供应链及服务等各个环节，提升端到端的生产和管理效率，实现各环节的节能减排；打造绿色制造公共服务平台，赋能和服务工业企业绿色转型升级。</p>\n\n<p class=\"text_align-justify text_indent-2em\" data-source=\"cke\">二是优化能源结构，加快能源绿色低碳转型。重点是要推动电力和煤炭等传统能源的绿色低碳转型，推进能源企业各环节数字化，提升能源企业的生产效率，降低碳排放；提高能源互联网的智能化水平，利用人工智能、大数据和云计算等技术实时采集运行数据，实现精准预测需求、设备远程监测、能耗管理、预测性维护、设备运行优化，进而降低能耗和碳排放；加快构建清洁低碳、安全高效的能源体系，推进绿色能源在工业企业中的应用。</p>\n\n<p class=\"text_align-justify text_indent-2em\" data-source=\"cke\">三是推动数字化和绿色化协同发展，实现数字基础设施绿色低碳发展。要加强顶层设计，强化数字基础设施的绿色低碳导向，规划数字基础设施从设计、建设到投产运营的全生命周期节能减排路线图；利用5G、人工智能等技术更加有效地采集数字基础设施建设的能耗和排放数据，建立绿色发展管理数据系统，实现智能化管理；充分发挥市场机制作用，以绿色金融赋能数字化和绿色化发展深度融合。</p>\n\n<p class=\"text_align-justify text_indent-2em\" data-source=\"cke\">四是积极推动数字技术企业和工业企业携手共进。现实地看，数字技术企业缺乏工业领域的专业知识，难以了解工业企业的工艺与流程，工业企业则难以了解如何应用数字技术推动业务转型升级，这种情况在一定程度上导致数字技术落地缓慢。对此，需要鼓励数字技术企业深入到工业企业生产的全流程，在工业互联网等新型基础设施的支撑下，为工业企业量身打造数字化转型解决方案，助力工业企业加快数字化转型升级；需要支持工业企业通过与数字技术企业合作加快设备联网和智能化改造，实时收集设备运行数据，改善生产管理，加强行业间、企业间的互联互通，打破地域限制和信息孤岛；还需要重视在同一个行业内打造流程统一、标准一致、上下游数据互通的数据管理平台，以此推动整个行业的数字化转型。</p>\n\n<p class=\"text_align-justify text_indent-2em\" data-source=\"cke\"><strong data-source=\"cke\">（作者单位：对外经济贸易大学北京企业国际化经营研究基地）</strong></p>\n\n<!--{img:0}-->\n');
INSERT INTO `article_content` VALUES (92, '<p class=\"text_align-justify text_indent-2em\" data-source=\"cke\">在庆祝中国共产党成立100周年大会上的重要讲话中，习近平总书记代表党和人民向世界庄严宣告：经过全党全国各族人民持续奋斗，我们实现了第一个百年奋斗目标，在中华大地上全面建成了小康社会，历史性地解决了绝对贫困问题，正在意气风发向着全面建成社会主义现代化强国的第二个百年奋斗目标迈进。全面建成小康社会，作为一百年来党团结带领中国人民不懈奋斗取得的伟大成就，必将载入中华民族发展史册、人类文明发展史册。</p>\n\n<p class=\"text_align-justify text_indent-2em\" data-source=\"cke\"><strong data-source=\"cke\">圆了中华民族千年“小康”梦</strong></p>\n\n<p class=\"text_align-justify text_indent-2em\" data-source=\"cke\">世界上有200多个国家，有为数众多的民族，无论哪个国家和民族，摆脱贫穷，走向富裕之路，是普天之下的殷切期望。由于种种原因，世界上大部分的国家仍处在发展中或欠发达的状态，大部分的民族享有的生活状况与良好愿望还有很大的距离。</p>\n\n<p class=\"text_align-justify text_indent-2em\" data-source=\"cke\">中华民族历史悠久，文明积淀深厚，更是对摆脱贫困和追求宽裕富足的生活有美好的冀盼。一部中国发展史，就是中华民族同贫困作斗争、争取安定宽裕生活的历史。殷实小康的生活，构成了中华文明中不可或缺的重要一面。“小康”一词，千百年来不断出现于各种历史文献和文学作品中，真切反映了长期处于贫困之中的中国百姓对美好生活的向往。</p>\n\n<p class=\"text_align-justify text_indent-2em\" data-source=\"cke\">然而，中华民族的悠久历史并没有给小康社会的产生留出空间，积淀深厚的中华文化也没能让中国百姓摆脱千年的贫困。鸦片战争之后，中国更是陷入了半殖民地半封建社会，受尽列强的欺负和压迫，民众的生活更为贫困，中国成了世界上最落后、最悲惨的国家之一。在中国历史长河的千年流淌中，宽裕富足的小康社会只能是中国百姓深埋在心中而难以实现的一个梦。</p>\n\n<p class=\"text_align-justify text_indent-2em\" data-source=\"cke\">中国共产党人被历史所选择，被人民所选择，被时代推上了改变中国历史的舞台中央，带领人民破坏一个旧世界，从头建设一个新世界。中国共产党人要来解决千百年来中华民族面对的第一难题：消除贫困、实现小康。摆脱贫困，成为实现中华民族伟大复兴中国梦的重要内容。新中国的建立，为社会主义建设奠定了根本政治前提，为人民谋利益有了制度保障。改革开放之初，邓小平同志提出了建设小康社会的伟大构想。1979年12月，邓小平同志在会见外国友人时就明确指出，中国要实现的现代化，是中国式的四个现代化，不是西方国家那样的现代化概念，而是“小康之家”。接着，邓小平同志为“小康”目标划出了人均国民生产总值800美元的底线，“就是还不富裕，但日子好过”。1982年9月，根据邓小平同志的构想，党的十二大正式提出从1981年起到20世纪末实现全国工农业总产值翻两番，达到“小康”水平的战略目标。</p>\n\n<p class=\"text_align-justify text_indent-2em\" data-source=\"cke\">用小康社会来定位一个时期中国经济社会发展的战略目标，是中国共产党执政理念的一大创举。提出小康社会的建设目标，把一个本来很抽象的发展概念阐释为中国百姓千百年来梦中的理想社会状态，并为之确定一个具体的量化标准，是把现代社会价值观与传统社会理想加以结合的智慧创造。党的十六大着眼于我国长远发展目标，提出了全面建设小康社会的奋斗目标，并作出具体的战略部署。</p>\n\n<p class=\"text_align-justify text_indent-2em\" data-source=\"cke\">党的十八大以来，中国特色社会主义进入新时代，全面小康社会建设开启了新阶段。党的十八大报告郑重提出，确保到2020年实现全面建成小康社会宏伟目标。这是中国共产党向全国人民的庄严承诺，更是中国共产党人的历史担当。在党的十九大上，以习近平同志为核心的党中央提出，我们既要全面建成小康社会、实现第一个百年奋斗目标，又要乘势而上开启全面建设社会主义现代化国家新征程，向第二个百年奋斗目标进军。党的十九大报告明确指出，从现在起到2020年，是全面建成小康社会决胜期。这个决胜期满打满算只有三年多一点的时间，任务极其艰巨。而且，我们要实现的全面建成小康社会目标，是实打实的不含水分的成就，是群众看得见、信得过的成就。习近平总书记反复强调，要“使全面建成小康社会得到人民认可、经得起历史检验”。</p>\n\n<p class=\"text_align-justify text_indent-2em\" data-source=\"cke\">作为一个拥有14亿多人口的发展中大国，在“一穷二白”的基础上，经历了发展的多次跳跃，从生产力水平落后低下到建立起比较完善的产业门类体系，实现经济总量跃居世界第二的历史性突破，标志着中国大踏步地赶上了时代。党的十八大以来，这个古老的东方大国更是经受住各种考验，战胜了一系列重大风险挑战，在既定的时间内全面建成小康社会，终于实现第一个百年奋斗目标，使中华民族的千年梦想变成现实。这是一场历史性的社会变革，是中国人民的光荣与梦想，是中华文明进程的伟大成就！</p>\n\n<p class=\"text_align-justify text_indent-2em\" data-source=\"cke\"><strong data-source=\"cke\">为世界减贫治理提供中国样本</strong></p>\n\n<p class=\"text_align-justify text_indent-2em\" data-source=\"cke\">中国全面建成小康社会，其意义不仅在于经济发展水平跃上一个新的台阶，赶上时代的步伐又向前迈出了一大步，还在于作为一个人口大国历史性地解决了绝对贫困问题，在脱贫上走在了时代的前列，为全世界消除贫困作出表率，为发展中国家脱贫减贫提供了有益的经验，树立了可供借鉴的样本。</p>\n\n<p class=\"text_align-justify text_indent-2em\" data-source=\"cke\">人类社会虽然进入了21世纪，贫困问题却没有因互联网、大数据、人工智能等最新科学技术的应用而消亡，全球贫困状况依然严重，减贫形势依然严峻，消除贫困仍是联合国“可持续发展目标”中的首项目标。根据联合国公布的数据，全球仍有近10%的人口生活在人均每天费用不到1.9美元的绝对贫困状态，全世界农村地区的贫困率仍高达17%以上。而且，由于新冠肺炎疫情在全球的大流行，全球贫困率将出现30年来的首次上升，贫困人口不减反增。</p>\n\n<p class=\"text_align-justify text_indent-2em\" data-source=\"cke\">与全球减贫形势形成鲜明对照的是，中国的脱贫攻坚战取得了全面胜利，现行标准下9899万农村贫困人口全部脱贫，区域性整体贫困得到解决，在中华大地上消除了绝对贫困，创造了又一个彪炳史册的人间奇迹！改革开放以来，我国共有7.7亿农村贫困人口摆脱贫穷，减贫人口占同期全球减贫人口70%以上，提前10年实现《联合国2030年可持续发展议程》减贫目标，为全球减贫事业作出了重大贡献。</p>\n\n<p class=\"text_align-justify text_indent-2em\" data-source=\"cke\">世界上没有哪一个国家能在这么短的时间内实现几亿人脱贫，没有哪一个国家在遭受世纪罕见疫情的情况下，决战决胜脱贫攻坚的任务不动摇，目标不放松、不打折，最终如期全面建成小康社会。党的十八大以来，党中央就明确指出，全面建成小康社会最艰巨最繁重的任务在农村特别是贫困地区，没有农村的小康特别是贫困地区的小康，就没有全面建成小康社会，必须时不我待抓好脱贫攻坚工作。党的十九大把精准脱贫作为三大攻坚战之一，进行全面部署，锚定全面建成小康社会目标，决战决胜脱贫攻坚。2020年，面对突如其来的新冠肺炎疫情和特大洪涝灾情，在以习近平同志为核心的党中央坚强领导下，全党全国人民以更大的决心、更强的力度，坚决打好脱贫攻坚收官战，以最大的果敢迈向胜利的终点。</p>\n\n<p class=\"text_align-justify text_indent-2em\" data-source=\"cke\">中国为世界减贫事业作出重大贡献，为全球创造了极其珍贵的减贫治理的中国样本。摆脱贫困一直是困扰全球发展和治理的突出难题。世界上大部分的发展中国家承受贫困人口过多的巨大压力，一些发达国家也有比较严重的贫困问题。中国向世界很好地提供了减贫治理的成功样本，创造的经验有助于其他国家加快治理贫困的进程，有利于在世界范围内构建人类命运共同体。</p>\n\n<p class=\"text_align-justify text_indent-2em\" data-source=\"cke\"><strong data-source=\"cke\">为实现中华民族伟大复兴奠定坚实基础</strong></p>\n\n<p class=\"text_align-justify text_indent-2em\" data-source=\"cke\">习近平总书记在庆祝中国共产党成立100周年大会上的讲话中指出，党的十八大以来，我们“战胜一系列重大风险挑战，实现第一个百年奋斗目标，明确实现第二个百年奋斗目标的战略安排，党和国家事业取得历史性成就、发生历史性变革，为实现中华民族伟大复兴提供了更为完善的制度保障、更为坚实的物质基础、更为主动的精神力量。中国共产党和中国人民以英勇顽强的奋斗向世界庄严宣告，中华民族迎来了从站起来、富起来到强起来的伟大飞跃，实现中华民族伟大复兴进入了不可逆转的历史进程”。全面建成小康社会，标志着中国综合国力的显著提升，显示出中国人民战胜发展道路上一切艰难险阻的决心、意志和能力，为实现第二个百年奋斗目标奠定了雄厚的物质基础，必将使中华民族伟大复兴的历史进程不可逆转、大步向前。</p>\n\n<p class=\"text_align-justify text_indent-2em\" data-source=\"cke\">全面建成小康社会，中国发展的力量更为强大，在世界经济版图的地位更加凸显。自2010年经济总量跃居世界第二以来，经过“十二五”和“十三五”两个五年发展规划的实施建设，中国经济的总量规模显著扩大，发展水平显著提升，在世界上的地位呈现出突出上升的态势。据世界银行的统计，2010年中国GDP总量占世界GDP总量的比重为9.2%。10年之后的2020年，这一比重上升至17.38%。2010年，中国成为世界第二大经济体的第一年，中国经济总量只有世界第一大经济体美国的四成（40.6%），2020年，中国经济总量已是美国经济总量的70.32%。这一年，中国的国内生产总值突破100万亿元，是世界上在世纪疫情面前唯一保持正增长的主要经济体。中国目前是世界第一大工业国、第一大货物贸易国、第一大外汇储备国，发展的物质基础越来越坚实雄厚。有理由相信，实现第二个百年奋斗目标的前进道路上会充满困难和挑战，但实现这一目标的条件已经越来越充分、基础越来越坚实。</p>\n\n<p class=\"text_align-justify text_indent-2em\" data-source=\"cke\">全面建成小康社会，我国的发展优势有新的积累，从制度优势到完备的产业体系优势得到进一步巩固提升，发展的经验更加丰富，中国的发展道路一定会沿着既定的方向延伸下去。中国发展经久不衰的一个密钥在于坚持改革开放不动摇，我们始终以改革的动力化解发展道路上的困难和矛盾，始终以开放的胸怀进入更大的发展空间。正如习近平总书记所指出的，“改革开放是决定当代中国前途命运的关键一招”。中国实现第一个百年奋斗目标，依靠的是坚定不移地推进改革开放，实现第二个百年奋斗目标，也必将继续依靠坚定不移推进改革开放。我国经济社会发展进入新阶段，贯彻新发展理念不断深入，加快构建以国内大循环为主体、国内国际双循环相互促进的新发展格局将是经济现代化建设的主要路径，其过程必将进一步推动改革开放的中国加速度。</p>\n\n<p class=\"text_align-justify text_indent-2em\" data-source=\"cke\">全面建成小康社会，实现了第一个百年奋斗目标，以创新、奋进的姿态向着第二个百年奋斗目标迈进，持之以恒，坚持不懈，必将到达胜利的彼岸。为建成社会主义现代化强国，创新必须成为主要发展动力，科技必须实现自立自强。党的十九届五中全会提出把科技自立自强作为国家发展的战略支撑，将创新列为发展各项重大任务之首。习近平总书记在一系列重要讲话中强调科技自立自强的战略地位，为实现第二个百年奋斗目标指明了战略方向和行动路径。经过多年的努力，我国已初步形成一定程度的科技创新优势，即在部分领域的创新已处于国际第一方阵的水平和能力，如高铁、5G、航天工程、北斗卫星导航、量子信息技术等。同时，在许多关键技术领域，我们还有薄弱环节，存在着“卡脖子”的突出问题。</p>\n\n<p class=\"text_align-justify text_indent-2em\" data-source=\"cke\">当前我们国家比任何时候都重视科技创新和关键核心技术突破，实现创新的资源比任何时候都要充分，始终坚持战略方向不动摇，下大力气建立新型举国体制，更好发挥市场机制作用，深化科技体制改革，充分尊重人才、尊重创新规律，科技自立自强越来越成为我国发展的重要战略支撑。</p>\n\n<p class=\"text_align-justify text_indent-2em\" data-source=\"cke\">全面建成小康社会，使中国人民积累起更为强大、更为主动的精神力量，这一力量必将在实现第二个百年奋斗目标中发挥不可替代的关键作用，为实现中华民族的伟大复兴吹响嘹亮的进军号。回顾过去百年，中国共产党人奋斗的光辉历程就是一部精神力量昂扬的历史。为中国人民谋幸福、为中华民族谋复兴，离不开精神力量的鼓舞。战争年代，浴血奋战、百折不挠，以武装的革命反对武装的反革命，离不开精神力量的支撑。建设时期，自力更生、发愤图强，建成一个新世界；进入新时期，解放思想、锐意进取，创造了改革开放和社会主义现代化建设的伟大成就，离不开精神力量的推动。党的十八大以来，我们战胜一系列重大风险挑战，实现第一个百年奋斗目标，党和国家事业取得历史性成就、发生历史性变革，精神力量不可或缺。作为一个人口众多、发展基础薄弱的大国，中国历史性地告别绝对贫困，在全国范围内全面实现小康，必将在精神上极大鼓舞中国人民，鼓舞中华民族，在中华民族伟大复兴的前行道路上产生难以估量的精神动能，推动中国人民在实现第二个百年奋斗目标的进程中发挥巨大的创造力，以百折不挠的斗志和非凡的奋斗精神实现国家和民族的终极梦想。</p>\n\n<p class=\"text_align-justify text_indent-2em\" data-source=\"cke\">（作者系南通大学特聘教授，东南大学首席教授、东南大学中国特色社会主义发展研究院副院长）</p>\n\n<!--{img:0}-->\n');
INSERT INTO `article_content` VALUES (93, '<p class=\"text_align-justify text_indent-2em\" data-source=\"cke\">当前，在讨论货币政策时，很少有学者提及货币职能。可是在笔者看来，货币政策是货币职能在宏观层面的展开，若离开货币职能研究货币政策，其实是舍本逐末。笔者将从货币职能角度，分析货币政策要解决的问题以及货币政策的目标取向。</p>\n\n<p class=\"text_align-justify text_indent-2em\" data-source=\"cke\">人类早期的商品交换是物物交换。作为一般等价物，货币是商品交换发展到一定阶段的产物。换句话说，货币的出现是由于交换规模的不断扩大需要其协助，是为了协助商品交换。货币有五项职能：价值尺度、流通手段、支付手段、贮藏手段、世界货币，这些职能皆服务于交换。</p>\n\n<p class=\"text_align-justify text_indent-2em\" data-source=\"cke\">所谓货币政策，通常是指“利率、法定存款准备金率、公开市场业务”等调控货币量的三大工具。马克思认为，货币需求量取决于社会商品价格总额和货币流通速度。那么，既然能够知道货币的需求量，货币量按需求供给即可，为何央行要用货币政策予以控制呢？</p>\n\n<p class=\"text_align-justify text_indent-2em\" data-source=\"cke\">从源头追溯，这与瑞典经济学家维克塞尔有关。在维克塞尔之前，经济学家皆认为货币是“中性”的，即货币增减只会影响价格总水平而不会改变商品的比价。1898年，维克塞尔在《利息与价格》中首次提出了“货币非中性理论”。他认为，货币不仅是交换媒介，同时也有储藏功能。而一旦货币被储藏，商品供求失衡会造成经济波动。</p>\n\n<p class=\"text_align-justify text_indent-2em\" data-source=\"cke\">维克塞尔还分析指出，由于货币非中性，要想让商品供求恢复均衡就得用“利率”调节价格。他指出，当货币借贷的“实际利率”低于实物借贷的“自然利率”时，企业有利可图则会扩大贷款（投资），投资扩大会推高生产要素价格，而要素价格上涨，要素所有者收入增加又会拉动消费品涨价，于是价格形成了一个向上累积的过程；反之，价格会向反方向变动，形成一个向下的累积过程。</p>\n\n<p class=\"text_align-justify text_indent-2em\" data-source=\"cke\">于是维克塞尔得出结论：由于货币的存在，实际利率往往会偏离自然利率，因而要保持价格稳定，必须适时调控实际利率，让实际利率与自然利率保持一致。学界流行的“利率工具论”正是由此而来，且货币政策工具已扩展为“利率、存准率和公开市场操作”。</p>\n\n<p class=\"text_align-justify text_indent-2em\" data-source=\"cke\">“货币非中性理论”提出后，维克塞尔名声大振，熊彼特称他是“瑞典的马歇尔”“北欧经济学的顶峰”，并引发了一场“规则”对“权变”的争论。其中一派以凯恩斯为代表，倡导所谓相机抉择的“权变”政策。凯恩斯认为，经济活动仿如一条有着荣枯周期的河流，货币供应是“闸门”，为平抑经济剧烈震荡，政府作为“守闸人”应根据河流的水位，适时关闭或开启“闸门”。</p>\n\n<p class=\"text_align-justify text_indent-2em\" data-source=\"cke\">然而20世纪50年代后期，以费里德曼为代表的美国经济学家开始反对“权变”。他研究发现，从货币供应变化到价格总水平变化之间，有两个“时滞”期：货币变化需要在6—9个月后才引起名义收入变化；而收入变化后要再过6—9个月才引起价格变化。正由于存在12—18个月的时滞，央行调控货币往往要么过松、要么过紧。而无论哪种结果，都会加剧经济波动。</p>\n\n<p class=\"text_align-justify text_indent-2em\" data-source=\"cke\">确实，“权变”政策容易让经济陷入循环怪圈：为减少失业—增加货币供应—利率下降—投资扩大—收入增加—物价上涨—利率反弹—投资收缩—失业增加。所以弗里德曼建议，政府与其手忙脚乱操控货币供应，倒不如实施“简单规则”的货币政策，将货币供应增长率稳定在与经济增长率大体一致的水平上。</p>\n\n<p class=\"text_align-justify text_indent-2em\" data-source=\"cke\">判断“权变”与“规则”孰是孰非，笔者认为首先需要弄清楚，货币政策要解决什么问题。若为了稳定币值（物价），就应选择“简单规则”；若为了短期刺激投资，“权变”也不失为一种可取的选择。问题是，货币政策的目标到底是什么？此问题显然涉及货币职能。前面说过，货币的职能是协助交换。从交换角度看，货币政策的重点当然是稳定币值。</p>\n\n<p class=\"text_align-justify text_indent-2em\" data-source=\"cke\">历史是一面镜子。20世纪40年代中期之后，欧美由于实施“权变”政策，结果到20世纪70年代普遍陷入了“滞胀”。为摆脱“滞胀”，1975年前后，有五个工业国实施了“简单规则”货币政策，并且成功控制了通胀。</p>\n\n<p class=\"text_align-justify text_indent-2em\" data-source=\"cke\">回到理论层面看，“货币非中性理论”其实存在诸多疑点。维克塞尔所说的实际利率偏离自然利率并不成立。庞巴维克认为，利息是货币时差之价；而货币理论大师费雪则将利息定义为“不耐”（急于消费）的代价。他们的表述不同但意思相近，利率取决于社会的不耐程度，与借贷品是“实物”还是“货币”无关。既然如此，实际利率怎么会偏离自然利率呢？</p>\n\n<p class=\"text_align-justify text_indent-2em\" data-source=\"cke\">对于利率不能调节价格，其实经济学讲得很清楚：某商品涨价是由于商品供不应求；而价格总水平上涨，则是因为货币供给过多。这意味着，利率既不决定单个商品的价格，也不影响价格总水平。按照维克塞尔的分析，实际利率低于自然利率时，企业会扩贷。那么，央行若不过多发行货币，企业何以扩贷？降低利率又怎么能拉高要素商品价格呢？</p>\n\n<p class=\"text_align-justify text_indent-2em\" data-source=\"cke\">最后说货币政策选择。2020年新冠肺炎疫情肆虐全球，美国大举推出量化宽松货币政策；而中国则坚持实施稳健货币政策，“稳健”当然不是“权变”。中央强调，稳健货币政策要保持流动性合理充裕，同时货币信贷、社会融资规模增长要与经济发展相适应。简言之，我国货币政策的目标取向，是稳定币值而不是对经济强刺激。</p>\n\n<!--{img:0}-->\n');
INSERT INTO `article_content` VALUES (94, '<p class=\"text_align-justify text_indent-2em\" data-source=\"cke\">“十三五”时期，我国数字经济保持了高速增长态势。根据中国信息通信研究院的数据，到2020年，我国数字经济规模达到39.2万亿元，占GDP比重为38.6%，位居世界第二。特别是在新冠肺炎疫情冲击和全球经济下行的叠加影响下，2020年我国数字经济依然保持9.7%的高位增长，成为稳定经济增长的关键动力。总体上看，我国数字经济创新创业活跃，数字技术蓬勃发展，数字经济与实体经济的融合日益深化，新技术、新产品、新业态、新模式不断涌现。</p>\n\n<p class=\"text_align-justify text_indent-2em\" data-source=\"cke\">当前，新一轮科技革命和产业变革深入演进，数字时代已扑面而来，世界主要经济体在数字经济领域的竞争逐渐加剧。数字经济拉动经济增长的作用日益显著，数据作为一种新生产要素的重要性日益凸显，数字产品和服务与国家安全的联系日益密切，这些因素都使数字经济成为世界各国科技和产业竞争的新焦点。</p>\n\n<p class=\"text_align-justify text_indent-2em\" data-source=\"cke\">在此背景下，我国要抓住数字经济的发展机遇，以数字化转型驱动生产方式、生活方式和治理方式变革，积极应对“逆全球化”等外部环境变化带来的挑战，实现更高质量的发展。</p>\n\n<p class=\"text_align-justify text_indent-2em\" data-source=\"cke\"><strong data-source=\"cke\">（一）</strong></p>\n\n<p class=\"text_align-justify text_indent-2em\" data-source=\"cke\">当前，我国数字经济发展迅猛，颠覆性科技创新排浪式涌现。人工智能、大数据、区块链、云计算等新兴技术快速迭代，相关产业持续升级，同时还不断有新的颠覆性科技创新成果涌现出来，释放出巨大的发展动能，进一步催生新产品新业态新模式。这些具有颠覆性的数字科技及其催生的商业模式、产业业态创新，会在中短期形成战略性新兴产业，而且还将随着新一轮科技革命和产业变革的持续深化，形成代表长期发展方向的未来产业。科技发展的方向具有很高的不确定性，后发国家和地区与先发国家和地区基本处在同一起跑线上，这就给后来者带来了“换道超车”的机遇。在这些领域，初创企业诞生并迅速成长为行业巨头的现象也会反复出现。</p>\n\n<p class=\"text_align-justify text_indent-2em\" data-source=\"cke\">随着数字经济的发展壮大，数字产业化和产业数字化加速演进，其对经济社会的渗透和影响也日渐深入和全面。与数字产业化相比，产业数字化的发展态势更引人注目。2020年，我国产业数字化规模达31.7万亿元，占数字经济的比重为80.9%，占GDP比重为31.2%，这从一个侧面反映出数字技术赋能产业发展的能力在不断增强。数字技术的不断成熟和完善，为其与实体经济的深度融合创造了条件：传感器、机器人、数控机床等传统技术更加智能化、精准化且成本呈下降趋势，具备了替代人工和实现大规模应用的基础；在消费互联网发展的过程中，大数据、云计算、物联网、移动互联网、人工智能等新技术更加成熟，日渐能够满足产业特别是工业生产活动对高精准性的要求；消费领域的数据逐步与产业领域的数据打通，可实现跨产业互联和从产品研发设计到用户体验的全生命周期的数据循环。可以预见的是，在消费互联网迅猛发展之后，产业互联网将成为数字经济发展的新蓝海。</p>\n\n<p class=\"text_align-justify text_indent-2em\" data-source=\"cke\">此外，国家间围绕数字经济的竞争也在持续加剧。一方面，新一代信息技术应用范围更广，对其他产业的影响更大，在促进传统产业转型升级等方面具有显著作用；另一方面，数字经济代表着未来的产业发展方向，数字经济的发展水平将显著影响未来世界各国的经济地位和话语权。由于数字软硬件设施和服务系统渗透到国民经济、社会生活和政府治理的方方面面，伴随着海量数据的生成和传输，一些国家开始高度重视自身核心数字科技和系统的自主性，围绕数字科技和数字产业发展加强布局，推出支持数字经济发展的政策、法律和战略。</p>\n\n<p class=\"text_align-justify text_indent-2em\" data-source=\"cke\"><strong data-source=\"cke\">（二）</strong></p>\n\n<p class=\"text_align-justify text_indent-2em\" data-source=\"cke\">面向未来，如何进一步激活数据要素潜能，加快建设数字经济、数字社会、数字政府，进而驱动生产方式、生活方式和治理方式变革，已经成为一个重要课题。“十四五”时期，我们需要更好顺应数字经济发展的趋势，壮大经济发展新引擎。</p>\n\n<p class=\"text_align-justify text_indent-2em\" data-source=\"cke\">补短板与铸长板并重。既要在数字产业链的关键环节发力，突破芯片、操作系统、工业软件等基础性技术瓶颈，减少我们对国际供应链的依赖，又要紧紧抓住新一轮科技革命和产业变革的历史机遇，争取在颠覆性科技创新和战略性新兴产业、未来产业的部分领域实现全球领先。</p>\n\n<p class=\"text_align-justify text_indent-2em\" data-source=\"cke\">消费端与产业端并重。继续发展面向终端消费者的消费互联网，这既是我国数字经济发展的优势所在，也是实现消费需求与产业生产互联互通的重要一环。与此同时，要大力推动产业互联网的发展，加快数字技术与实体经济深度融合，推动产业转型升级，培育更多新的大型高科技企业。</p>\n\n<p class=\"text_align-justify text_indent-2em\" data-source=\"cke\">自主可控与对外开放并重。在外部环境日益复杂严峻的条件下，确保我国供应链顺畅运行、产业链平稳发展是一项重要任务。对此，一方面要实现关键数字技术的自主可控，畅通国内大循环；另一方面要充分利用全球科技、资源和市场，融入全球价值链，整合全球资源，生产、创造优质的数字产品和服务，并将其提供给全球客户，力争形成国内国际双循环相互促进的良好态势。</p>\n\n<p class=\"text_align-justify text_indent-2em\" data-source=\"cke\">效率效益与包容普惠并重。在推动数字经济发展的过程中，我们既要继续保持数字经济的高速增长、发挥其强大的赋能作用，带动经济效率与效益的提升，也要注重数字经济发展的包容性和普惠性，关注欠发达地区数字基础设施建设、关注困难群众的数字生活需要，使数字经济的发展能够惠及每个人。</p>\n\n<p class=\"text_align-justify text_indent-2em\" data-source=\"cke\">市场机制与制度优势并重。数字经济领域的科技创新、商业模式创新具有高度的不确定性，企业需要大量试错才有可能取得成功，我国数字经济的高速增长主要得益于充分发挥了市场机制作用。同时，也要重视用好我国的制度优势，在关键核心技术特别是“卡脖子”技术上集中力量攻关，加快实现技术突破。</p>\n\n<p class=\"text_align-justify text_indent-2em\" data-source=\"cke\">竞争政策与产业政策并重。要加快确立竞争政策的基础性地位，激发微观市场主体的创新创业活力，防范大型平台企业的垄断行为。同时也要发挥产业政策的积极作用，对数字领域的科技创新、科技成果的产业转化、“卡脖子”技术的突破等予以重点支持。</p>\n\n<p class=\"text_align-justify text_indent-2em\" data-source=\"cke\"><strong data-source=\"cke\">（三）</strong></p>\n\n<p class=\"text_align-justify text_indent-2em\" data-source=\"cke\">“十四五”规划和2035年远景目标纲要提出“打造数字经济新优势”，强调“充分发挥海量数据和丰富应用场景优势，促进数字技术与实体经济深度融合，赋能传统产业转型升级，催生新产业新业态新模式”。完成这一重要任务，我们需要在以下几个方面切实发力：</p>\n\n<p class=\"text_align-justify text_indent-2em\" data-source=\"cke\">一是加大数字科技研发投入。特别是要加大政府对数字经济领域基础科学、产业共性技术以及“卡脖子”技术的研发投入，通过提高研发费用加计扣除比例等措施，鼓励企业加大研发投入、更多关注基础研究。</p>\n\n<p class=\"text_align-justify text_indent-2em\" data-source=\"cke\">二是加快推动数字技术标准制定。推动政府主管部门、行业协会、领军企业、高校和科研院所密切合作，加快数字经济领域术语、新技术和数据格式、工业互联网平台架构等方面的标准制定，尽快形成业界共识，实现兼容和互联互通。同时，积极参与国际技术标准组织的工作，推动更多中国技术标准成为国际标准。</p>\n\n<p class=\"text_align-justify text_indent-2em\" data-source=\"cke\">三是支持科技成果产业转化。改革科技成果管理体制，使科研人员能够更好分享科技成果转化的收益，增强其推动科技成果转化的积极性；借鉴国际上比较成熟的经验，通过国家重大工程等为新技术的工程化创造早期市场；通过政府采购、新型基础设施建设等为数字科技的大规模产业化提供市场支持，加快技术迭代和成熟。</p>\n\n<p class=\"text_align-justify text_indent-2em\" data-source=\"cke\">四是促进数据开放连接共享。研究制定政府公共数据开放制度规范，推动企业登记、交通、气象、信用评价等不涉及国家安全的公共数据向企业开放以及各地区各部门间的数据共享；推动制定数据权利归属、数据交易等相关制度，建立数据交易市场，鼓励企业间的数据连接与交易共享。</p>\n\n<p class=\"text_align-justify text_indent-2em\" data-source=\"cke\">五是完善数字经济法律体系。借鉴国外成功经验并结合我国实际，着眼于促进创新、产业发展和国家安全等方面，加快数字经济重点领域和重点环节的立法工作，在推动数字经济快速发展的同时，维护国家利益和人民群众利益。</p>\n\n<p class=\"text_align-justify text_indent-2em\" data-source=\"cke\"><strong data-source=\"cke\">（作者系中国社会科学院工业经济研究所国际产业研究室主任、研究员）</strong></p>\n\n<!--{img:0}-->\n');
INSERT INTO `article_content` VALUES (95, '<p class=\"text_align-justify text_indent-2em\" data-source=\"cke\">产业高质量发展是经济高质量发展的基础。产业高质量发展即产业运行和增长中的投入产出率、产品质量水平、产业结构高度、绿色发展程度等方面趋向稳定和持续上升，其基本特征是：产业发展的快速扩张期已结束，多数产业由高速增长转向中高速增长，产业结构升级趋势不断加强，企业高质量发展的压力和动力日益增强，企业参与市场竞争的一般模式从以往的做大就能取胜转变为做优才能取胜，只有不断推进创新、提高生产率和产品质量才能增强市场竞争力。</p>\n\n<p class=\"text_align-justify text_indent-2em\" data-source=\"cke\">不同产业进入高质量发展阶段的条件和时间不一样，特别是制造业与服务业有着明显差别。近些年理论界对制造业与服务业地位作用问题的争论，很大程度上与忽视了这种差别有关。更好发挥制造业和服务业对经济高质量发展的积极作用，需要从理论上对这一差别加以分析。</p>\n\n<p class=\"text_align-justify text_indent-2em\" data-source=\"cke\"><strong data-source=\"cke\">制造业与服务业进入高质量发展阶段的时间和条件不同</strong></p>\n\n<p class=\"text_align-justify text_indent-2em\" data-source=\"cke\">对于发展中国家，工业化是经济发展的代名词，指的是以工业为主的非农产业比重上升和人均GDP提高的长期过程。根据工业化理论和国际经验分析判断，我国工业化的真正起步是在新中国成立之后，经过改革开放前计划推动的工业化和改革开放后市场推动的工业化过程，大概到20世纪80年代末90年代初，我国才完成了工业化初期阶段的任务，进入到工业化中期阶段；然后又用了20年左右的时间，完成了工业化中期阶段上半期和下半期的发展任务，大概在2010年之后，我国工业化进入到后期阶段的上半期。划分工业化阶段的主要依据是人均GDP的国际比较、非农产业的产值和就业比重，比如，工业化进入中期阶段的主要特征之一是非农产业比重达到80%，进入后期阶段的主要特征之一是非农产业比重超过90%。</p>\n\n<p class=\"text_align-justify text_indent-2em\" data-source=\"cke\">在工业化进程中，不同产业所经历的规模扩张、高速增长然后进入高质量发展阶段的过程是不一致的，不同类型的产业进入高质量发展阶段的时间并不一样，制造业与服务业之间就存在较大时间差异。</p>\n\n<p class=\"text_align-justify text_indent-2em\" data-source=\"cke\">从制造业发展进程看，当工业化进入中期阶段时，市场上对工业品的需求迅速增长，拉动了工业生产和投资扩张，制造业进入高速增长时期。这个高速增长期包括了消费品工业扩张期、加工工业扩张期、重化工业扩张期的交替演进，制造业生产能力日益强大。当工业化进入到后期阶段，制造业高速增长期结束，工业品需求结构升级加快，工业生产体系、技术水平具备了产业升级的基础和空间，大多数制造业产业具备了进入高质量发展阶段的基本条件。</p>\n\n<p class=\"text_align-justify text_indent-2em\" data-source=\"cke\">服务业的发展进程与制造业有较大不同。在工业化中期阶段，由于工业品的需求增速快于服务业，制造业处于高速增长期，服务业的发展相对落后于制造业。在工业化进入后期阶段之后，制造业增速持续回落，服务业增速却相对稳定，服务业的市场需求仍保持快速增长，需求结构还没有出现加快升级的趋势，一般质量的服务需求和高质量的服务需求还在一起增长，多数服务业产业还有规模扩张、多元发展的条件和空间，服务业总体上还有一段高速增长期。在这个阶段，多数服务业部门还缺乏向高质量发展的压力和动力，尚未形成进入高质量发展阶段的基本条件。要到经济发展进入高收入阶段之后，随着服务业需求增速出现明显回落，服务业由高速增长转向中高速增长，同时服务业市场的需求结构加快升级，高质量需求呈现更快增长的趋势，多数服务业部门才会进入高质量发展阶段。</p>\n\n<p class=\"text_align-justify text_indent-2em\" data-source=\"cke\">从20世纪90年代到21世纪前10年，是我国工业化的中期阶段；2010年至今，我国处于工业化后期阶段的上半期。在这两个不同的工业化时期，制造业与服务业的增速对比发生了明显的阶段性变化。1991—2000年，我国工业增加值年均增长13.8%，而服务业增加值年均增长10.2%，年均增速低了3.6个百分点；2001—2010年，工业增加值年均增长11.4%，服务业增加值年均增长11.3%，年均增速仍低0.1个百分点；1991—2010年，工业增加值年均增长12.6%，服务业增加值年均增长10.7%，年均增速相差1.9个百分点。工业增加值不仅包括制造业增加值，还包括采掘业、电力热力燃气和水生产供应业两个部分的增加值，我国缺乏制造业增加值的增长率统计数据，如果直接以制造业数据来比较，差距还会更大一些。随着我国工业化进入后期阶段，2011—2019年，我国工业增加值年均增长7.0%，而服务业增加值年均增长8.2%，年均增速反超工业1.2个百分点。</p>\n\n<p class=\"text_align-justify text_indent-2em\" data-source=\"cke\"><strong data-source=\"cke\">制造业与服务业在促进高质量发展中的作用不同</strong></p>\n\n<p class=\"text_align-justify text_indent-2em\" data-source=\"cke\">在经济高质量发展过程中，各类产业所处地位不一样，作用也不一样。制造业与服务业进入高质量发展阶段的时间不同，对经济高质量发展发挥的作用也不同。</p>\n\n<p class=\"text_align-justify text_indent-2em\" data-source=\"cke\">制造业对经济高质量发展的作用主要表现为引领带动。制造业作为国民经济中较快进入高质量发展阶段的主导性、支柱性产业，将成为经济高质量发展的领头羊、先锋队，在突破高质量发展的技术路径制约、发展方式制约等方面会率先闯出一条新路，并对其他产业形成示范带领效应。制造业作为技术创新最活跃的产业部门，在高质量发展阶段会对反映经济发展质量的核心指标即全要素生产率的增长作出主要贡献。制造业的技术创新和技术进步是带动国民经济技术改造的基础动力，制造业高质量发展将加快对农业、服务业和基础产业的技术改造进程，为经济高质量发展创造重要技术条件。在新技术革命推动产业变革的大背景下，制造业将更快获得数字化、网络化、智能化改造，在加快技术进步的同时会促进新产业、新业态、新产品、新模式的发展，并促进自身与服务业的融合发展，为经济高质量发展提供新的动能和机制。制造业的技术创新推动了绿色技术的兴起、发展和应用，不仅改善了制造业发展的环保水平和生态效应，而且带动了绿色经济的发展，成为推动经济高质量发展的一项新内容、一个新趋势。</p>\n\n<p class=\"text_align-justify text_indent-2em\" data-source=\"cke\">服务业对经济高质量发展的作用主要表现为稳定支持。我国服务业的高增长期尚未结束，与制造业相比仍有较快增长的条件，可以对经济保持稳定增长作出更大贡献。我国推进产业结构调整升级的过程，对生产性服务业的需求快速增长，各类生产性服务业既可以获得多元发展的市场机会，又能够为产业调整升级、企业兼并重组、资源流动和再配置提供市场服务，从而支持产业和经济的高质量发展。新技术革命和产业变革推动产业融合发展，现代服务业在产业融合中形成了更多的服务型发展平台，可以对经济高质量发展发挥更大作用，比如，先进制造业与现代服务业的融合发展有利于促进先进制造业向微笑曲线两端延伸，促进装备制造业向产业和产品高端发展；现代服务业对传统企业服务功能不断增强，有利于促进传统产业加快改造升级；现代服务业的数字化、网络化、智能化发展催生了一批高新技术服务业，有利于提升对高新技术制造业的服务支持作用。</p>\n\n<p class=\"text_align-justify text_indent-2em\" data-source=\"cke\"><strong data-source=\"cke\">如何发挥好制造业和服务业促进高质量发展的作用</strong></p>\n\n<p class=\"text_align-justify text_indent-2em\" data-source=\"cke\">发挥好制造业作用，重点是推动制造业在实现自身高质量发展的同时保持中高速增长。为此，一是坚持以深化供给侧结构性改革为主线，促进制造业结构调整和转型升级。2016年开始推进的供给侧结构性改革，把解决短期矛盾与长期问题结合起来，对缓解制造业内在矛盾起到了重要作用。当前，推动制造业高质量发展仍受到体制机制问题的制约，需要继续深化供给侧结构性改革，破除影响要素市场化流动、企业跨区域重组、产业间资源再配置的制度性障碍，更多运用市场化、法治化手段解决制造业转型升级中的突出问题。二是继续实施推动制造业高质量发展的战略和政策，并加大对中小制造企业的支持力度。实证研究表明，在进入工业化后期阶段前后一段时期，制造业发展普遍面临阶段性下行趋势和国际竞争压力加大的挑战，需要政府给予必要的引导和扶持。为此，我国应继续实施推动制造业高质量发展的战略和政策，并适时制定新的中长期战略规划。实施好符合中国发展需要、反映市场经济规律的产业政策，加快推进制造业产业结构升级。加大对中小制造企业技术改造、转型升级扶持力度，在财税、金融、投资、技术服务等方面给予必要政策支持。三是推进工业开发区和工业园区调整转型，拓展制造业高质量发展的平台和空间。以往各地建立工业开发区、工业园区，主要是把制造业上下游产业和配套产业集中在一起，形成产业聚集区并推进产业集群发展，发挥的是制造业的产业聚集效应和规模经济效应。但随着制造业高速增长期的结束，依靠大量招商引资扩大工业规模的作用已经下降并不可持续，不少地区出现工业开发区、工业园区过剩和闲置的问题。对此，应适时把这些以扩大工业规模为主的园区调整改造为推动工业高质量发展的园区，建立新发展阶段的工业转型升级平台，拓展制造业高质量发展的空间。</p>\n\n<p class=\"text_align-justify text_indent-2em\" data-source=\"cke\">发挥好服务业的作用，重点是促进服务业较快增长并加快结构优化。一是着力深化服务业部门的改革开放。我国服务业部门的改革开放相对落后于工业部门，当前应进一步深化混合所有制改革及相关管理体制改革，扩大重点服务业部门对民营经济的开放度。这些重点部门主要是国有经济比重高、具有明显垄断性的服务产业部门，如金融、铁路、城市设施、生态环保、科学技术、医疗卫生、文化旅游等。重点服务业部门的对内开放与对外开放同样重要，引入民营经济的对内开放是引进境外资本的对外开放的基础，关系到畅通国内经济大循环，关系到增强服务业发展的新动能、新活力。要把以开放促改革与以改革促开放结合起来，搞活重要服务产业运行和发展的微观基础，促进整个服务业的资源有效流动和优化配置。二是实施与工业部门相同的经济政策。过去我国为了加快推进工业化，对工业部门实行了相对优惠的经济政策，现在我国工业化进入后期阶段，工业高速增长期已结束，对于迈向高质量发展的制造业来说，资源使用价格和经济杠杆政策的优惠待遇已作用不大；而服务业还有一段高速增长期，对于仍在扩大规模和多元发展的服务业来说，实行同等条件的政策待遇具有明显的促进意义。为充分释放服务业增长潜能，应对服务业部门实行与工业部门相同的经济政策。三是推动建设一批高技术服务业基地。在促进服务业较快增长条件下，要注重加快服务业结构优化，以利于服务业在高速增长期结束后顺利转向高质量发展阶段。这个过程仍然需要政策的适度导向和推动，政府应当为推动高技术制造业发展和经济高质量发展提供更好的服务。笔者认为，可以参考当年兴办高技术开发区的经验，建设一批以教育、科研、技术服务为主体的高技术服务业基地，并允许各地把部分闲置的工业开发区或工业园区改造为高技术服务业基地或园区。</p>\n\n<p class=\"text_align-justify text_indent-2em\" data-source=\"cke\"><strong data-source=\"cke\">（作者系福建省中国特色社会主义理论体系研究中心特约研究员、华侨大学经济与金融学院院长）</strong></p>\n\n<!--{img:0}-->\n');
INSERT INTO `article_content` VALUES (96, '<p class=\"text_align-justify text_indent-2em\" data-source=\"cke\">加快构建以国内大循环为主体、国内国际双循环相互促进的新发展格局，是“十四五”和未来更长时期助推我国经济高质量发展的重要战略部署和重大战略选择。习近平总书记强调：“要根据新发展阶段的特点，围绕推动高质量发展，构建新发展格局，加快转变政府职能，加快打造市场化、法治化、国际化营商环境，打破行业垄断和地方保护，打通经济循环堵点，推动形成全国统一、公平竞争、规范有序的市场体系。”</p>\n\n<p class=\"text_align-justify text_indent-2em\" data-source=\"cke\">构建新发展格局的关键在于建设高标准市场体系、畅通经济循环，其中一项重要工作就是营造良好的公平竞争秩序。没有良好的公平竞争秩序，就不能形成高效繁荣的国内大循环，更不可能实现畅通的国内国际双循环。我们必须牢牢抓住营造良好公平竞争秩序这个关键，服务构建新发展格局，助推经济高质量发展。</p>\n\n<p class=\"text_align-justify text_indent-2em\" data-source=\"cke\"><strong data-source=\"cke\">把握一个根本目标</strong></p>\n\n<p class=\"text_align-justify text_indent-2em\" data-source=\"cke\">党的十九大作出了“中国特色社会主义进入新时代，我国社会主要矛盾已经转化为人民日益增长的美好生活需要和不平衡不充分的发展之间的矛盾”重要论断。我国社会主要矛盾的变化是关系全局的历史性变化，对党和国家工作提出了许多新要求，也对促进市场公平竞争工作提出了新要求。当前和未来一个时期营造公平竞争秩序的根本目标在于立足新发展阶段，贯彻新发展理念，服务构建新发展格局，形成高效规范、公平竞争的国内统一市场，助推经济高质量发展，不断满足人民群众日益增长的美好生活需要。这要求我们必须将营造公平竞争秩序放在我国经济社会发展的大环境中去思考、去谋划。</p>\n\n<p class=\"text_align-justify text_indent-2em\" data-source=\"cke\">一方面，始终坚持新发展理念。新发展理念是管全局、管根本、管长远的导向，深刻揭示了实现更高质量、更有效率、更加公平、更可持续发展的必由之路，指明了更长时期我国的发展思路、发展方向和发展着力点。这要求我们在促进市场公平竞争中必须创新思路方法，加强统筹协调，深化国际合作，注重成果共享，最终实现共同富裕。另一方面，大力畅通国内国际双循环。加快构建新发展格局是以习近平同志为核心的党中央根据我国发展阶段、环境、条件变化作出的战略决策，为新时代推动我国经济高质量发展指明了方向。这要求我们既要在畅通国内大循环方面下大力气，打破行业垄断和地方保护，强化反垄断和防止资本无序扩张，破除妨碍生产要素市场化配置和商品服务流通的体制机制障碍，贯通生产、分配、流通、消费各环节，形成国民经济良性循环，也要在促进国内国际双循环上下大力气，促进内外贸法律法规、监管体制、经营资质、质量标准、认证认可等相衔接，充分利用国内国际两个市场两种资源，积极促进内需和外需、进口和出口、引进外资和对外投资协调发展。</p>\n\n<p class=\"text_align-justify text_indent-2em\" data-source=\"cke\"><strong data-source=\"cke\">厘清两对基本关系</strong></p>\n\n<p class=\"text_align-justify text_indent-2em\" data-source=\"cke\">（一）厘清政府和市场之间的关系</p>\n\n<p class=\"text_align-justify text_indent-2em\" data-source=\"cke\">一方面，充分发挥市场在资源配置中的决定性作用。一是坚持社会主义市场经济改革方向，更加尊重市场经济一般规律，健全市场体系基础制度，坚持平等准入、公正监管、开放有序、诚信守法，建设统一开放、竞争有序的市场体系，实现市场准入畅通、市场开放有序、市场竞争充分、市场秩序规范，加快形成企业自主经营公平竞争、消费者自由选择自主消费、商品和要素自由流动平等交换的现代市场体系。二是建立健全统一开放的要素市场。推进土地、劳动力、资本、技术、数据等要素市场化改革。健全要素市场运行机制，完善要素交易规则和服务体系。健全主要由市场决定价格的机制，最大限度减少政府对价格形成的不当干预。以要素市场化配置改革为重点，推进要素市场制度建设，实现要素价格市场决定、流动自主有序、配置高效公平。三是着眼于打造一个规范、透明、开放、有活力、有韧性的资本市场，推进发行、上市、信息披露、交易、退市等基础性制度改革，坚持创业板和其他板块错位发展，找准各自定位，办出各自特色，推动形成各有侧重、相互补充的适度竞争格局。</p>\n\n<p class=\"text_align-justify text_indent-2em\" data-source=\"cke\">另一方面，更好发挥政府作用。一是加快政府职能转变。建设职责明确、依法行政的政府治理体系，深化“放管服”改革，清理废除妨碍统一市场和公平竞争的各种规定和做法，进一步减少政府对要素的直接配置。推进简政放权、优化服务改革，全面实行政府权责清单制度和市场准入负面清单制度，支持企业更好参与市场合作和竞争，加强事中事后监管，对新产业新业态实行包容审慎监管。持续优化营商环境，坚持市场化、法治化、国际化原则，以市场主体需求为导向，以深刻转变政府职能为核心，创新体制机制、强化协同联动、完善法治保障，对标国际先进水平，为各类市场主体投资兴业营造稳定、公平、透明、可预期的良好环境。二是以保护产权、维护契约、统一市场、平等交换、公平竞争、有效监管为基本导向，不断完善社会主义市场经济法规体系和制度体系。修订反垄断法，加强反垄断和反不正当竞争执法司法，健全公平竞争审查机制，推动社会信用法律建设，维护公平竞争市场环境。实施好民法典和相关法律法规，依法平等保护国有、民营、外资等各种所有制企业产权和自主经营权，完善各类市场主体公平竞争的法治环境。三是完善产业政策和区域政策体系。推动产业政策向普惠化和功能性转型，强化对技术创新和结构升级的支持，加强产业政策和竞争政策协同。强化竞争政策基础地位，打破行政性垄断、防止市场垄断。</p>\n\n<p class=\"text_align-justify text_indent-2em\" data-source=\"cke\">（二）厘清国有企业和民营企业之间的关系</p>\n\n<p class=\"text_align-justify text_indent-2em\" data-source=\"cke\">一方面，深入推进国有企业改革，提高国有企业效益。一是稳步推进垄断行业改革。深化以政企分开、政资分开、特许经营、政府监管为主要内容的改革，提高垄断行业基础设施供给质量，严格监管自然垄断环节，加快实现竞争性环节市场化，切实打破行政性垄断，防止市场垄断。构建有效竞争的电力市场，有序放开发用电计划和竞争性环节电价，提高电力交易市场化程度。推进油气管网对市场主体公平开放，适时放开天然气气源和销售价格，健全竞争性油气流通市场。二是对处于充分竞争领域的国有经济，通过资本化、证券化等方式优化国有资本配置，提高国有资本收益。对充分竞争领域的国家出资企业和国有资本运营公司出资企业，探索将部分国有股权转化为优先股，强化国有资本收益功能。</p>\n\n<p class=\"text_align-justify text_indent-2em\" data-source=\"cke\">另一方面，坚持公有制为主体、多种所有制经济共同发展，增强民营企业活力。一是全面实施市场准入负面清单制度，清理废除妨碍统一市场和公平竞争的各种规定和做法，支持民营企业发展，激发各类市场主体活力，实现产权有效激励、要素自由流动、价格反应灵活、竞争公平有序、企业优胜劣汰。二是营造支持非公有制经济高质量发展的制度环境。打破各种各样的“卷帘门”“玻璃门”“旋转门”，在市场准入、审批许可、经营运行、招投标等方面，对各类所有制企业平等对待，破除制约市场竞争的各类障碍，营造各种所有制主体依法平等使用资源要素、公开公平公正参与竞争、同等受到法律保护的市场环境。三是优化民营经济发展环境，构建亲清政商关系，促进非公有制经济健康发展和非公有制经济人士健康成长，依法平等保护民营企业产权和企业家权益。</p>\n\n<p class=\"text_align-justify text_indent-2em\" data-source=\"cke\"><strong data-source=\"cke\">夯实三个重要基础</strong></p>\n\n<p class=\"text_align-justify text_indent-2em\" data-source=\"cke\">（一）夯实市场公平竞争的法规基础</p>\n\n<p class=\"text_align-justify text_indent-2em\" data-source=\"cke\">法规是规范市场公平竞争秩序的准绳，是开展市场公平竞争执法的依据，是构建市场公平竞争环境的保障。因此，促进市场公平竞争务必要夯实市场公平竞争的法规基础。一是既要考虑政治、经济、社会和文化因素的影响，也要重视立法、执法、司法、守法等各个环节的内在关联，在“内外双重维度”上完善竞争法规。当前特别是要加快推进数字经济背景下《反垄断法》修订和配套法律制度的完善，在垄断协议规制制度中适当考虑算法共谋问题，增加经营者市场支配地位认定的考虑因素，完善经营者集中申报标准制度，加大数字市场并购交易的审查力度。二是落实好《优化营商环境条例》，巩固已有改革成果，将行之有效并可长期坚持的做法逐步上升为制度规范，以法治手段维护公平竞争环境，保障各项改革依法有序推进。三是要提高知识产权保护工作法治化水平，统筹推进专利法、商标法、著作权法、反垄断法、科学技术进步法等修订工作，增强法律之间的一致性；强化民事司法保护，研究制定符合知识产权案件规律的诉讼规范；促进知识产权行政执法标准和司法裁判标准统一，完善行政执法和司法衔接机制。四是严格执行外商投资法及配套法规，清理与外商投资法不符的行政法规、部门规章、规范性文件，确保对内资企业和外资企业一视同仁。五是确保制定与市场主体生产经营活动密切相关的行政法规、规章、行政规范性文件，应当进行公平竞争审查。制定涉及市场主体权利义务的行政规范性文件，应当进行合法性审核。</p>\n\n<p class=\"text_align-justify text_indent-2em\" data-source=\"cke\">（二）夯实市场公平竞争的人才基础</p>\n\n<p class=\"text_align-justify text_indent-2em\" data-source=\"cke\">一是培养市场公平竞争执法骨干。采取公开选调、统一招录等方式，提升市场公平竞争执法队伍素质，有效解决市场监管部门承担任务与编制数不相匹配的问题；按照专业性和规范性的要求，制定市场公平竞争执法人员抽调办法和选拔办法，保证执法人员的专业性和稳定性。二是加强市场公平竞争执法培训。加强岗位培训，突出实用导向，细化岗位职责，体现岗位特点。三是完善市场公平竞争培训机制，发挥市场监管总局在人才培训中的指导作用，突出省级市场监管部门的带动作用，根据地区实际情况制定年度培训计划，并做好考核、评估和反馈工作。四是加大市场公平竞争激励考核。探索建立市场公平竞争执法人员的晋升机制和考核机制，根据市场公平竞争执法工作年限、办案数量、案件质量等建立市场公平竞争人员晋升办法，打通市场公平竞争执法人员的晋升渠道，激发市场公平竞争执法队伍的积极性。</p>\n\n<p class=\"text_align-justify text_indent-2em\" data-source=\"cke\">（三）夯实市场公平竞争的技术基础</p>\n\n<p class=\"text_align-justify text_indent-2em\" data-source=\"cke\">一是加强对大宗商品、资本、技术、数据等重点市场交易的监测预测预警，提高通过大数据等方式认定竞争违法行为、预警识别市场运行风险的能力，强化市场预期管理。二是利用大数据进行商品价格、服务收费等各项信息的收集，建立完善的数据库，对商品价格波动信息进行有效掌控，加强对电子商务交易的价格监管，建立有效的投诉平台，与相关互联网信用网站进行合作，对互联网商家建立信用档案，建立健全相关监管法律规范与条例，为完善价格监管机制提供多项科学准确的数据支持，提升决策的有效性，稳定市场价格秩序。三是加强政策支持，加大资金投入，开展应用研究，综合运用大数据、云计算、人工智能等技术增强对互联网领域不法行为的监测预警能力，提升电子证据判定、获取、分析水平，为市场公平竞争执法提供有效证据。</p>\n\n<p class=\"text_align-justify text_indent-2em\" data-source=\"cke\"><strong data-source=\"cke\">抓好四项执法工作</strong></p>\n\n<p class=\"text_align-justify text_indent-2em\" data-source=\"cke\">（一）坚定不移地抓好反垄断执法工作</p>\n\n<p class=\"text_align-justify text_indent-2em\" data-source=\"cke\">反垄断是完善社会主义市场经济体制、推动高质量发展的内在要求。一是完善涉企收费目录清单制度，严厉查处涉企违规收费行为。二是制定原料药等专项领域反垄断指南、豁免制度适用指南，出台实施企业境外反垄断合规指引。三是在支持平台企业创新发展、增强国际竞争力，支持公有制经济和非公有制经济共同发展的同时，健全数字规则，完善依法规范发展准则。四是完善平台企业垄断认定、数据收集使用管理、消费者权益保护等方面的法律规范，加强平台经济、共享经济等新业态领域反垄断规制。五是强化反垄断和防止资本无序扩张，确保金融创新必须在审慎监管的前提下进行。</p>\n\n<p class=\"text_align-justify text_indent-2em\" data-source=\"cke\">（二）坚定不移地抓好价格监管和反不正当竞争执法工作</p>\n\n<p class=\"text_align-justify text_indent-2em\" data-source=\"cke\">一是完善竞争政策框架，建立健全竞争政策实施机制，强化竞争政策基础地位确保各类所有制市场主体在要素获取、标准制定、准入许可、经营运营、优惠政策等方面享受平等待遇。政府采购对内资企业和外资企业一视同仁。二是强化公平竞争审查的刚性约束，修订完善公平竞争审查实施细则，建立公平竞争审查抽查、考核、公示制度，建立健全第三方审查和评估机制。统筹做好增量审查和存量清理，逐步清理废除妨碍全国统一市场和公平竞争的存量政策。三是打破地方保护，建立违反公平竞争问题反映和举报绿色通道，健全投诉举报查处机制，加强和改进反不正当竞争执法，加大执法力度，规范交易行为，提高违法成本，防止发生损害国家安全及公共利益的行为。四是制定促进行业协会商会规范健康发展的实施意见，推动行业协会商会建立健全行业经营自律规范、自律公约，规范会员行为。五是结合改革督察工作，对中央全面深化改革委员会会议审议通过的产权保护、弘扬企业家精神、市场公平竞争审查等利好民营企业的改革方案专项督察，推动落实。</p>\n\n<p class=\"text_align-justify text_indent-2em\" data-source=\"cke\">（三）坚定不移地抓好打击侵犯知识产权和制售假冒伪劣商品执法工作</p>\n\n<p class=\"text_align-justify text_indent-2em\" data-source=\"cke\">一方面，要强化知识产权全链条保护。一是综合运用法律、行政、经济、技术、社会治理等多种手段，从审查授权、行政执法、司法保护、仲裁调解、行业自律、公民诚信等环节完善保护体系，加强协同配合，构建大保护工作格局。二是打通知识产权创造、运用、保护、管理、服务全链条，健全知识产权综合管理体制，增强系统保护能力。三是完善知识产权反垄断、公平竞争相关法律法规和政策措施，统筹做好知识产权保护、反垄断、公平竞争审查等工作，形成正当有力的制约手段，促进创新要素自主有序流动、高效配置。四是推进我国知识产权有关法律规定域外适用，完善跨境司法协作安排。五是形成高效的国际知识产权风险预警和应急机制，建设知识产权涉外风险防控体系。</p>\n\n<p class=\"text_align-justify text_indent-2em\" data-source=\"cke\">另一方面，要加大对制售假冒伪劣商品的打击力度。一是健全体制机制。加强党对打击制售假冒伪劣商品工作的领导，建立“党委领导、政府主导、部门联合、社会参与”的工作格局，建立健全领导体制和协调机制。二是狠抓督察考核。探索建立中央对制售假冒伪劣商品督察工作机制。各地要建立打击制售假冒伪劣商品工作责任制，加大督查问责力度和工作考核，把有关责任和压力持续地传导下去。三是加大指导力度。各地省级、市级有关部门也要加强对下一级工作的指导，强化打击制售假冒伪劣商品工作的规范性和协同性，加快构建“横向协调、纵向同步”的工作新秩序。四是完善刑事法律和司法解释，加大刑事打击力度，对群众反映强烈、社会舆论关注、侵权假冒多发的重点领域和区域，要重拳出击、整治到底、震慑到位。</p>\n\n<p class=\"text_align-justify text_indent-2em\" data-source=\"cke\">（四）坚定不移地抓好打击消费欺诈和虚假宣传执法工作</p>\n\n<p class=\"text_align-justify text_indent-2em\" data-source=\"cke\">一是将打击消费欺诈和虚假宣传执法工作纳入政府工作年度评议考核，提高政治站位，加强组织协调，整合监管力量，确保配合有力，畅通信息沟通渠道，认真开展工作，落实属地管理职责，确保打击消费欺诈和虚假宣传执法工作取得实效。二是畅通消费维权投诉举报渠道。依法处理消费纠纷，及时回应消费者关注的热点、难点问题。积极鼓励消费者对商品欺诈和虚假宣传违法行为的投诉举报，对各类投诉举报要及时受理、快速核实、快速处理。三是深入开展打击消费欺诈和虚假宣传专项整治工作。以全面贯彻《食品安全法》《广告法》《消费者权益保护法》等法律法规为抓手，以重点商品、重点区域、重点环节、重点企业为突破口，采取摸底排查、突击检查、联合执法、公开曝光的方式，主动出击、重典治乱、打建并举、疏堵结合，全面强化企业主体责任意识，落实属地监管责任，着力营造公平竞争的市场环境和安全放心的消费环境。</p>\n\n<p class=\"text_align-justify text_indent-2em\" data-source=\"cke\">（作者单位：国家市场监督管理总局发展研究中心）</p>\n\n<!--{img:0}-->\n');
INSERT INTO `article_content` VALUES (97, '<p class=\"text_align-justify text_indent-2em\" data-source=\"cke\">7月30日中共中央政治局会议提出，要做好宏观政策跨周期调节，保持宏观政策连续性、稳定性、可持续性，统筹做好今明两年宏观政策衔接，保持经济运行在合理区间。这一表述确定了未来一段时期我国宏观调控的基调和宏观政策的基本态势，具有重要的指导意义。</p>\n\n<p class=\"text_align-justify text_indent-2em\" data-source=\"cke\"><strong data-source=\"cke\">一</strong></p>\n\n<p class=\"text_align-justify text_indent-2em\" data-source=\"cke\">宏观政策跨周期调节是相对于逆周期调节而言的，是对逆周期调节的拓展、完善和升级，有利于提高宏观政策的前瞻性、精准性、连续性、稳定性、可持续性和有效性。</p>\n\n<p class=\"text_align-justify text_indent-2em\" data-source=\"cke\">随着我国进入新发展阶段，国内外发展环境的变化给经济发展带来更多不稳定性和不确定性，其中，很多关键问题表现出中长期的特征，比如经济结构、增长动力、创新驱动等，这使得以应对短期经济波动为主的传统逆周期调节框架显得捉襟见肘，跨周期调节就是在这样的背景下提出的。宏观政策跨周期调节不是对逆周期调节的否定和摒弃，而是对其的拓展、完善和升级，是在充分把握逆周期调节的局限性基础上提出的调控框架或体系。宏观政策跨周期调节强调通过经济政策的制度化设计，既熨平短期经济波动，又重视未来长波段的经济高质量发展，通过政策的有机协同，兼顾短期目标和中长期目标，从而更加具有前瞻性和针对性；宏观政策跨周期调节强调宏观政策更加具有连续性、稳定性和机制化，要求将政策意图更加清晰地传递到市场主体，稳定市场和社会预期。上述特征，使得宏观政策跨周期调节能够突出解决困扰经济发展的中长期问题，有利于提高宏观政策的精准性、科学性和有效性。</p>\n\n<p class=\"text_align-justify text_indent-2em\" data-source=\"cke\">宏观政策跨周期调节是我国宏观调控及相关宏观经济理论的重大突破和创新。传统的宏观经济理论通常认为，主要的宏观调控工具（财政政策和货币政策）是对经济进行“逆周期”调节，以熨平经济周期波动，从而实现经济增长、充分就业、物价稳定、国际收支平衡四大调控目标。因此，传统的宏观调控更多体现的是对经济的“短期”调节。宏观政策跨周期调节打破了这一传统，旨在建立和完善一套站位更高、侧重解决中长期问题的宏观调控框架，将宏观政策由“短期视角”和“速度视角”拓展到了“中长期视角”和“质量视角”。这是我国在宏观调控领域的理论创新和制度创新，充分展示了中央的市场经济驾驭能力和宏观经济治理能力。</p>\n\n<p class=\"text_align-justify text_indent-2em\" data-source=\"cke\">宏观政策跨周期调节有助于保障我国经济继续保持长期向好态势。去年受新冠肺炎疫情冲击，我国经济出现大幅波动，但外来冲击不会改变我国经济的长期增长路径，中国经济长期向好的态势不会改变。同时也要清醒地看到，中国经济持续健康发展依然面临创新动力不足、经济结构失衡、发展质量和效益不高等中长期问题。在“十四五”时期乃至今后的中长期经济周期内，宏观政策既要看到短期的疫情冲击等因素，努力将影响降到最低；还要侧重于解决中长期问题，兼顾长远目标和利益。宏观政策跨周期调节，能够针对我国当前经济发展所面临的各种制约因素，既关注短期的逆周期调节，更着力解决中长期问题，以短期和中长期目标的协调配合来谋求经济长期高质量发展，使调控政策更具针对性和战略性。</p>\n\n<p class=\"text_align-justify text_indent-2em\" data-source=\"cke\"><strong data-source=\"cke\">二</strong></p>\n\n<p class=\"text_align-justify text_indent-2em\" data-source=\"cke\">在宏观政策跨周期调节的框架下，我国宏观政策的着力点和实施路径呈现出一些新的特征。</p>\n\n<p class=\"text_align-justify text_indent-2em\" data-source=\"cke\">从政策目标看，更加重视目标制定的机制化，更加关注中长期目标，强调前瞻性思考、全局性谋划、战略性布局、整体性推进，以实现发展规模、速度、质量、结构、效益、安全相统一，实现稳增长和防风险长期均衡。对经济高质量发展、结构转型升级、风险累积和传导路径等有更加清晰的认识，能够对相关部门的政策搭配提供更为明确的指引，有效避免长短期、多目标调控下的目标冲突和不协调。</p>\n\n<p class=\"text_align-justify text_indent-2em\" data-source=\"cke\">从政策工具看，提高了政策运用的机制化水平，强调财政货币政策与中长期战略规划、区域和产业等政策间的协调与配合。宏观政策跨周期调节更加重视健全以国家中长期发展战略和规划为导向、以财政政策和货币政策为主要手段，就业、产业、投资、消费、区域等政策协同发力的宏观调控制度体系，是在充分利用市场手段优化资源配置的基础上，更好地发挥政府作用，通过先行的系统规划设计，妥善解决发展中不平衡不充分等中长期问题，促进经济结构持续优化和经济高质量发展。</p>\n\n<p class=\"text_align-justify text_indent-2em\" data-source=\"cke\">从调控模式看，更加注重政策的规则式调控。宏观政策跨周期调节在服务于中长期目标的前提下，以规则为基础兼顾灵活性，强调规则和相机抉择的统一。换言之，宏观政策跨周期调节并不是一味强调规则和政策的连续性和稳定性而放弃或忽视政策的灵活性，旨在根据中长期经济发展目标和经济景气循环相机而动、实时调控，从中长期或跨周期视角评价政策指标的高低和政策风险水平，如赤字水平、债务率、宏观杠杆率等。</p>\n\n<p class=\"text_align-justify text_indent-2em\" data-source=\"cke\">从政策关系看，更加重视政策之间的搭配和协同。一方面，宏观政策跨周期调节并不意味着对逆周期调节的摒弃，而是在跨周期调节大框架下仍重视发挥逆周期调节的功效，重视二者的有效搭配和协调统一。虽然宏观政策跨周期调节更加注重中长期目标，然而对疫情、自然灾害、贸易摩擦、大国冲突等突发情况带来的短期经济扰动也仍要做好逆周期调节设计，即强调在宏观政策跨周期调节的框架设计中做好逆周期调节预案，促使熨平短期经济波动和实现中长期经济发展目标有机衔接。另一方面，宏观政策跨周期调节涉及的政策体系和调控工具更加丰富，涉及部门更加繁杂，从而更加重视部门沟通和政策协同，重视构建科学合理的政策搭配和协调模式，确保跨周期和逆周期政策组合的施力点恰到好处，形成协调统一的政策目标、方向、力度和科学合理的搭配机制。</p>\n\n<p class=\"text_align-justify text_indent-2em\" data-source=\"cke\">从传导机制看，更加重视政策的预期传导，有利于降低宏观政策的波动性和不确定性。当前国内外经济形势仍然复杂严峻，不稳定性不确定性较大，对我国经济发展长短期目标的实现存在较大影响。宏观政策跨周期调节更加关注政策波动性和不确定性的影响，关注政策调控背后可能潜伏着的代价，重视稳住并引导微观主体或市场主体的预期，以保护和激发市场主体活力、提高产业链供应链的稳定性和竞争力。理顺政策的预期传导机制、降低不确定性，是宏观政策跨周期调节的优势所在，也是宏观政策跨周期设计的关键内容。宏观政策跨周期调节重视从中长期视角加强预期管理，加强公众沟通，着力稳定市场预期，给企业及微观主体更大自主权、更大发展空间、更大活力，以增强市场主体参与经济活动的信心和热情。</p>\n\n<p class=\"text_align-justify text_indent-2em\" data-source=\"cke\">从政策评价看，宏观政策跨周期调节效果的评价内容更加丰富，不仅包括宏观政策跨周期调节的整体效果、各项宏观政策跨周期调节工具实施方向和力度与调控目标的契合度，还包括分周期调控目标值和中长期目标值的科学性、分周期调控目标与中长期目标的吻合度、各项宏观政策跨周期调节的协同效果、宏观政策风险的跨周期评价和监测等。通过一系列的评价和监测，能够确保各类长短期宏观政策形成集成效应，提高宏观政策的精准性、科学性和有效性，确保我国经济发展中长期目标的顺利实现。</p>\n\n<p class=\"text_align-justify text_indent-2em\" data-source=\"cke\"><strong data-source=\"cke\">（作者系中央财经大学国际经济与贸易学院教授、副院长）</strong></p>\n\n<!--{img:0}-->\n');
INSERT INTO `article_content` VALUES (98, '<p class=\"text_align-justify text_indent-2em\" data-source=\"cke\">共同富裕是社会主义的本质要求，是人民群众的共同期盼。全面贯彻落实党的十九届五中全会精神，准确把握新发展阶段，深入贯彻新发展理念，加快构建新发展格局，全面提升我国“十四五”时期乃至更长时间的高质量发展水平，以更全面视野更高起点扎实推动共同富裕，强化使命担当，更好地满足人民日益增长的美好生活需要，更加提升全体人民的福祉水平，是加快构建以国内大循环为主体、国内国际双循环相互促进的新发展格局的内在要求。共同富裕目标的实现，必须更依赖于全面深化改革，充分发挥市场在资源配置中的决定性作用，更好发挥政府作用，推动有效市场和有为政府更好结合。</p>\n\n<p class=\"text_align-justify text_indent-2em\" data-source=\"cke\"><strong data-source=\"cke\">一、推动共同富裕须以统筹发展和安全作为基本原则</strong></p>\n\n<p class=\"text_align-justify text_indent-2em\" data-source=\"cke\">新发展阶段、新发展理念、新发展格局的提出，本质上对我国转变发展方式提出了更高要求，意味着我国从数量增长型发展转向了高质量发展阶段，从外源式发展转向内生性发展。近几十年来，我国融入全球分工体系，既受益于全球化，又为全球化作出了巨大贡献，随着社会主义市场经济体制改革的不断深化，广大人民群众的活力和能动性得到充分发挥，极大解放和发展了生产力。利用丰富的劳动力优势和广阔的市场优势，我们在全球价值链中的地位不断上升，人民日益增长的美好生活需要更加多样化、多元化。</p>\n\n<p class=\"text_align-justify text_indent-2em\" data-source=\"cke\">经济发展走到今天的阶段，经济社会领域的安全问题日益突出：一是供给侧领域，部分科技创新领域的“卡脖子”问题仍然没有得到充分解决，“受制于人”的难题和瓶颈还有待于全面突破。近年来，我国部分企业、部分领域遭受到一些国家的强力打压，便深刻体现出这一点。经济实现高质量发展，一定要确保核心技术牢牢掌握在自己手中。二是需求侧领域，仍然有部分产品或服务停留在相对较低的质量水平，只能解决“有没有”的问题，尚未解决“好不好”的问题，难以充分适应人民群众消费升级的总体趋势。一旦长期得不到充分解决，有可能会出现内需向外需转化，这显然不利于构建新发展格局以及内需市场的总体稳定安全。三是社会公平领域，不同社会群体的流动性水平趋于下降，一旦长期得不到解决，可能会引发一系列社会稳定和安全问题，影响经济社会向更高水平发展的动力和能力。保持适度的社会流动性水平，形成公平、正义、合理、有序的社会流动性格局，对更好地激发人民群众的劳动价值创造活力，促进经济社会发展更加有包容性，有着全局、深远的意义。</p>\n\n<p class=\"text_align-justify text_indent-2em\" data-source=\"cke\">上述问题的全面破解，最终依赖于全面深化改革，坚持统筹发展和安全的基本原则，扎实推动共同富裕，更加精准地激发不同领域、不同群体人民群众的劳动活力，让他们在各自岗位上充分发挥聪明才智，同时对社会弱势群体的基本生存和发展权利充分保障。在发展中实现总体安全、在安全中夯实发展基础和能力。从这一点来说，激发活力和维护社会公平正义是共同富裕的“一体两翼”，统筹兼顾、顶层设计，既要从根本上夯实高质量发展能力、动力，又要确保经济社会安全。</p>\n\n<p class=\"text_align-justify text_indent-2em\" data-source=\"cke\"><strong data-source=\"cke\">二、推动共同富裕立足于构建高水平社会主义市场经济体制，更加激发市场活力</strong></p>\n\n<p class=\"text_align-justify text_indent-2em\" data-source=\"cke\">更大程度地调动广大人民群众的劳动创造活力和能动性，还是要依赖于构建高水平社会主义市场经济体制，充分发挥市场在资源配置中的决定性作用，为全体人民走向共同富裕之路奠定根本性体制保障，高质量发展之路就是激发市场活力之路。与之相适应的是，各级政府正确发挥积极性，也要以更好地构建高效规范、公平竞争的全国统一市场体系、降低制度性交易成本等方面作为核心导向，继续推动市场分工体系不断细化，全面提升各类生产要素的专业化水平，让各类生产要素、产品或服务在全国统一市场体系内自由流动、迸发活力。</p>\n\n<p class=\"text_align-justify text_indent-2em\" data-source=\"cke\">明晰政府与市场在推进共同富裕中的功能界限，合理确定政府在推动共同富裕中的支持方式、方法和最适程度。有为政府要求财政资源配置顺应高水平社会主义市场经济体制的内在要求和发展趋势。</p>\n\n<p class=\"text_align-justify text_indent-2em\" data-source=\"cke\">从宏观来看，坚持“全国一盘棋”，立足于优化整体国土空间开发分工布局，顺应人口等生产要素的工业化、城镇化布局，建立基于要素分布的财政资源配置动态调控体系，更加衔接、协调人口流入地和人口流出地之间的财政资源配置关系。同时，在推动基本公共服务均等化的基础上，构建与主体功能区相适应的更高标准的公共服务体系，既要降低基本公共服务的区域差异对生产要素自由流动的不利影响，又要发挥公共服务体系对提升区域分工、专业化水平中的引导功能。构建以扩大内需、增加就业和优化结构为导向的税收制度体系，强化筹集收入功能、弱化区域分配功能，后者由财政转移支付来替代，更加激励各级政府改善辖区营商环境、维护统一市场、激发市场活力。</p>\n\n<p class=\"text_align-justify text_indent-2em\" data-source=\"cke\">从微观来看，财政资源配置要瞄准构建全国统一市场体系的痛点、堵点，区分不同生命周期阶段、不同规模市场主体，分环节、分领域，精准、有效施策。税制体系方面，优化税制结构，全面巩固前期大规模减税降费的政策效果，进一步深化增值税等间接税改革，加快实施简并税率档次、减少优惠范围等政策措施，降低其对市场分工带来的抑制作用。</p>\n\n<p class=\"text_align-justify text_indent-2em\" data-source=\"cke\">随着数字经济等领域的快速发展，一批新产业、新业态、新模式蓬勃发展，数据成为新的生产要素，市场资源配置的空间和形态仍在拓展，从有形物理空间扩展到无形网络空间。激发人民群众的活力，推动共同富裕的抓手更加丰富，要求我们从推进数字基本公共服务均等化、提升数据分工体系建设等方面再谋划、再突破。</p>\n\n<p class=\"text_align-justify text_indent-2em\" data-source=\"cke\"><strong data-source=\"cke\">三、推动共同富裕还要坚持全面托底、适度保障，促进社会活力和社会公平正义有机结合</strong></p>\n\n<p class=\"text_align-justify text_indent-2em\" data-source=\"cke\">习近平总书记指出：“全面建成小康社会，一个也不能少；共同富裕路上，一个也不能掉队。”共同富裕要求每个社会成员都要充分享受经济社会发展带来的成果，都要充分获得参与经济社会发展的机会。</p>\n\n<p class=\"text_align-justify text_indent-2em\" data-source=\"cke\">进入新发展阶段后，各级政府都需要着力强化在促进社会公平中的功能作用。值得指出的是，激发社会活力和社会公平正义之间不是割裂的，而是有机统一的，两者是相辅相成、相互促进的关系。只有政府更加充分保障好广大人民群众的基本生存和发展权利，才能够让他们没有任何后顾之忧地去奋斗，参与市场资源配置过程，运用劳动来创造更大的价值。与此同时，激发每个社会成员的活力，才能为促进社会公平提供更加坚实的物质保障，才能让社会弱势群体享受更加充分的生存发展保障。</p>\n\n<p class=\"text_align-justify text_indent-2em\" data-source=\"cke\">因此，在政府更加有为地促进社会公平正义发挥作用时，要根据不同社会群体来精准施策，力求将社会活力和社会公平正义充分结合。对具有完全劳动能力的群体，要鼓励其自食其力，不断提升自身的劳动创造能力和技术技能水平，激发他们的奋斗活力，创造更加公平、公正的市场机会，让他们参与市场分工和专业化生产，财政支持以促进市场分工和就业支持作为主要手段，激发其劳动意愿、奋斗活力；对无劳动能力或无完全劳动能力的人群，财政要强调基本公共服务“托底”保障，根据经济发展水平及相关因素，更加合理地确定保障标准。税收制度方面，主要改革方向仍然是提高直接税比重，扩大直接税征收范围，提升直接税对全部财政收入的贡献度，显著增强直接税在收入分配领域的调控能力。</p>\n\n<p class=\"text_align-justify text_indent-2em\" data-source=\"cke\">此外，要看到随着数字经济的快速发展，社会公平领域出现了新问题、新特征，我们必须要在弥合数字鸿沟、提升人民群众数字能力等方面有所突破，而且要加大教育投入，让人民群众充分适应工业经济向数字经济转型升级的就业结构转换。</p>\n\n<p class=\"text_align-justify text_indent-2em\" data-source=\"cke\"><strong data-source=\"cke\">（作者单位：中国社会科学院财经战略研究院）</strong></p>\n\n<!--{img:0}-->\n');
INSERT INTO `article_content` VALUES (99, '<p class=\"text_align-justify text_indent-2em\" data-source=\"cke\">7月30日，中共中央政治局召开会议指出，今年以来，在以习近平同志为核心的党中央坚强领导下，我们统筹国内国际两个大局、统筹疫情防控和经济社会发展，有效实施宏观政策，经济持续稳定恢复、稳中向好，科技自立自强积极推进，改革开放力度加大，民生得到有效保障，高质量发展取得新成效，社会大局保持稳定。我们要把思想和行动统一到党中央关于当前经济形势的分析判断和决策部署上来，不断巩固经济恢复成效，持续增强发展韧性。</p>\n\n<p class=\"text_align-justify text_indent-2em\" data-source=\"cke\"><strong data-source=\"cke\">经济运行保持在合理区间</strong></p>\n\n<p class=\"text_align-justify text_indent-2em\" data-source=\"cke\">今年以来，我国宏观政策保持连续性、稳定性和可持续性，积极的财政政策提质增效、更可持续，稳健的货币政策灵活精准、合理适度，就业优先政策持续强化、取得预期成效，经济增长、就业、物价、居民收入、国际收支等主要宏观指标处于合理区间。</p>\n\n<p class=\"text_align-justify text_indent-2em\" data-source=\"cke\"><strong data-source=\"cke\">经济稳定增长。</strong>受去年同期基数抬升影响，上半年经济同比增速按季度有所回落，但环比延续扩张势头，两年平均增速有所加快。初步核算，上半年国内生产总值同比增长12.7%，高于6%以上的预期目标。其中，二季度同比增长7.9%，环比增长1.3%，比一季度加快0.9个百分点；两年平均增长5.5%，加快0.5个百分点。</p>\n\n<p class=\"text_align-justify text_indent-2em\" data-source=\"cke\"><strong data-source=\"cke\">就业形势总体稳定。</strong>就业是民生之本，就业稳则经济稳。上半年，全国城镇调查失业率均值为5.2%，低于5.5%左右的预期目标；城镇新增就业698万人，完成全年目标任务的63.5%。二季度末，外出务工农村劳动力18233万人，基本恢复至疫情前水平。</p>\n\n<p class=\"text_align-justify text_indent-2em\" data-source=\"cke\"><strong data-source=\"cke\">消费价格涨势温和。</strong>夏收粮油再获丰收，生猪产能持续恢复，工业服务业生产增加，重要民生商品供给充足，促进了居民消费价格稳定。上半年，居民消费价格同比上涨0.5%，低于3%左右的预期目标。</p>\n\n<p class=\"text_align-justify text_indent-2em\" data-source=\"cke\"><strong data-source=\"cke\">居民收入恢复性增长。</strong>经济恢复促进了就业增加，带动了居民增收。上半年，全国居民人均可支配收入同比实际增长12.0%；两年平均增长5.2%，比一季度加快0.7个百分点，居民收入增长与经济增长基本同步。</p>\n\n<p class=\"text_align-justify text_indent-2em\" data-source=\"cke\"><strong data-source=\"cke\">国际收支继续改善。</strong>外贸韧性持续显现。上半年，货物进出口顺差16336亿元，同比增长40.6%。1至5月份，服务进出口逆差1145亿元，同比收窄67.3%。外汇储备稳中有升。6月末，外汇储备余额32140亿美元，保持在3万亿美元以上。</p>\n\n<p class=\"text_align-justify text_indent-2em\" data-source=\"cke\"><strong data-source=\"cke\">推动高质量发展取得新进展</strong></p>\n\n<p class=\"text_align-justify text_indent-2em\" data-source=\"cke\">我国经济已由高速增长阶段转向高质量发展阶段。上半年，全国上下坚持把新发展理念贯穿发展全过程和各领域，着力推动质量变革、效率变革、动力变革，高质量发展取得积极成效。</p>\n\n<p class=\"text_align-justify text_indent-2em\" data-source=\"cke\"><strong data-source=\"cke\">创新第一动力持续增强。</strong>重大创新成果竞相涌现。“天问一号”探测器成功着陆火星，空间站“天和”核心舱、“天舟二号”货运飞船、“神州十二号”载人飞船发射成功并完成对接，“华龙一号”自主三代核电机组投入商业运行。新产业新业态新模式蓬勃发展。上半年，规模以上高技术制造业增加值同比增长22.6%，快于全部规模以上工业6.7个百分点；信息传输、软件和信息技术服务业增加值增长20.3%，快于整体经济增长7.6个百分点；实物商品网上零售额占社会消费品零售总额比重达23.7%。</p>\n\n<p class=\"text_align-justify text_indent-2em\" data-source=\"cke\"><strong data-source=\"cke\">协调内生特点日益凸显。</strong>需求结构继续改善。上半年，最终消费支出增长对经济增长贡献率为61.7%，比一季度提高8.2个百分点。产业结构调整优化。上半年，制造业增加值占国内生产总值比重为27.9%，比上年同期提高1.3个百分点；服务业增加值占国内生产总值比重为55.7%，服务业增长对经济增长贡献率达53.0%。城乡区域发展协调性增强。上半年，城乡居民人均可支配收入之比为2.61，比上年同期缩小0.07；中部、西部、东北地区固定资产投资同比分别增长22.3%、11.4%、11.8%，均快于东部地区。</p>\n\n<p class=\"text_align-justify text_indent-2em\" data-source=\"cke\"><strong data-source=\"cke\">产业发展加快向绿色转型。</strong>能源结构调整持续推进。初步核算，上半年单位GDP能耗同比下降2.0%，清洁能源消费比重提高0.4个百分点。环境质量总体改善。上半年，全国339个地级及以上城市PM2.5平均浓度同比下降2.9%；3641个国家地表水考核断面中，水质优良（Ⅰ—Ⅲ类）断面比例为81.7%，提高1.1个百分点。</p>\n\n<p class=\"text_align-justify text_indent-2em\" data-source=\"cke\"><strong data-source=\"cke\">对外开放进一步扩大。</strong>广阔的市场空间和不断优化的营商环境，使我国继续成为外商投资的热土。上半年，我国实际使用外资6078亿元，同比增长28.7%。21个自由贸易试验区先行先试不断取得新进展，海南自由贸易港建设加快推进。“一带一路”高质量发展扎实推进。上半年，我国对“一带一路”沿线国家进出口额同比增长27.5%，比外贸整体增速高0.4个百分点。中欧班列跑出互利共赢“加速度”，上半年开行量同比增长43%，彰显了共建“一带一路”的强大生命力。</p>\n\n<p class=\"text_align-justify text_indent-2em\" data-source=\"cke\"><strong data-source=\"cke\">人民群众获得感增强。</strong>重点群体收入持续提高。上半年，规模以上企业就业人员平均工资同比增长11.8%。二季度，外出务工农村劳动力月均收入同比增长17.6%。“菜篮子”商品价格稳中有降。上半年，食品价格同比下降0.2%。社会保障覆盖面进一步扩大。目前，我国基本医疗保险覆盖超13.5亿人，基本养老保险覆盖超10.1亿人。</p>\n\n<p class=\"text_align-justify text_indent-2em\" data-source=\"cke\"><strong data-source=\"cke\">供给侧结构性改革深入推进</strong></p>\n\n<p class=\"text_align-justify text_indent-2em\" data-source=\"cke\">深化供给侧结构性改革是“十四五”时期发展的主线，也是今年工作的重要任务。面对经济恢复进程不平衡等问题，各地区各部门深化“放管服”、国有企业、财税、金融等重点改革，加大经济结构调整力度，在巩固、增强、提升、畅通上下功夫，以高质量供给引领创造新需求，有力促进了实体经济发展，增强了发展的内生动力。</p>\n\n<p class=\"text_align-justify text_indent-2em\" data-source=\"cke\"><strong data-source=\"cke\">产业发展稳中向好。</strong>农业基础继续巩固。上半年，第一产业增加值同比增长7.8%，两年平均增长4.3%，比一季度加快2.0个百分点。工业稳定增长。上半年，规模以上工业增加值同比增长15.9%，两年平均增长7.0%，略高于疫情前增长水平。服务业发展加快。上半年，服务业增加值同比增长11.8%，两年平均增长4.9%，比一季度加快0.2个百分点。</p>\n\n<p class=\"text_align-justify text_indent-2em\" data-source=\"cke\"><strong data-source=\"cke\">“三去一降一补”成果继续巩固。</strong>产能利用率水平上升。二季度，全国工业产能利用率为78.4%，处于近年来较高水平。企业资产负债率下降。5月末，规模以上工业企业资产负债率为56.3%，比上年同期下降0.6个百分点。企业单位营收成本下降。1—5月份，规模以上工业企业每百元营业收入中的成本为83.48元，比上年同期减少1.24元。补短板成效突出。上半年，社会领域、生态保护和环境治理业投资同比分别增长16.4%、16.9%，两年平均分别增长10.7%、7.4%。</p>\n\n<p class=\"text_align-justify text_indent-2em\" data-source=\"cke\"><strong data-source=\"cke\">微观主体活力持续增强。</strong>上半年，日均新设市场主体同比增长超过25%。6月末，全国法人单位数首次突破3000万个，达到3039.1万个，同比增长16.6%。上半年，规模以上国有控股企业效益大幅增长；规模以上私营工业企业增加值同比增长18.3%，快于全部规模以上工业2.4个百分点；民间投资占全部投资比重达57.8%，比上年同期提高1.4个百分点；民营企业进出口额同比增长35.1%，占进出口总额比重为47.8%，比上年同期提高2.8个百分点。</p>\n\n<p class=\"text_align-justify text_indent-2em\" data-source=\"cke\"><strong data-source=\"cke\">产业链水平不断提升。</strong>新产业集群培育成长。上半年，高技术产业投资同比增长23.5%，两年平均增长14.6%，明显快于全部投资。其中，航空航天器及设备制造业、计算机及办公设备制造业、电子及通信设备制造业投资同比分别增长56.4%、47.5%、29.9%。</p>\n\n<p class=\"text_align-justify text_indent-2em\" data-source=\"cke\"><strong data-source=\"cke\">构建新发展格局稳步开局</strong></p>\n\n<p class=\"text_align-justify text_indent-2em\" data-source=\"cke\">今年是构建新发展格局的起步之年。面对全球疫情蔓延和国内经济恢复基础尚不牢固的环境，各方面立足超大规模国内市场，积极推动国际合作，畅通内外经济循环，发展韧性进一步增强。</p>\n\n<p class=\"text_align-justify text_indent-2em\" data-source=\"cke\"><strong data-source=\"cke\">生产分配流通消费日益改善。</strong>生产领域恢复常态。上半年，41个工业大类行业中，有39个行业增加值同比实现增长，其中29个行业实现两位数增长。分配领域利润和收入大幅增长。1—6月份，规模以上工业企业利润同比增长66.9%，两年平均增长20.6%；上半年，全国一般公共预算收入同比增长21.8%。流通领域日益活跃。上半年，限额以上单位18个商品类别零售额同比增速均超过10%，其中七成以上商品类别同比增速超过20%；货运量、客运量、邮政业务总量同比分别增长24.6%、11.1%、34.4%。消费领域逐步恢复。上半年，全国居民八大类消费支出两年平均名义增速全部实现正增长。</p>\n\n<p class=\"text_align-justify text_indent-2em\" data-source=\"cke\"><strong data-source=\"cke\">国内大循环主体作用增强。</strong>坚持扩大内需这个战略基点，国内循环在经济发展中的带动作用明显。上半年，社会消费品零售总额、固定资产投资同比分别增长23.0%、12.6%，两年平均分别增长4.4%、4.4%，分别比一季度加快0.2、1.5个百分点；内需增长对经济增长的贡献率为80.9%。</p>\n\n<p class=\"text_align-justify text_indent-2em\" data-source=\"cke\"><strong data-source=\"cke\">国内国际循环相互促进。</strong>立足国内大循环，内需扩大拉动了进口；加强贸易强国建设，外需拓展促进了出口，外贸发展量增质升。上半年，货物进出口总额同比增长27.1%，两年平均增长10.8%；其中，进口额、出口额同比分别增长25.9%、28.1%，实现了量的快速增长。同时，一般贸易进出口额同比增长30.7%，占进出口总额比重升至61.9%，反映了结构更加合理。</p>\n\n<p class=\"text_align-justify text_indent-2em\" data-source=\"cke\"><strong data-source=\"cke\">安全发展得到保障。</strong>粮食安全得到有效保障。今年夏粮总产量2916亿斤，比上年增产59亿斤，再创历史新高。能源供应基本稳定。初步核算，上半年一次能源生产总量同比增长6.8%，原煤、原油、天然气、电力都实现了增产。产业链供应链自主可控能力提升。上半年，集成电路、光电子器件、电子元件、工业机器人产量同比分别增长48.1%、41.7%、39.9%、69.8%，其中集成电路产量达到1712亿块。</p>\n\n<p class=\"text_align-justify text_indent-2em\" data-source=\"cke\">在充分肯定成绩的同时，必须清醒认识到，全球疫情仍在持续演变，外部环境更趋复杂严峻，国内经济恢复仍然不稳固、不均衡，内需增长动能偏弱，部分行业企业生产经营有所分化，就业结构性矛盾仍较突出，恢复中又出现一些新情况新问题，需要高度关注、推动解决。我们要深入学习贯彻习近平总书记“七一”重要讲话精神，认真贯彻党中央、国务院决策部署，坚持稳中求进工作总基调，完整、准确、全面贯彻新发展理念，深化供给侧结构性改革，加快构建新发展格局，推动高质量发展，确保完成全年发展主要目标任务，促进我国经济行稳致远。</p>\n\n<p class=\"text_align-justify text_indent-2em\" data-source=\"cke\"><strong data-source=\"cke\">（作者为国家发展改革委副主任兼国家统计局局长、党组书记）</strong></p>\n\n<!--{img:0}-->\n');
INSERT INTO `article_content` VALUES (100, '<p class=\"text_align-justify text_indent-2em\" data-source=\"cke\">加快构建新发展格局，是以习近平同志为核心的党中央根据我国发展阶段、环境、条件变化作出的战略决策，是事关全局的系统性深层次变革。习近平总书记在庆祝中国共产党成立100周年大会上的重要讲话中强调：“立足新发展阶段，完整、准确、全面贯彻新发展理念，构建新发展格局，推动高质量发展”。构建新发展格局的关键在于经济循环的畅通无阻，这就要求我们必须坚持深化供给侧结构性改革这条主线，继续完成“三去一降一补”的重要任务，全面优化升级产业结构，提升创新能力、竞争力和综合实力。</p>\n\n<p class=\"text_align-justify text_indent-2em\" data-source=\"cke\"><strong data-source=\"cke\">巩固“三去一降一补”成果。</strong>新时代，我国经济已由高速增长阶段转向高质量发展阶段，继续发展具有多方面优势和条件。同时，我国发展不平衡不充分问题仍然突出，经济发展正处在转变发展方式、优化经济结构、转换增长动力的攻关期，面临结构性、体制性、周期性问题交织叠加的困难和挑战。这要求我们继续推动更多产能过剩行业加快出清，淘汰关停环保、能耗、安全、质量等方面不达标的企业，减少无效和低端供给，扩大有效和中高端供给；落实和完善减税降费政策，清理规范各类涉企收费，降低全社会各类营商成本，有效减轻企业负担；着眼于既促消费惠民生、又调结构增后劲，加大新型基础设施等领域补短板力度。</p>\n\n<p class=\"text_align-justify text_indent-2em\" data-source=\"cke\"><strong data-source=\"cke\">提升自主创新能力。</strong>当前，我国经济发展环境出现变化，旧的生产函数组合方式难以持续，科学技术的重要性全面上升。同时，我国产业总体上还处于国际产业链、价值链中低端，高端供给短板明显，创新能力还不适应高质量发展要求。只有把关键核心技术牢牢掌握在自己手里，才能建立起安全稳定的产业链、供应链，筑牢构建新发展格局的根基；才能把握发展主动权，维护国家安全和发展利益。我国拥有1.7亿多受过高等教育或拥有各类专业技能的人才，拥有集中力量办大事的社会主义制度优势，完全有条件将技术优势、人才优势、制度优势有机结合起来，推动自主创新能力整体跃升，促进科技与经济深度融合，提升高端供给能力，进而在全球产业链、价值链分工中占据主动地位，引领我国产业发展向中高端迈进。</p>\n\n<p class=\"text_align-justify text_indent-2em\" data-source=\"cke\"><strong data-source=\"cke\">进一步深化对外开放。</strong>积极用好国际国内两个市场、两种资源，将为进一步深化供给侧结构性改革创造良好条件。一方面，加大同“一带一路”参与国家和地区的产能合作，有利于促进资源要素全球化配置，同时为我国产业升级腾挪出更大空间。另一方面，充分发挥自由贸易试验区、经济特区等对外开放前沿高地的作用，充分利用我国产业链完整、市场规模巨大等方面的优势，能够形成对全球要素资源的强大吸引力，推动供给侧结构性改革进一步深化，为我国产业升级创造有利条件。</p>\n\n<p class=\"text_align-justify text_indent-2em\" data-source=\"cke\">在深化供给侧结构性改革的同时，也要注重需求侧管理，坚定实施扩大内需战略。内需是我国经济发展的基本动力，扩大内需是构建新发展格局的战略基点。我国拥有全球最大规模的中等收入群体，消费升级方兴未艾，城镇化进程进一步加快，正在成长为全球最大的消费市场。健全扩大内需的有效制度，加快培育完整内需体系，同时在拓展时尚消费、定制消费、信息消费、智能消费等新兴消费方面下功夫，有利于使生产、分配、流通、消费更多依托国内市场，形成需求牵引供给、供给创造需求的更高水平动态平衡。</p>\n\n<p class=\"text_align-justify text_indent-2em\" data-source=\"cke\"><strong data-source=\"cke\">（作者单位：武汉大学经济与管理学院）</strong></p>\n\n<!--{img:0}-->\n');
INSERT INTO `article_content` VALUES (101, '<p class=\"text_align-justify text_indent-2em\" data-source=\"cke\">习近平总书记在“七一”重要讲话中指出，“中华民族拥有在5000多年历史演进中形成的灿烂文明”，全面贯彻新时代中国特色社会主义思想，要坚持把马克思主义基本原理同中国具体实际相结合，同中华优秀传统文化相结合。由此，才能最大程度地激昂中华民族伟大复兴的文化自信，为“中国共产党和中国人民将在自己选择的道路上昂首阔步走下去，把中国发展进步的命运牢牢掌握在自己手中”提供最为强大的精神动力。习近平总书记多次强调，“要以高质量文化供给增强人们的文化获得感、幸福感”；“中华文明绵延数千年，有其独特的价值体系。中华优秀传统文化已经成为中华民族的基因，植根在中国人内心，潜移默化影响着中国人的思想方式和行为方式。今天，我们提倡和弘扬社会主义核心价值观，必须从中汲取丰富营养，否则就不会有生命力和影响力”。</p>\n\n<p class=\"text_align-justify text_indent-2em\" data-source=\"cke\">落实习近平总书记的“七一”重要讲话精神，要全面贯彻习近平新时代中国特色社会主义思想，把马克思主义基本原理同中国具体实际相结合，深入挖掘和阐发中华优秀传统文化新时代价值，唤起人民群众对中华优秀传统文化的追忆和呼唤，与新时代精神深度融合，熔铸成为人民群众提供高质量文化供给的坚实基础。</p>\n\n<p class=\"text_align-justify text_indent-2em\" data-source=\"cke\"><strong data-source=\"cke\">坚守中华文化的精神家园是高质量文化供给的题中应有之义</strong></p>\n\n<p class=\"text_align-justify text_indent-2em\" data-source=\"cke\">在全球化获得充分发展的今天，世界各国乃至每个个人都不可避免地受到外来文化和多元化思想的影响，坚守自身的精神家园就变得越来越重要。坚守自身的精神家园就是坚持自己的文化身份，不断汲取中华优秀传统文化尤其是儒家文化的精髓，与马克思主义基本原理相结合，与中国特色社会主义的新时代精神价值相融合，合理吸收外来文化的优秀成分，才能显示出独特的文化生命力。文化供给只有植根于这样的文化生命力，才能凸显自身在国际政治经济和文化竞争格局中的文化自信。高质量的文化产品不能只是精美的设计、唯美的影像、曲折离奇的故事，而应该承载更多中华传统家庭伦理的文化内涵。</p>\n\n<p class=\"text_align-justify text_indent-2em\" data-source=\"cke\">习近平总书记说：“深入挖掘和阐发中华优秀传统文化讲仁爱、重民本、守诚信、崇正义、尚和合、求大同的时代价值，使中华优秀传统文化成为涵养社会主义核心价值观的重要源泉”。中华优秀传统文化提出的价值理念表达了人类共同的道德基础，其具有现代价值和世界意义。高质量的文化供给要更多地融入这些价值观念，提供令人心悦诚服的文化产品，为人民群众提供相对独立的精神家园。高质量的文化产品不仅要有宏大的叙事，更要善于捕捉日常生活中细微的叙事表达、人物之间精微的情感交流。北宋陈东说：“爱国而忘其家，爱君而忘其身，爱道而忘其位，爱义而忘其死。大节清风，昭回史籍，贯彻宇宙，君子之事于是乎毕。”这种精神和气节深藏在每一个中国人心中。要将优秀传统文化与当代中国人的精神世界相连接，相信坚守中华文化的精神家园是高质量文化供给的题中应有之义。</p>\n\n<p class=\"text_align-justify text_indent-2em\" data-source=\"cke\"><strong data-source=\"cke\">中华文化价值的挖掘是高质量文化供给的重要源泉</strong></p>\n\n<p class=\"text_align-justify text_indent-2em\" data-source=\"cke\">文化是一个国家、一个民族的精神价值和最深刻的乡愁，文化自身的品格、活力和积淀反映了一个社会强大的内在力量。高质量的文化供给要把中华优秀传统文化所体现的民族气质和文化精髓深度提取和展示，与社会主义核心价值观相融合，触及中国当代社会文化的内核和灵魂，熔铸成社会主流价值观。</p>\n\n<p class=\"text_align-justify text_indent-2em\" data-source=\"cke\">一个国家、一个民族对文化价值的追求是人民最深层次的心灵向往和精神追寻。要重视人民对中华优秀传统文化的诉求，深度挖掘其价值，与新时代精神深度融合，形成新的民族文化精神。高质量的文化产品不是要刻意强调自身的文化价值，而是将文化因素深度融合到产品之中，在平凡人物日常生活的点点滴滴之中展示出来。高质量的文化供给要在挖掘中华优秀传统文化的同时并不排斥外来文化，通过深度融合使得外来文化本土化，最终使自身焕发出更加强大的生命力。</p>\n\n<p class=\"text_align-justify text_indent-2em\" data-source=\"cke\">中华优秀传统文化潜移默化地影响着人们的道德水准和行为规范，文化供给要让人们在文化产品的互动传播中体验到文化认同的情感共鸣，净化人们的心灵。中华民族的文化自信期盼着中华优秀传统文化的崛起，高质量的文化供给要满足中国人内心深处对传统文化价值的追思，复活中华优秀传统文化强大的生命力。</p>\n\n<p class=\"text_align-justify text_indent-2em\" data-source=\"cke\"><strong data-source=\"cke\">高质量的文化供给要在文化传承中涵养国人的伦理道德</strong></p>\n\n<p class=\"text_align-justify text_indent-2em\" data-source=\"cke\">习近平总书记指出，“中华优秀传统文化是中华民族的文化根脉”。文化供给要重视中华优秀传统文化的传播和发展，涵养国人的伦理道德。一是推崇崇德尚义的伦理观。儒家文化重视人的人格养成和品格修养，认为这是人的立身之本。孔子认为“仁”是人的本质属性，仁爱和善待他人是一种优秀的品质。要像对待家人一样对待他人，凡事站在他人的角度思考问题，不强行把自己的意志强加于人，在社会交往中崇尚互相尊重，从家庭的伦常关系出发建立以仁爱为核心的伦理道德。二是提倡崇贤重道的教育观。荀子说，“师法之化，礼义之道，然后出于辞让，合于文理，而归于治”。尊敬师长，重视教育是儒家重要的文化理念。儒家重视教育在社会发展、人格完善方面的重要作用，其“修齐治平”“格物致知”“德育优先”“礼乐结合”“因材施教”“温故知新”等教育理念为素质教育提供了宝贵的思想资源，在以人为本、终身教育等教育思想的确立过程中起着重要作用。三是倡导勇于担当的责任意识。从孟子的“以天下为己任”到范仲淹的“先天下之忧而忧，后天下之乐而乐”，再到顾炎武的“天下兴亡，匹夫有责”，都突出了勇于担当的责任意识，在中国历史上鼓舞和激励了无数仁人志士，在当今的时代，也具有至高的价值。文化供给要以涵养国人的伦理道德为己任，以高文化含量的作品、真挚的道德情怀向社会传递责任担当的风骨，推动优秀传统文化融入当代社会。</p>\n\n<p class=\"text_align-justify text_indent-2em\" data-source=\"cke\"><strong data-source=\"cke\">高质量的文化供给要在文化传播中拓展中华文化的话语空间</strong></p>\n\n<p class=\"text_align-justify text_indent-2em\" data-source=\"cke\">文化传播力往往决定着一个国家话语空间的竞争力，因而其始终是各国综合国力竞争的主要目标之一。在当前全球文化竞争的格局中，强势文化往往占据标准制定者的地位，掌控了国际文化话语权。正因如此，将文化传播力提升至国家文化战略的高度，关乎一国的文化自信，无论在理论层面还是实践层面都十分重要。</p>\n\n<p class=\"text_align-justify text_indent-2em\" data-source=\"cke\">从全球文化竞争的角度讲，文化传播本质上是不同文明之间冲突、碰撞的过程，最终实现文明的交融和超越。东汉以来佛教文明与华夏文明碰撞后影响了中华文明的走向，古希腊罗马文明和拉丁文明碰撞后奠定了现代西方文明的基础，1840年以来的西学东渐又深刻影响了中华文化。在当前全球文化冲突与交融的时代，文化供给必须要面临并且解决好中华文化和外来文化的冲突与交融的问题，才能最终唤起深度全球化时代人民群众的共鸣，最终走出去，获得国际社会的认同。文化供给要弘扬中华优秀传统文化中具有现代价值的善良、勤俭、谦卑等美德，在文化共通性中彰显文化亲和力，这样不仅更容易增强人们的文化获得感、幸福感，而且也为走向世界奠定坚实的基础。</p>\n\n<p class=\"text_align-justify text_indent-2em\" data-source=\"cke\">在全球化时代，要提升文化自信，既要继承传统，又要文化创新；既要深度寻找自我，又要在行动中创造一个全新的自我。这就要求要做好中华优秀传统文化的深度挖掘、创造性转化和创新性发展。中华文化博大精深，齐鲁文化、燕赵文化、岭南文化、吴越文化等各不相同，这些都是构建话语空间的要素。文化供给要体现出中国特色、中国风格、中国气派，一方面要坚定立足中华文化，这样才能在国际文化竞争中有比较优势；另一方面要融合外来文化，以具有鲜明中华文化特色的国际话语讲述中国故事，只有这样，才能“把当代中国的发展进步和当代中国人的精彩生活表现好、展示好，把中国精神、中国价值、中国力量阐释好”。</p>\n\n<p class=\"text_align-justify text_indent-2em\" data-source=\"cke\">伴随着国际文化交流和人民交往日益增多，文化产品作为文化传播的重要载体，应该发挥文化消费群体日益增多、影响力大的优势，承担起国家形象传播的重要使命。近年来，中国文化产品有很多成功的对外传播案例，这充分说明“中国故事”的吸引力在增强。但应该看到，我国距离文化强国还有一定的差距，文化产品在海外文化传播中的话语权有待进一步加强，这与我国不断上升的经济实力和国际地位以及人民日益增长的文化需求不相适应。文化供给肩负拓展中华文化话语空间的重要使命，就要在立足民族传统文化的同时，与新时代精神相融合，广泛结合普遍认可的文化基因，在保障文化安全的基础上，拓展话语空间，实现“中国故事”的国际表达，展示中国文化软实力。</p>\n\n<p class=\"text_align-justify text_indent-2em\" data-source=\"cke\"><strong data-source=\"cke\">（作者单位：中国社会科学院哲学所、中国文化研究中心）</strong></p>\n\n<!--{img:0}-->\n');
INSERT INTO `article_content` VALUES (102, '<p class=\"text_align-justify text_indent-2em\" data-source=\"cke\">延安精神是中国共产党人精神谱系中熠熠生辉的一脉。党的十八大以来，习近平总书记多次强调延安精神的重要作用和时代价值。2020年4月，习近平总书记在陕西考察时强调：“延安精神培育了一代代中国共产党人，是我们党的宝贵精神财富。要坚持不懈用延安精神教育广大党员、干部，用以滋养初心、淬炼灵魂，从中汲取信仰的力量、查找党性的差距、校准前进的方向。”这为我们在新时代弘扬延安精神提供了根本遵循。中国共产党在延安时期政治建设、思想理论建设、经济建设、文化建设等实践中积累的宝贵经验，对于我们在新时代弘扬延安精神，坚定“四个自信”，深刻理解和全面把握习近平新时代中国特色社会主义思想具有重要意义。</p>\n\n<p class=\"text_align-justify text_indent-2em\" data-source=\"cke\">坚定正确的政治方向是延安精神的灵魂。延安时期，中国共产党将马克思主义与中国实际相结合，确立了毛泽东思想的指导地位，形成了以毛泽东同志为核心的中央领导集体，实现了全党在思想上、政治上、组织上的空前团结和统一。一大批进步青年和知识分子，怀着爱国报国、追求进步、向往光明的满腔热忱，会聚在宝塔山下，给陕甘宁边区增添了新的活力。老一辈革命家和老一代共产党人饱经磨难，仍然坚持坚定正确的政治信念、矢志不渝的理想追求。</p>\n\n<p class=\"text_align-justify text_indent-2em\" data-source=\"cke\">解放思想实事求是是延安精神的精髓。习近平总书记指出：“中国人民坚持解放思想、实事求是，实现解放思想和改革开放相互激荡、观念创新和实践探索相互促进，充分显示了思想引领的强大力量。”解放思想实事求是不仅成为抗日战争和中国革命胜利的保障，直至今天依然是党领导人民建设伟大事业的重要动力。</p>\n\n<p class=\"text_align-justify text_indent-2em\" data-source=\"cke\">全心全意为人民服务是延安精神的核心。延安时期，中国共产党把为人民服务的精神写入党章：中国共产党人必须具有全心全意为中国人民服务的精神。毛泽东同志说：“群众是真正的英雄。为群众服务，这就是处处要想到群众，为群众打算，把群众的利益放在第一位。”在长期斗争实践中，党深深扎根于群众之中，赢得人民的信赖和支持，依靠群众克服困难、战胜敌人，从胜利走向胜利。</p>\n\n<p class=\"text_align-justify text_indent-2em\" data-source=\"cke\">自力更生艰苦奋斗的创业精神是延安精神的重要标志。我们党带领军民开展大生产运动，自己动手、丰衣足食，我们党以“小米加步枪”打败了美式装备的国民党军队，取得了一个又一个胜利，靠的是党员群众形成的自力更生艰苦奋斗的精神品质，靠的是积极向上的精神状态和坚韧不拔的政治本色。</p>\n\n<p class=\"text_align-justify text_indent-2em\" data-source=\"cke\">新时代弘扬延安精神，要坚定“四个自信”。</p>\n\n<p class=\"text_align-justify text_indent-2em\" data-source=\"cke\">从延安精神中汲取道路自信的力量。延安时期，以毛泽东同志为核心的党中央运筹帷幄、决胜千里，探索实践根据地经济建设、政治建设、军事建设、文化建设。1941年通过的《陕甘宁边区施政纲领》规定了发展农业生产；发展工业生产与商业流通，奖励私人企业，保护私有财产；调节劳资关系；实行合理的税收制度等政策，力求提高人民群众物质财富和生活质量，均衡各阶级阶层的经济利益。这些探索为新中国成立后的社会主义实践探索提供了宝贵经验。改革开放特别是党的十八大以来，中国共产党坚定不移走中国特色社会主义道路，经济实力、科技实力、综合国力大幅提升，国际地位空前提高，人民生活由温饱不足跨越到全面小康，创造了经济快速发展、社会长期稳定的奇迹。中国特色社会主义道路是实现我国社会主义现代化的必由之路，是创造人民美好生活的必由之路。今天我们学习百年党史，弘扬延安精神，就是要坚定中国特色社会主义道路自信，紧密团结在以习近平同志为核心的党中央周围，坚定不移走中国特色社会主义道路，实现中华民族伟大复兴。</p>\n\n<p class=\"text_align-justify text_indent-2em\" data-source=\"cke\">从延安精神中汲取理论自信的力量。延安时期，中国共产党由小到大、由弱到强，从低谷走向高潮，成为中国人民革命事业当之无愧的领导核心。党的七大将毛泽东思想写入党章，确立为党的指导思想。这是我们党把马克思主义基本原理同中国具体实际相结合、同中华优秀传统文化相结合的成果，实现了马克思主义中国化的第一次历史性飞跃。在不断推进马克思主义中国化时代化的进程中，我们党产生了邓小平理论、“三个代表”重要思想、科学发展观和习近平新时代中国特色社会主义思想。正是有了坚定正确的政治方向，中国共产党团结带领中国人民迎来了从站起来、富起来到强起来的伟大飞跃。今天我们学习百年党史，弘扬延安精神，就是要坚定对党的基本理论特别是习近平新时代中国特色社会主义思想的高度自信，不断推进马克思主义中国化，继续发展当代中国马克思主义、21世纪马克思主义，更好地指导中国人民和中华民族在实现第二个百年奋斗目标的新征程上取得新的胜利。</p>\n\n<p class=\"text_align-justify text_indent-2em\" data-source=\"cke\">从延安精神中汲取制度自信的力量。中国特色社会主义制度是党领导人民在长期实践探索中形成的。延安时期，中国共产党始终秉持全心全意为人民服务的根本宗旨，提出并确立了“从群众中来，到群众中去”“一切为了群众，一切依靠群众”的群众路线。毛泽东同志指出：“一切空话都是无用的，必须给人民以看得见的物质福利。”在革命、建设、改革各个历史时期，中国共产党人始终把人民放在心中最高位置，不断改善人民生活、增进人民福祉。江山就是人民、人民就是江山，打江山、守江山，守的是人民的心。中国特色社会主义制度坚持人民主体地位，把不断实现好、维护好、发展好人民群众的根本利益作为价值追求和奋斗目标，从而获得了最广大人民群众的认可、拥护和支持。今天我们学习百年党史，弘扬延安精神，就是要坚定对中国特色社会主义制度的高度自信，始终高举中国特色社会主义伟大旗帜，不懈探索和把握中国特色社会主义规律，奋力开拓中国特色社会主义更为广阔的发展前景。</p>\n\n<p class=\"text_align-justify text_indent-2em\" data-source=\"cke\">从延安精神中汲取文化自信的力量。延安时期，陕甘宁边区的文化是中国共产党从文化自觉到文化自信的重要源头。抗日战争爆发极大地影响了中国文化教育事业，但延安文化在困境中奇迹般地成长、繁荣起来。各地文艺家和爱国青年纷纷奔赴延安，与陕甘宁边区的文艺工作者一起，共同为抗战胜利和人民解放战争的胜利奉献出青春热血和艺术才华。毛泽东同志提出了以人民为中心进行文艺工作的思想，“我们的文学艺术都是为人民大众的，首先是为工农兵的，为工农兵而创作，为工农兵所利用的”。延安由一隅小城发展为中国的另一文化中心，建立起初具规模的文化体系，形成完备的文化形态。日益兴盛的文学艺术、遍及边区的新闻媒体、繁花似锦的社会科学、层出不穷的文化期刊，奏响了党的文化发展史的“第一乐章”，深远影响了中国文化的发展。今天我们学习百年党史，弘扬延安精神，就是要坚定文化自信，坚持以人民为中心，唱响时代主旋律，弘扬传统文化，不断激发全民族文化创造活力，推动中华文化“走出去”，扩大文化影响力，更好构筑中国精神、中国价值、中国力量。</p>\n\n<p class=\"text_align-justify text_indent-2em\" data-source=\"cke\">延安时期中国共产党局部执政的成功经验，对新中国成立后中国共产党在全国范围执政产生了重大影响，在中国共产党执政历史中具有承上启下、继往开来的历史地位。在中国共产党百年华诞之时，站在“两个一百年”奋斗目标历史交汇点上，弘扬延安精神，准确把握延安时期中国共产党局部执政规律，对于新时代坚持和发展中国特色社会主义，改进党的执政方式，巩固党的执政地位，提升党的执政能力，坚定中国特色社会主义道路自信、理论自信、制度自信、文化自信，具有重大的理论意义和现实意义。</p>\n\n<p class=\"text_align-justify text_indent-2em\" data-source=\"cke\"><strong data-source=\"cke\">（作者为西北大学延安精神与党的建设研究院院长、教授）</strong></p>\n\n<!--{img:0}-->\n');
INSERT INTO `article_content` VALUES (103, '<p class=\"text_align-justify text_indent-2em\" data-source=\"cke\" data-align=\"justify\">成就伟大事业、实现伟大梦想，离不开伟大精神的支撑。习近平总书记在庆祝中国共产党成立100周年大会上的重要讲话中指出：“一百年来，中国共产党弘扬伟大建党精神，在长期奋斗中构建起中国共产党人的精神谱系，锤炼出鲜明的政治品格。”伟大建党精神是中国共产党的精神之源，展现了我们党的梦想和追求、情怀和担当、牺牲和奉献，是激励我们党走好新时代奋斗路、团结带领中国人民实现中华民族伟大复兴的强大精神动力。</p>\n\n<p class=\"text_align-justify text_indent-2em\" data-source=\"cke\" data-align=\"justify\">一百年前，中国共产党的先驱们创建了中国共产党，形成了伟大建党精神。在一百年的非凡奋斗历程中，一代又一代中国共产党人坚持真理、坚守理想，践行初心、担当使命，不怕牺牲、英勇斗争，对党忠诚、不负人民，凭着那么一股革命加拼命的强大精神，跨过一道又一道沟坎、取得一个又一个胜利，也铸就了一座又一座精神丰碑。一百年来，伟大建党精神指引中国共产党进行伟大社会革命和伟大自我革命。在这个过程中，一代又一代中国共产党人弘扬伟大建党精神，形成中国共产党人的精神谱系，为我们立党兴党强党提供了丰厚滋养。伟大实践和伟大精神相辅相成，共同铸就党的百年辉煌。</p>\n\n<p class=\"text_align-justify text_indent-2em\" data-source=\"cke\" data-align=\"justify\">中华民族具有悠久灿烂的历史，具有历久弥新的伟大民族精神。伟大民族精神在一代又一代中国人的奋斗实践中继承发扬，伟大建党精神书写了伟大民族精神的崭新篇章。在漫长的历史岁月中，勤劳勇敢的中华儿女创造了博大精深的中华文明。鸦片战争以后，中国逐步成为半殖民地半封建社会，中华民族遭受了前所未有的劫难。但是，拥有伟大民族精神的中国人民从不屈服，不断奋起反抗。中国共产党诞生在那个风雨如晦的年代，伟大建党精神孕育形成于那个中华儿女奋起反抗的年代。中国共产党把马克思主义镌刻在自己的旗帜上，用马克思主义真理的力量激活了中华民族历经几千年创造的伟大文明，使中华文明再次迸发出强大精神力量。中国共产党把马克思主义基本原理同中国具体实际相结合、同中华优秀传统文化相结合，始终是中华优秀传统文化的忠实继承者和弘扬者。伟大建党精神深深融入我们党、国家、民族、人民的血脉之中，为伟大民族精神注入了新的内涵，丰富了中华民族的精神宝库。</p>\n\n<p class=\"text_align-justify text_indent-2em\" data-source=\"cke\" data-align=\"justify\">实现中华民族伟大复兴，是一百年来中国共产党团结带领中国人民进行一切奋斗、一切牺牲、一切创造的主题。为了实现中华民族伟大复兴，中国共产党团结带领中国人民不懈奋斗，取得了震古烁今的历史成就。从石库门到天安门，从兴业路到复兴路，从小小红船到巍巍巨轮，中国共产党带领一个饱经磨难的古老民族重新焕发生机、不可逆转地走向伟大复兴。中国共产党为什么能？从伟大建党精神以及由此发源的中国共产党人的精神谱系中，我们可以看到中国共产党人鲜明的政治品格，找到支撑我们党历经千锤百炼成为百年大党、创造历史伟业的强大精神力量。在实现中华民族伟大复兴的征程上，伟大建党精神展现出强大实践伟力。</p>\n\n<p class=\"text_align-justify text_indent-2em\" data-source=\"cke\" data-align=\"justify\">伟大建党精神跨越时空，具有历久弥新的时代价值。今天，我们正在意气风发向着全面建成社会主义现代化强国的第二个百年奋斗目标迈进。征程漫漫，充满光明与希望，也不乏困难与挑战。中国共产党踏上的是新的赶考之路，仍需以伟大建党精神鼓舞斗志、砥砺前行。历史川流不息，精神代代相传。我们要继续弘扬光荣传统、赓续红色血脉，永远把伟大建党精神继承下去、发扬光大，把我们党锻造得更加坚强有力，团结带领中国人民向着实现中华民族伟大复兴的宏伟目标奋勇前行。</p>\n\n<p class=\"text_align-justify text_indent-2em\" data-source=\"cke\" data-align=\"justify\"><strong data-source=\"cke\">（作者为浙江工业大学马克思主义学院院长）</strong></p>\n\n<!--{img:0}-->\n');
INSERT INTO `article_content` VALUES (104, '<p class=\"text_align-justify text_indent-2em\" data-source=\"cke\">习近平总书记在庆祝中国共产党成立100周年大会上庄严宣告：“经过全党全国各族人民持续奋斗，我们实现了第一个百年奋斗目标，在中华大地上全面建成了小康社会，历史性地解决了绝对贫困问题，正在意气风发向着全面建成社会主义现代化强国的第二个百年奋斗目标迈进。”全面建成小康社会，是中华民族的伟大光荣，是中国人民的伟大光荣，是中国共产党的伟大光荣。千百年来中华民族孜孜以求的小康梦想在中国共产党成立100周年时成为现实，标志着我们党在团结带领人民创造美好生活、实现共同富裕的道路上迈出了坚实的一大步。</p>\n\n<p class=\"text_align-justify text_indent-2em\" data-source=\"cke\">全面建成小康社会，是我们党向人民、向历史作出的庄严承诺，是14亿多中国人民的共同期盼。习近平总书记指出：“到建党100周年时，全面建成惠及十几亿人口的更高水平的小康社会，是我们党进入新世纪后，在基本建成小康社会基础上提出的奋斗目标，是对人民的庄严承诺。”“小康”出自《礼记·礼运》，是中华民族自古以来追求的理想社会状态，使用“小康”这个概念来确立中国的发展目标，既符合中国发展实际，也容易得到最广大人民理解和支持。自改革开放之初党中央提出小康社会的战略构想以来，我们党团结带领人民接续奋斗，在二十世纪末实现了总体小康。进入新世纪，党的十六大提出，要在本世纪头二十年，全面建设惠及十几亿人口的更高水平的小康社会。党的十八大根据国内外形势新变化，顺应我国经济社会新发展和广大人民群众新期待，提出了更具明确政策导向、更加针对发展难题、更好顺应人民意愿的全面建成小康社会新要求。党的十八大以来，中国特色社会主义进入新时代，我们坚持和加强党的全面领导，统筹推进“五位一体”总体布局、协调推进“四个全面”战略布局，坚持和完善中国特色社会主义制度、推进国家治理体系和治理能力现代化，坚持依规治党、形成比较完善的党内法规体系，战胜一系列重大风险挑战，如期全面建成小康社会，向人民、向历史交出了一份优异答卷。千百年来中华民族孜孜以求的小康梦想成为现实，中华民族伟大复兴向前迈出新的一大步。</p>\n\n<p class=\"text_align-justify text_indent-2em\" data-source=\"cke\">全面建成小康社会，得到人民认可、经得起历史检验。小康不小康，关键看老乡，关键在贫困的老乡能不能脱贫。改革开放以来，我国总计有7.7亿农村贫困人口摆脱贫困，减贫人口占同期全球减贫人口70%以上，创造了减贫治理的中国样本。特别是党的十八大以来，以习近平同志为核心的党中央把脱贫攻坚摆在治国理政的突出位置，把脱贫攻坚作为全面建成小康社会的底线任务，组织开展了声势浩大的脱贫攻坚人民战争。即使是面对新冠肺炎疫情冲击和世界经济陷入严重衰退，也坚持以更大决心、更强力度推进脱贫攻坚，如期完成脱贫攻坚目标任务。在打赢脱贫攻坚战的过程中，习近平总书记先后7次主持召开中央扶贫工作座谈会，50多次调研扶贫工作，走遍14个集中连片特困地区，了解真扶贫、扶真贫、脱真贫的实际情况。经过全党全国各族人民共同努力，我国脱贫攻坚战取得了全面胜利，现行标准下9899万农村贫困人口全部脱贫，832个贫困县全部摘帽，12.8万个贫困村全部出列，区域性整体贫困得到解决，完成了消除绝对贫困的艰巨任务，创造了又一个彪炳史册的人间奇迹。脱贫攻坚战的全面胜利，彰显了全面建成小康社会的成色和底色，人民群众获得感、幸福感、安全感显著提升。</p>\n\n<p class=\"text_align-justify text_indent-2em\" data-source=\"cke\">全面建成小康社会，使我国综合国力迈上一个新台阶，极大提升了我们实现中华民族伟大复兴中国梦的能力和信心。2020年，我国GDP突破100万亿元大关；人均GDP连续两年超过1万美元，稳居中等偏上收入国家行列，让世界上人均GDP超过1万美元的人口翻了一番。全面建成小康社会，既是我们党团结带领中国人民百年奋斗的伟大成果，也是向第二个百年奋斗目标进军的新的历史起点。今天，我们党团结带领中国人民开启了全面建设社会主义现代化国家新征程，踏上了实现第二个百年奋斗目标新的赶考之路。新的征程上，我们要始终把满足人民对美好生活的新期待作为发展的出发点和落脚点，团结带领中国人民不断为美好生活而奋斗，紧紧依靠人民创造历史。我们要统筹中华民族伟大复兴战略全局和世界百年未有之大变局，深刻认识我国社会主要矛盾变化带来的新特征新要求，立足新发展阶段，完整、准确、全面贯彻新发展理念，构建新发展格局，推动高质量发展，推动人的全面发展、全体人民共同富裕取得更为明显的实质性进展，不断创造新的历史伟业。</p>\n\n<p class=\"text_align-justify text_indent-2em\" data-source=\"cke\"><strong data-source=\"cke\">（作者为清华大学马克思主义学院院长）</strong></p>\n\n<!--{img:0}-->\n');
INSERT INTO `article_content` VALUES (105, '<p class=\"text_align-justify text_indent-2em\" data-source=\"cke\">“以史为鉴、开创未来，必须坚持中国共产党坚强领导”，深刻揭示了实现中华民族伟大复兴进入了不可逆转的历史进程的根本原因，深刻阐明了实现全面建成社会主义现代化强国的第二个百年奋斗目标、实现中华民族伟大复兴中国梦的根本要求。</p>\n\n<p class=\"text_align-justify text_indent-2em\" data-source=\"cke\">没有中国共产党，就没有新中国，就没有中华民族伟大复兴，这一历史结论是被中华民族近代以来一百八十多年的历史、中国共产党成立以来一百年的历史、中华人民共和国成立以来七十多年的历史所充分证明了的。从1921年到2021年，中国共产党谱写了矢志践行初心使命的壮丽史诗，团结带领中国人民创造了新民主主义革命的伟大成就、社会主义革命和建设的伟大成就、改革开放和社会主义现代化建设的伟大成就、新时代中国特色社会主义的伟大成就。从山河破碎到江山如画，从饱受欺凌到自信自强，从衰败凋零到欣欣向荣，一百年来，中国共产党团结带领中国人民为实现中华民族伟大复兴不懈奋斗，中华民族迎来了从站起来、富起来到强起来的伟大飞跃，实现中华民族伟大复兴进入了不可逆转的历史进程。历史和现实充分证明：有中国共产党坚强领导，是中国人民之幸、中华民族之幸；坚持中国共产党的领导，是历史的选择、人民的选择，是办好中国的事情的根本政治保证。</p>\n\n<p class=\"text_align-justify text_indent-2em\" data-source=\"cke\">从中国共产党的百年奋斗中，我们可以看清楚过去我们为什么能够成功，其中最根本的一条就是始终坚持党的坚强领导，这是我们党百年来积累的宝贵经验。毛泽东同志在革命战争年代就提出：“要取得中国民主革命的胜利，必须要有共产党的领导。”邓小平同志强调：“从根本上说，没有党的领导，就没有现代中国的一切。”党的十三大提出，要“总揽全局，真正发挥协调各方的作用”。党的十六大修改党章时，在对党的领导的基本要求中增加了“党必须按照总揽全局、协调各方的原则，在同级各种组织中发挥领导核心作用”。党的十八大以来，以习近平同志为核心的党中央高度重视坚持和加强党的全面领导。习近平总书记强调：“党政军民学、东西南北中，党是领导一切的”。党的十九届四中全会《决定》提出：“健全总揽全局、协调各方的党的领导制度体系”。坚持中国共产党坚强领导，是科学社会主义的基本原则，是历史和人民的必然选择，是党和国家的根本所在、命脉所在，是全国各族人民的利益所系、命运所系。</p>\n\n<p class=\"text_align-justify text_indent-2em\" data-source=\"cke\">没有党的领导，民族复兴必然是空想。坚持中国共产党坚强领导，是过去我们为什么能够成功的根本原因，也是未来我们能够继续成功的根本保证，必须一以贯之、毫不动摇。一百年前，一群新青年高举马克思主义思想火炬，在风雨如晦的中国苦苦探寻民族复兴的前途，成立了中国共产党；一百年后，中国共产党已经成为拥有九千五百多万名党员、领导着十四亿多人口大国、具有重大全球影响力的世界第一大执政党。今天，我们比历史上任何时期都更接近、更有信心和能力实现中华民族伟大复兴的目标，我们的信心和能力从根本上说就是源自中国共产党坚强领导。我们实现了第一个百年奋斗目标，正在意气风发向着全面建成社会主义现代化强国的第二个百年奋斗目标迈进。面对复杂形势和艰巨任务，最根本的就是要坚持党的全面领导，不断完善党的领导，增强“四个意识”、坚定“四个自信”、做到“两个维护”，牢记“国之大者”，不断提高党科学执政、民主执政、依法执政水平，充分发挥党总揽全局、协调各方的领导核心作用。只要我们始终坚持中国共产党坚强领导，承载着亿万人民梦想的“中国号”巨轮必将劈波斩浪，胜利驶向光辉彼岸。</p>\n\n<p class=\"text_align-justify text_indent-2em\" data-source=\"cke\"><strong data-source=\"cke\">（作者为山东大学教授）</strong></p>\n\n<!--{img:0}-->\n');
INSERT INTO `article_content` VALUES (106, '<p class=\"text_align-justify text_indent-2em\" data-source=\"cke\">习近平总书记在“七一”重要讲话中深刻指出，“一百年来，中国共产党团结带领中国人民进行的一切奋斗、一切牺牲、一切创造，归结起来就是一个主题：实现中华民族伟大复兴。”这一重大政治论断，彰显了我们党高度的历史自觉和彻底的革命精神，为继续引领中华民族伟大复兴树起了光辉旗帜、吹响了奋进号角。</p>\n\n<p class=\"text_align-justify text_indent-2em\" data-source=\"cke\"><strong data-source=\"cke\">中国共产党立志于中华民族千秋伟业</strong></p>\n\n<p class=\"text_align-justify text_indent-2em\" data-source=\"cke\">中国共产党从诞生之日起就肩负起实现中华民族伟大复兴历史使命。百年筚路蓝缕，革命救国、建设兴国、改革富国、复兴强国，我们党始终使命在肩、笃定前行，一代又一代中国共产党人前仆后继、浴血奋战，付出了巨大牺牲。据不完全统计，从中国共产党成立到新中国成立，为革命牺牲的共产党员和革命仁人志士达2100余万。可以说，中国共产党为民族复兴而生、为民族复兴而战，用鲜血和生命书写了临危受命、不辱使命的壮丽史诗。</p>\n\n<p class=\"text_align-justify text_indent-2em\" data-source=\"cke\">中国共产党的全部理论创新创造都是为了实现中华民族伟大复兴。马克思主义是为人类求解放的理论。一百年来，中国共产党不断推进马克思主义中国化，创立了毛泽东思想、邓小平理论、“三个代表”重要思想、科学发展观，创立了习近平新时代中国特色社会主义思想。每一次理论创新、理论创造，都是运用马克思主义理论回答民族复兴重大问题、探求民族复兴道路的过程，都是用科学理论的真理力量激活中华传统文明的过程，始终把马克思主义的命运与党的命运、中华民族的命运紧紧相连，把共产主义理想与社会主义信念融入中国革命、建设、改革、复兴全过程，为中华民族伟大复兴点亮了指路明灯。</p>\n\n<p class=\"text_align-justify text_indent-2em\" data-source=\"cke\">中国共产党全部实践主题是实现中华民族伟大复兴。一百年来，为了实现中华民族伟大复兴，中国共产党团结带领中国人民不懈奋斗、不断实践，创造了开天辟地、改天换地、翻天覆地、惊天动地的丰功伟业——浴血奋战、百折不挠，创造了新民主主义革命的伟大成就，为实现中华民族伟大复兴创造了根本社会条件；自力更生、发愤图强，创造了社会主义革命和建设的伟大成就，为实现中华民族伟大复兴奠定了根本政治前提和制度基础；解放思想、锐意进取，创造了改革开放和社会主义现代化建设的伟大成就，为实现中华民族伟大复兴提供了充满新的活力的体制保证和快速发展的物质条件；自信自强、守正创新，创造了新时代中国特色社会主义的伟大成就，党和国家事业取得历史性成就、发生历史性变革，为实现中华民族伟大复兴提供了更为完善的制度保证、更为坚实的物质基础、更为主动的精神力量。</p>\n\n<p class=\"text_align-justify text_indent-2em\" data-source=\"cke\"><strong data-source=\"cke\">铭记百年复兴之路的深刻启示</strong></p>\n\n<p class=\"text_align-justify text_indent-2em\" data-source=\"cke\">实现中华民族伟大复兴，根本保证是中国共产党的领导。中国共产党领导是中国特色社会主义最本质的特征，是中国特色社会主义制度的最大优势，是党和国家的根本所在、命脉所在，是全国各族人民的利益所系、命运所系。实现党的第二个百年奋斗目标、实现中华民族伟大复兴，必须始终坚持党的领导，这是根本，这是首要。党坚强有力，党中央必须有权威，党的核心必须有权威。习近平总书记作为党的核心、军队统帅、人民领袖，是历史的选择、人民的选择。必须进一步增强“四个意识”，做到“两个维护”。</p>\n\n<p class=\"text_align-justify text_indent-2em\" data-source=\"cke\">实现中华民族伟大复兴，必由之路是中国道路。道路决定命运。走自己的路，是党的全部理论和实践立足点，更是党百年奋斗得出的历史结论。中国特色社会主义是党和人民历经千辛万苦、付出巨大代价取得的根本成就。只有社会主义才能救中国，只有中国特色社会主义才能发展中国，这是历史的结论、人民的选择。必须把民族的前途、国家的命运牢牢掌握在自己手中，进一步坚定“四个自信”，坚定不移在中国特色社会主义道路上昂首阔步、奋勇前进。</p>\n\n<p class=\"text_align-justify text_indent-2em\" data-source=\"cke\">实现中华民族伟大复兴，动力之源是中国精神。实现中华民族伟大复兴需要物质文明的积累，更需要精神文明的升华。中国精神是以爱国主义为核心的民族精神和以改革创新为核心的时代精神的统一，是党和人民不畏艰难险阻、勇立历史潮头不倒的政治优势。伟大建党精神及其孕育的共产党人精神谱系，深深融入我们党、国家、民族、人民的血脉之中，彰显党的性质宗旨、反映民族精神、体现时代价值。</p>\n\n<p class=\"text_align-justify text_indent-2em\" data-source=\"cke\">实现中华民族伟大复兴，最大底气是中国力量。必须坚持大团结大联合，坚持一致性和多样性统一，加强思想政治引领，形成海内外全体中华儿女心往一处想、劲往一处使的生动局面，汇聚起实现民族复兴的磅礴力量。</p>\n\n<p class=\"text_align-justify text_indent-2em\" data-source=\"cke\"><strong data-source=\"cke\">满怀信心踏上中华民族伟大复兴新征程的赶考之路</strong></p>\n\n<p class=\"text_align-justify text_indent-2em\" data-source=\"cke\">中华民族伟大复兴，绝不是轻轻松松、敲锣打鼓就能实现的。奋力走好新时代的赶考之路，必须进行具有许多新的历史特点的伟大斗争，必须准备付出更为艰巨、更为艰苦的努力。</p>\n\n<p class=\"text_align-justify text_indent-2em\" data-source=\"cke\">时刻保持忧患意识。新的征程，起点更高、难度更大、任务更重、风险挑战更多，必须始终保持清醒头脑，始终保持如履薄冰的谨慎，始终保持见叶知秋的敏锐，一以贯之增强忧患意识、防范风险挑战，加强战略性、系统性、前瞻性研究谋划，统筹发展和安全，时刻准备应对重大挑战、抵御重大风险、克服重大阻力、解决重大矛盾，不断增强风险防控意识和能力，下好先手棋、打好主动仗，善于在危机中育先机、于变局中开新局。</p>\n\n<p class=\"text_align-justify text_indent-2em\" data-source=\"cke\">大力发扬斗争精神。不畏强敌、不惧风险、敢于斗争、勇于胜利是我们党最鲜明的特点和品格。实现伟大梦想，必须发扬斗争精神、增强斗争本领，敢于斗争、善于斗争。要强化对党忠诚、为党分忧、为党尽责、为民造福的责任担当，坚定斗争方向，站稳斗争立场，把握斗争原则，坚持增强忧患意识和保持战略定力相统一、战略判断和战术决断相统一、斗争过程和斗争实效相统一，在重大斗争中练胆魄、磨意志、长才干，时刻准备战胜一切艰难险阻，为实现伟大梦想而顽强奋斗。</p>\n\n<p class=\"text_align-justify text_indent-2em\" data-source=\"cke\">持续深化改革开放。没有改革开放，就没有今天的伟大成就。实现中华民族伟大复兴的中国梦，必须坚定不移深化改革、扩大开放，始终保持方向不变、道路不偏、力度不减，敢闯敢试、敢为人先，破除藩篱、激发活力，充分调动各方面积极性、创造性，为实现中华民族伟大复兴提供更为完善的制度保证和奋勇前进的强大动力。</p>\n\n<p class=\"text_align-justify text_indent-2em\" data-source=\"cke\">紧紧依靠人民群众。中国共产党根基在人民、血脉在人民、力量在人民。我们党打江山、守江山，为的是人民幸福，靠的是人民力量，根本的是守好人民的心。必须始终把人民放在心中最高位置，坚持一切为了人民、一切依靠人民，守初心、担使命，践行党的群众路线，保持同人民群众的血肉联系，始终与人民心心相印、与人民同甘共苦、与人民团结奋斗。</p>\n\n<p class=\"text_align-justify text_indent-2em\" data-source=\"cke\">把党的自我革命进行到底。勇于推动自我革命，是我们党历经百年沧桑而风华正茂，历经千锤百炼而朝气蓬勃的奥秘所在。必须坚持以党的自我革命引领社会革命，不断增强自我净化、自我完善、自我革新、自我提高能力，以永远在路上的坚定执着将全面从严治党向纵深推进，确保党不变质、不变色、不变味，始终保持先进性和纯洁性，始终成为实现中华民族伟大复兴的坚强领导核心。</p>\n\n<!--{img:0}-->\n');
INSERT INTO `article_content` VALUES (107, '<p class=\"text_align-justify text_indent-2em\" data-source=\"cke\">习近平总书记在庆祝中国共产党成立100周年大会上的重要讲话中指出：“坚持把马克思主义基本原理同中国具体实际相结合、同中华优秀传统文化相结合”。马克思主义是中国共产党人理想信念的灵魂，中华优秀传统文化是中华民族的根和魂，中华优秀传统文化中的许多思想与马克思主义相融相通。我们党坚持把马克思主义基本原理同中华优秀传统文化相结合，用马克思主义真理的力量激活了伟大的中华文明，使中华文明再次迸发出强大精神力量。我们要深刻理解马克思主义基本原理同中华优秀传统文化相结合，不断开辟马克思主义中国化新境界。</p>\n\n<p class=\"text_indent-2em\" data-source=\"cke\"><strong data-source=\"cke\">始终坚持和发展马克思主义</strong></p>\n\n<p class=\"text_align-justify text_indent-2em\" data-source=\"cke\">习近平总书记指出：“马克思主义是我们立党立国的根本指导思想，是我们党的灵魂和旗帜。”马克思主义是科学的理论、人民的理论、实践的理论、不断发展的开放的理论，既源于马克思、恩格斯所处的时代又超越那个时代，既是那个时代精神的精华又是整个人类精神的精华。坚持把马克思主义基本原理同中华优秀传统文化相结合，必须始终坚持和发展马克思主义。</p>\n\n<p class=\"text_align-justify text_indent-2em\" data-source=\"cke\">一百年来，中国共产党之所以能够从最初只有50多名党员的党，发展到今天成为拥有9500多万名党员的世界上最大的马克思主义执政党，这是历史的选择、人民的选择。2020年，我国国内生产总值达到101.6万亿元，占世界经济比重达到17%左右，稳居世界第二位；人均国内生产总值超过1万美元，稳居中等偏上收入国家行列。这与我们党积极回应中国先进生产力的发展要求、有力维护中国最广大人民的根本利益、准确把握中国先进文化的前进方向，都是分不开的。</p>\n\n<p class=\"text_align-justify text_indent-2em\" data-source=\"cke\">党的百年历史充分表明，我们党是马克思主义的忠实继承者和成功实践者，也是中华优秀传统文化的忠实继承者和弘扬者。在推动马克思主义基本原理同中华优秀传统文化相结合的历史进程中，必须把坚持马克思主义和发展马克思主义统一起来，结合新的实践不断作出新的理论创造，从而更好地把中华民族的价值共识、精神追求、政治智慧、历史经验寓于马克思主义中国化的理论成果中，也更好地把马克思主义的科学性、人民性、实践性、开放性寓于中华优秀传统文化的创造性转化和创新性发展中。</p>\n\n<p class=\"text_align-justify text_indent-2em\" data-source=\"cke\"><strong data-source=\"cke\">始终着眼人民对美好生活的向往</strong></p>\n\n<p class=\"text_align-justify text_indent-2em\" data-source=\"cke\">对幸福生活的追求，是推动人类文明进步最持久的力量。我们党坚持为中国人民谋幸福，在推动马克思主义中国化的历史进程中，不断推动中华优秀传统文化创造性转化和创新性发展。</p>\n\n<p class=\"text_align-justify text_indent-2em\" data-source=\"cke\">一百年来，我们党始终坚持全心全意为人民服务的根本宗旨，在改革开放新时期创造性提出“小康社会”的目标，在新时代鲜明提出“人民对美好生活的向往，就是我们的奋斗目标”、积极倡导构建人类命运共同体……这些都得到了马克思、恩格斯关于“无产阶级的运动是绝大多数人的，为绝大多数人谋利益的独立的运动”“人的全面自由的发展”“生产将以所有的人富裕为目的”等思想的科学指引，也都得到了中华优秀传统文化中“保民、安民、富民、乐民”等思想的滋养，得到了“合则强，孤则弱”等思想的启迪。正是因为我们党在把马克思主义基本原理同中华优秀传统文化相结合中始终着眼于为人民创造更美好、更幸福的生活，所以马克思主义中国化的理论成果为广大人民群众所认同、信服和践行，指引我们这个古老的东方大国创造出人类历史上前所未有的发展奇迹，为当代中国找到了一条实现中华民族伟大复兴的正确道路。</p>\n\n<p class=\"text_align-justify text_indent-2em\" data-source=\"cke\">中国特色社会主义进入新时代，我国社会主要矛盾转化为人民日益增长的美好生活需要和不平衡不充分的发展之间的矛盾，人民美好生活需要日益广泛，不仅对物质文化生活提出了更高要求，而且在民主、法治、公平、正义、安全、环境等方面的要求日益增长。坚持把马克思主义基本原理同中华优秀传统文化相结合，就要顺应人民群众对美好生活的向往，立足新发展阶段，完整、准确、全面贯彻新发展理念，加快构建新发展格局，推动高质量发展，让广大人民群众共享改革发展成果，不断满足人民群众多层次多样化的需求。</p>\n\n<p class=\"text_align-justify text_indent-2em\" data-source=\"cke\"><strong data-source=\"cke\">持续推进马克思主义基本原理同中华优秀传统文化相结合</strong></p>\n\n<p class=\"text_align-justify text_indent-2em\" data-source=\"cke\">坚持把马克思主义基本原理同中华优秀传统文化相结合，是一个随着实践发展而发展的历史进程，必须坚持解放思想、实事求是、与时俱进、开拓创新，不断开辟马克思主义中国化新境界，不断铸就中华文化新辉煌。</p>\n\n<p class=\"text_align-justify text_indent-2em\" data-source=\"cke\">习近平总书记指出：“在近代中国最危急的时刻，中国共产党人找到了马克思列宁主义，并坚持把马克思列宁主义同中国实际相结合，用马克思主义真理的力量激活了中华民族历经几千年创造的伟大文明，使中华文明再次迸发出强大精神力量。”在历史发展的大潮中，中国共产党人善于把握我国社会发展阶段变化，善于抓住和解决我国社会主要矛盾和矛盾的主要方面，推动马克思主义基本原理同中华优秀传统文化相结合，推动古老的中华文明不断焕发新的生机活力。在带领中国人民进行革命、建设、改革的长期历史实践中，中国共产党人始终坚持以马克思主义为指导，始终是中华优秀传统文化的忠实继承者和弘扬者，从孔夫子到孙中山，我们党都注意汲取其中积极的养分。正是因为坚持把马克思主义基本原理同中华优秀传统文化相结合，坚持从历史走向未来，从延续民族文化血脉中开拓前进，我们党团结带领人民取得了革命、建设、改革的伟大成就。</p>\n\n<p class=\"text_align-justify text_indent-2em\" data-source=\"cke\">党的十八大以来，以习近平同志为核心的党中央把马克思主义基本原理同中华优秀传统文化相结合提升到一个新的高度。习近平总书记十分重视中华优秀传统文化的历史传承和创新发展，始终从中华民族最深沉、最深层精神追求的深度看待优秀传统文化，从国家战略资源的高度继承优秀传统文化，从推动中华民族现代化进程的角度创新发展优秀传统文化。习近平总书记强调：“要讲清楚每个国家和民族的历史传统、文化积淀、基本国情不同，其发展道路必然有着自己的特色；讲清楚中华文化积淀着中华民族最深沉的精神追求，是中华民族生生不息、发展壮大的丰厚滋养；讲清楚中华优秀传统文化是中华民族的突出优势，是我们最深厚的文化软实力；讲清楚中国特色社会主义植根于中华文化沃土、反映中国人民意愿、适应中国和时代发展进步要求，有着深厚历史渊源和广泛现实基础。中华民族创造了源远流长的中华文化，中华民族也一定能够创造出中华文化新的辉煌。”这“四个讲清楚”，既为推动中华优秀传统文化创造性转化和创新性发展，赋予中华优秀传统文化新的时代内涵，建设基于传统、跨越时空、融通中外、贴近当代、富有魅力的中国特色社会主义文化指明了方向，又为推动马克思主义基本原理同中华优秀传统文化相结合明确了路径。我们要科学运用唯物史观判断党和人民事业所处的历史方位和发展阶段，深刻认识我国社会主要矛盾变化带来的新特征新要求，不断推动马克思主义基本原理同中华优秀传统文化相结合，不断开辟马克思主义中国化新境界，让当代中国马克思主义、21世纪马克思主义展现出更强大、更有说服力的真理力量。</p>\n\n<p class=\"text_align-justify text_indent-2em\" data-source=\"cke\">（执笔：何中华）</p>\n\n<!--{img:0}-->\n');
INSERT INTO `article_content` VALUES (108, '<p class=\"text_align-justify text_indent-2em\" data-source=\"cke\" data-align=\"justify\">习近平总书记在党史学习教育动员大会上指出：“只要把握住历史发展规律和大势，抓住历史变革时机，顺势而为，奋发有为，我们就能够更好前进。”在百年奋斗历程中，我们党始终以马克思主义基本原理分析把握历史大势，正确处理中国和世界的关系，善于抓住和用好各种历史机遇，因而能够始终掌握党和国家事业发展的历史主动，取得一个又一个胜利。</p>\n\n<p class=\"text_align-justify text_indent-2em\" data-source=\"cke\" data-align=\"justify\">我们党的诞生就是顺应世界发展大势的结果。十月革命一声炮响，给中国送来了马克思列宁主义。这犹如黑暗中的一道霞光，给正在苦苦探求救国救民道路的中国先进分子指明了方向。在中国人民和中华民族的伟大觉醒中，在马克思列宁主义同中国工人运动的紧密结合中，中国共产党应运而生。中国共产党的诞生，顺应了社会主义兴起的世界发展大势。中国共产党成立这一开天辟地的大事变，深刻改变了近代以后中华民族发展的方向和进程，深刻改变了中国人民和中华民族的前途和命运，深刻改变了世界发展的趋势和格局。</p>\n\n<p class=\"text_align-justify text_indent-2em\" data-source=\"cke\" data-align=\"justify\">我们党的发展壮大也是顺应世界发展大势的结果。我们党成立时只有50多名党员，但从成立之日起就走在时代前列。经过艰辛探索，我们党找到了一条“农村包围城市、武装夺取政权”的中国特色革命道路。抗日战争时期，我们党从世界反法西斯战争和中国人民抗日救亡强烈愿望的大势出发，促成了抗日民族统一战线，最终团结带领中国人民赢得了抗日战争的伟大胜利。新中国的成立和巩固，也是顺应时代大潮的产物。那时，社会主义发展壮大，亚非拉民族解放运动风起云涌，出现了“东风压倒西风”的气象，新中国就是沐浴着这个东风诞生并站住了脚的。</p>\n\n<p class=\"text_align-justify text_indent-2em\" data-source=\"cke\" data-align=\"justify\">1978年12月，我们党召开了具有里程碑意义的十一届三中全会，作出把党和国家工作中心转移到经济建设上来、实行改革开放的历史性决策。当时，世界经济快速发展、科技进步日新月异，我国发展同国际先进水平的差距明显拉大。邓小平同志说：“我们要赶上时代，这是改革要达到的目的。”我们党对世界发展大势作出科学判断，下决心实现党和国家工作中心的转移，拉开了改革开放的历史大幕。正是这场伟大革命，极大激发了广大人民群众的积极性主动性创造性，极大促进了社会生产力的发展，极大增强了社会发展的活力，我国人民生活水平大幅提高、综合国力明显增强、国际地位显著提升。</p>\n\n<p class=\"text_align-justify text_indent-2em\" data-source=\"cke\" data-align=\"justify\">党的十八大以来，以习近平同志为核心的党中央深刻认识历史规律，准确把握历史大势，推动党和人民事业不断向前发展。我们坚持和加强党的全面领导，统筹推进“五位一体”总体布局、协调推进“四个全面”战略布局，坚持和完善中国特色社会主义制度、推进国家治理体系和治理能力现代化，坚持依规治党、形成比较完善的党内法规体系，战胜一系列重大风险挑战，实现第一个百年奋斗目标，明确实现第二个百年奋斗目标的战略安排，党和国家事业取得历史性成就、发生历史性变革。</p>\n\n<p class=\"text_align-justify text_indent-2em\" data-source=\"cke\" data-align=\"justify\">在一百年的非凡奋斗历程中，一代代中国共产党人以马克思主义基本原理分析把握历史大势，在认识世界和改造世界的过程中不断把握规律、积极运用规律，推动党和人民事业取得了一个又一个胜利。当前，我们党正团结带领全国各族人民在全面建设社会主义现代化国家的新征程上接续奋斗。我们面临着难得机遇，也面临着严峻挑战。把握历史大势，跟上时代潮流，始终是摆在我们面前的重大课题。新的征程上，我们要继续准确把握历史发展规律和大势，善于抓住和用好各种历史机遇，不断把新时代中国特色社会主义伟大事业推向前进。</p>\n\n<p class=\"text_align-justify text_indent-2em\" data-source=\"cke\" data-align=\"justify\"><strong data-source=\"cke\">（作者单位：天津大学马克思主义学院）</strong></p>\n\n<!--{img:0}-->\n');
INSERT INTO `article_content` VALUES (109, '<p class=\"text_align-justify text_indent-2em\" data-source=\"cke\">文明，是人类历史发展至高级阶段的产物。经过漫长的积淀与演化，数千年前，人类告别野蛮时代，踏上文明征程。在此进程中，人类文明的形态从来不是单一的，而是多彩的；文明的发展也从来不是单线的，而是多样的。在人类创造的璀璨文明星河中，中华文明历经5000多年风雨始终传承不坠、历久弥新，为人类社会进步作出了不可磨灭的贡献。在百年征程中，中国共产党团结带领中国人民，立志于千秋伟业，书写了中华民族几千年历史上最恢宏的史诗，铸就了人类文明发展史上的不朽传奇。</p>\n\n<p class=\"text_align-justify text_indent-2em\" data-source=\"cke\">习近平总书记在庆祝中国共产党成立100周年大会上指出：“我们坚持和发展中国特色社会主义，推动物质文明、政治文明、精神文明、社会文明、生态文明协调发展，创造了中国式现代化新道路，创造了人类文明新形态。”这一科学论断，立足人类社会发展与文明演进的历史大局、时代大势，发出了人类文明新形态的中国宣言。人类文明新形态，是中国特色社会主义的文明形态。这一崭新文明形态，不是简单延续我国历史文化的母版，不是简单套用马克思主义经典作家设想的模板，不是其他国家社会主义实践的再版，也不是国外现代化发展的翻版，而是中国共产党团结带领中国人民在充分吸纳包括历史上中华文明在内的人类一切优秀文明成果基础上的崭新创造，丰富了人类对文明发展的规律性认识，拓宽了人类文明迈向现代化的路径选择，为促进世界文明进步贡献了中国智慧和中国方案。</p>\n\n<p class=\"text_align-justify text_indent-2em\" data-source=\"cke\"><strong data-source=\"cke\">我们所创造的人类文明新形态，是对中华民族伟大文明传统的现代承续和创新发展。</strong>中华民族是一个具有高度文明自觉的伟大民族。历史长河中，中华民族创造的灿烂文明始终屹立人类文明发展潮头，永续不绝、创化日新。除中华文明外，还没有哪个原生文明同样经受住了历史的种种磨难和考验而延续至今。生生不息、薪火相传的伟大文明传统，积淀着中华民族最深沉的精神追求，是中华民族从容应对一切惊涛骇浪的充沛精神底气、丰厚智慧滋养与不竭力量源泉。正是基于这一伟大文明传统，中国共产党带领中国人民以高度的自觉自信和坚实的底气定力，探索开辟了中国式现代化新道路，创造了中国特色社会主义的文明新形态。这一文明新形态，是对5000多年中华文明传统的传承与发展，代表着历史悠久的中华文明在新时代达到的新境界、呈现的新气象。</p>\n\n<p class=\"text_align-justify text_indent-2em\" data-source=\"cke\">历史与实践充分证明，“现代化”不等于“西方化”，那种抛弃传统、丢掉根本、完全照搬他国现代化模式的做法，都是削足适履，不可能行得通；那种把自身现代化经验视为“普世真理”，认为现代化模式“只此一家，别无分店”，热衷价值观输出，试图在破坏他国文明传统基础上“复制”自己模式的做法，同样不可能走得通。我们所创造的人类文明新形态启示世人，只要珍视民族传统，立足自身国情，坚持守正创新，每一个国家和民族都可以成功找到实现自身文明现代化的通衢大道。</p>\n\n<p class=\"text_align-justify text_indent-2em\" data-source=\"cke\"><strong data-source=\"cke\">我们所创造的人类文明新形态，是中国共产党不懈推进马克思主义中国化时代化的产物。</strong>这一人类文明新形态，本质上是社会主义的文明形态，而不是其他什么主义的文明形态。马克思主义是这一崭新文明形态的根本指导思想，并为其确立了牢固的科学依据。作为深刻揭示人类社会发展规律的科学理论，马克思主义极大推进了人类文明发展进程，正如习近平总书记所指出，这一理论“照亮了人类探索历史规律和寻求自身解放的道路”。正是在马克思主义指引下，中国共产党人在百年探索中找到了推动中华文明成功迈向现代化的正确路径。</p>\n\n<p class=\"text_align-justify text_indent-2em\" data-source=\"cke\">同时，马克思主义是不断发展的开放的理论，坚持马克思主义与发展马克思主义是相互统一的。我们所创造的人类文明新形态，不是把马克思主义教条化而绘制出的文明“摹本”，而是百年来一代代中国共产党人把马克思主义基本原理同中国具体实际相结合、同中华优秀传统文化相结合，不断推进马克思主义中国化时代化，用与时俱进的中国化马克思主义理论成果指导不断发展的中国现代化实践所创作的文明“原本”。习近平新时代中国特色社会主义思想是马克思主义中国化最新成果，是当代中国马克思主义、21世纪马克思主义，是我们创造人类文明新形态的宝贵指南。</p>\n\n<p class=\"text_align-justify text_indent-2em\" data-source=\"cke\"><strong data-source=\"cke\">我们所创造的人类文明新形态，是中国共产党团结带领中国人民在英勇顽强的伟大奋斗中创造的文明奇迹。</strong>人类文明的发展从来不是一帆风顺的。在民族危机与文明危机交织叠加的近代中国，面对西方强势文明的侵袭和挑战，中华民族探求文明现代化的历程尤为艰辛。历经种种尝试，付出无数牺牲，直至马克思主义传入中国，中国共产党应运而生，中国人民和中华民族才有了科学理论的指引，才有了先进政党的领导，中华民族和中华文明的前途命运才得以深刻改变。一百年来，中国共产党团结带领中国人民上下求索，不懈奋斗，创造了一个个彪炳人类史册的文明发展奇迹。中国共产党成立后，在28年的血火淬炼中领导中国人民开辟了不同于西方和苏俄的中国革命新道路，取得了新民主主义革命伟大胜利，建立了人民当家作主的新中国。在70余年的执政兴国实践中，党领导人民开创了不同于其他国家和民族的中国式现代化新道路，创造了经济快速发展和社会长期稳定两大奇迹。经过长期奋斗，新时代的中国人民在中华大地上全面建成了小康社会，实现了憧憬千年的美好梦想，创造了人类反贫困斗争史上前无古人的壮举。</p>\n\n<p class=\"text_align-justify text_indent-2em\" data-source=\"cke\">习近平总书记豪迈指出：“在人类文明发展史上，除了中国特色社会主义制度和国家治理体系外，没有任何一种国家制度和国家治理体系能够在这样短的历史时期内创造出我国取得的经济快速发展、社会长期稳定这样的奇迹。”而今，中华大地山河锦绣，民族复兴光明在望。中国共产党领导中国人民在百年奋斗中取得的辉煌文明成就，永载中华民族发展史册和人类文明进步史册，是中国共产党领导开创的人类文明新形态的充分印证。</p>\n\n<p class=\"text_align-justify text_indent-2em\" data-source=\"cke\"><strong data-source=\"cke\">我们所创造的人类文明新形态，是物质文明、政治文明、精神文明、社会文明、生态文明整体推进、全面发展的文明形态。</strong>中华民族历经百年奋斗取得的文明成就，不是某一局部领域的发展，而是包括经济、政治、文化、社会、生态诸领域在内的深层次变革、整体性进步。在经济领域，我们坚持和完善公有制为主体、多种所有制经济共同发展的基本经济制度，推动经济高质量发展，把我国建设成为经济总量世界第二、进出口总额世界第一的经济大国，创造了先进的物质文明。在政治领域，我们坚持和完善人民当家作主的制度体系，坚持党的领导、人民当家作主、依法治国有机统一，发展中国特色社会主义民主政治，创造了维护人民根本利益最广泛、最真实、最管用的政治文明。在文化领域，我们不忘本来、吸收外来、面向未来，发展社会主义先进文化，繁荣社会主义文艺，推动文化事业和文化产业发展，创造了具有高度文化自信的精神文明。在社会领域，我们持续提高保障和改善民生水平，不断满足人民日益增长的美好生活需要，加强和创新社会治理，保持社会稳定、维护国家安全，创造了不断促进人的自由全面发展的社会文明。在生态领域，我们坚持和完善生态文明制度体系，坚定走生产发展、生活富裕、生态良好的文明发展道路，建设美丽中国，创造了旨在实现人与自然和谐共生的生态文明。可以说，经济、政治、文化、社会、生态文明建设全面推进，是我们所创造的人类文明新形态的鲜明特征。</p>\n\n<p class=\"text_align-justify text_indent-2em\" data-source=\"cke\">这一人类文明新形态，是中国共产党领导中国人民在社会主义现代化建设的实践中逐步形成、不断发展的。前进道路上，我们要统筹推进“五位一体”总体布局、协调推进“四个全面”战略布局，立足新发展阶段，贯彻新发展理念，构建新发展格局，努力把我国建设成为富强民主文明和谐美丽的社会主义现代化强国，实现中华民族与中华文明的伟大复兴。</p>\n\n<p class=\"text_align-justify text_indent-2em\" data-source=\"cke\"><strong data-source=\"cke\">我们所创造的人类文明新形态，彰显着人民至上的鲜明立场和价值追求。人民是历史的创造者，是真正的英雄。</strong>古今中外的历史事实充分证明，人民是推动人类文明进步的决定性力量，离开了人民的拥护、支持和参与，任何政党或集团都不可能立下傲世勋业。中国共产党是以马克思主义为指导的无产阶级政党，根基在人民、血脉在人民、力量在人民。从成立之日起，中国共产党就始终把人民放在心中最高位置，为人民而生、因人民而兴，是全心全意为人民服务的政党。正如习近平总书记深刻指出的：“中国共产党始终代表最广大人民根本利益，与人民休戚与共、生死相依，没有任何自己特殊的利益，从来不代表任何利益集团、任何权势团体、任何特权阶层的利益。”一百年来，中国共产党始终坚持为中国人民谋幸福、为中华民族谋复兴的初心使命，始终坚持依靠人民创造历史伟业，最终领导中国人民成功铸就了推动中华文明发展进步的宏图伟业。</p>\n\n<p class=\"text_align-justify text_indent-2em\" data-source=\"cke\">社会发展永无止境，人民对美好生活的向往与时而新。新时代中国共产党人团结带领中国人民在全面建成小康社会、实现第一个百年奋斗目标基础上，把进一步“实现人的全面发展和全体人民共同富裕”作为新的奋斗目标，带领中国人民继往开来，迈进全面建设社会主义现代化国家新征程。中国共产党领导开创的人类文明新形态，体现着以人民为中心的鲜明价值立场。这一崭新文明形态深刻启示我们，文明的发展从来不是为少数人谋私利，而是服务于大多数人的共同利益，各个国家和民族在推动文明现代化过程中，都应坚持发展依靠人民、发展服务人民，助益人民的自由全面发展，助益文明的共同进步。</p>\n\n<p class=\"text_align-justify text_indent-2em\" data-source=\"cke\"><strong data-source=\"cke\">我们所创造的人类文明新形态，体现了开放包容、命运与共的天下情怀。</strong>“物之不齐，物之情也。”在自然世界里，生物多样性是确保生态和谐的重要因素，在人类社会中，文明多样性是推动文明进步的重要动力。中国共产党领导中国人民开创的人类文明新形态，就是秉持“美人之美，美美与共”的理念，充分尊重人类文明多样性，积极倡导文明对话与文明互鉴，充分汲取、转化人类文明一切有益成果的产物。当代中国以自身成功开创的人类文明新形态证明，文明是平等的、开放的，不同文明在现代化进程中是可以互学互鉴、互利共赢的。那种认为不同文明之间相互冲突、彼此对立的观点是错误的，一种文明的发展，给其他文明带来的并非生存“威胁”，而是发展“机遇”。“文明冲突”的观点、“国强必霸”的逻辑，既不符合历来崇尚“和而不同”“天下大同”的中华文明精神特质，亦不顺应世界各国人民求和平、谋发展、促合作、图共赢的共同期盼。历史与现实告诉我们，各国人民只要秉持包容精神，就不存在什么“文明冲突”，就可以实现文明和谐。</p>\n\n<p class=\"text_align-justify text_indent-2em\" data-source=\"cke\">面对世界百年未有之大变局，着眼中华民族伟大复兴战略全局，我们要积极阐扬人类命运共同体理念，积极弘扬和平、发展、公平、正义、民主、自由的全人类共同价值，倡导多边主义，反对霸权主义，倡导文明、开放、对话、进步，反对野蛮、封闭、孤立、倒退，继续做世界和平的建设者、全球发展的贡献者、国际秩序的维护者，为推动人类文明进步作出新的更大贡献。</p>\n\n<p class=\"text_align-justify text_indent-2em\" data-source=\"cke\">中华民族和中华文明百年发展的辉煌成就雄辩证明，中国共产党是始终坚守真理、心系人民、具有高度文明自觉意识与文明自信心态的政党。没有中国共产党，就没有新中国，就没有中国特色社会主义，就没有中华民族伟大复兴。在新征程中，我们要进一步增强“四个意识”、坚定“四个自信”、做到“两个维护”，更加紧密地团结在以习近平同志为核心的党中央周围，沿着中国式现代化新道路砥砺奋进，把人类文明新形态发扬光大。</p>\n\n<p class=\"text_align-justify text_indent-2em\" data-source=\"cke\"><strong data-source=\"cke\">（作者分别系武汉大学马克思主义学院副教授、教授，均系马克思主义理论与中国实践湖北省协同创新中心研究员）</strong></p>\n\n<!--{img:0}-->\n');
INSERT INTO `article_content` VALUES (110, '<p class=\"text_align-justify text_indent-2em\" data-source=\"cke\">习近平总书记在庆祝中国共产党成立100周年大会上强调：“以史为鉴、开创未来，必须坚持和发展中国特色社会主义。”中国特色社会主义是科学社会主义理论逻辑和中国社会发展历史逻辑的辩证统一，是植根于中国大地、反映中国人民意愿、适应中国和时代发展进步要求的科学社会主义。一百年来，我们党准确把握我国基本国情与时代特征，持续推进理论创新、实践创新、制度创新，充分发挥人民主体作用，开辟了伟大道路、创造了伟大事业、取得了伟大成就，让科学社会主义在二十一世纪焕发强大生机活力、展现出光明前景。</p>\n\n<p class=\"text_align-justify text_indent-2em\" data-source=\"cke\"><strong data-source=\"cke\">准确把握我国基本国情和时代特征</strong></p>\n\n<p class=\"text_align-justify text_indent-2em\" data-source=\"cke\">正确认识我国所处的历史发展阶段，从基本国情和时代特征出发，是推进马克思主义中国化的内在要求。我国是在经济文化比较落后的基础上进入社会主义的，如何把握我国社会主义所处的历史阶段，从基本国情出发确立发展目标、选择发展道路，成为我们党面临的重大课题。</p>\n\n<p class=\"text_align-justify text_indent-2em\" data-source=\"cke\">经过新中国成立后三十多年的实践探索，中国共产党人清醒认识到我国社会主义还处在初级阶段，这是制定和执行路线方针政策的根本依据。党的基本理论、基本路线、基本方略，是立足社会主义初级阶段基本国情而形成的；改革开放过程中的理论创新、实践创新、制度创新，也是立足社会主义初级阶段基本国情推进的。同时要看到，社会主义初级阶段不是一个静态、一成不变、停滞不前的阶段，而是一个阶梯式递进、不断发展进步、日益接近质的飞跃的量的积累和发展变化的过程。党的十九届五中全会提出，全面建成小康社会、实现第一个百年奋斗目标之后，我们要乘势而上开启全面建设社会主义现代化国家新征程、向第二个百年奋斗目标进军，这标志着我国进入了一个新发展阶段。</p>\n\n<p class=\"text_align-justify text_indent-2em\" data-source=\"cke\">习近平总书记指出：“今天我们所处的新发展阶段，就是社会主义初级阶段中的一个阶段，同时是其中经过几十年积累、站到了新的起点上的一个阶段。”社会主义初级阶段是量的积累和发展变化的过程，是科学社会主义生机活力不断增强、不断释放的过程。立足新发展阶段，完整、准确、全面贯彻新发展理念，构建新发展格局，推动高质量发展，将使科学社会主义在更高起点、更高层次上焕发生机活力。历史发展有其规律，但人在其中不是完全消极被动的，只要把握住历史发展规律和大势，抓住历史变革时机，顺势而为，就能有所作为。我们党在百年奋斗历程中，始终以马克思主义基本原理分析把握历史大势和时代特征，正确处理中国和世界的关系，善于抓住和用好各种历史机遇。中国共产党的诞生、中华人民共和国的成立、改革开放的成功，都是顺应世界发展大势、洞察时代潮流的结果。新发展阶段，我国发展仍然处于重要战略机遇期，但机遇和挑战都有新的发展变化。在把握历史大势、时代特征的基础上把握和用好重要战略机遇期，就可以让科学社会主义焕发更旺盛的生机活力。</p>\n\n<p class=\"text_align-justify text_indent-2em\" data-source=\"cke\"><strong data-source=\"cke\">坚持改革开放不动摇</strong></p>\n\n<p class=\"text_align-justify text_indent-2em\" data-source=\"cke\">改革开放是决定当代中国命运的关键一招，也是决定实现“两个一百年”奋斗目标、实现中华民族伟大复兴的关键一招。改革开放是当代中国最鲜明的特色，赋予科学社会主义强大生机活力。</p>\n\n<p class=\"text_align-justify text_indent-2em\" data-source=\"cke\">建立和完善社会主义市场经济体制，是改革开放以来我们党将科学社会主义基本原则同中国具体实际和时代特征相结合的重大创新。我们坚持公有制为主体、多种所有制经济共同发展和按劳分配为主体、多种分配方式并存，把社会主义制度和市场经济有机结合起来，充分发挥市场在资源配置中的决定性作用，更好发挥政府作用。这些制度创新都是改革的成果，实现了从高度集中的计划经济体制到充满活力的社会主义市场经济体制的历史性转变，激活了各种生产要素，激发了各类市场主体的积极性、主动性、创造性。</p>\n\n<p class=\"text_align-justify text_indent-2em\" data-source=\"cke\">改革开放以来，我们党深入思考和探索国家治理体系和治理能力问题，既改革不适应实践发展要求的体制机制、法律法规，又不断构建新的体制机制、法律法规，使各方面制度更加科学、更加完善，实现党、国家、社会各项事务治理制度化、规范化、程序化。新时代全面深化改革的总目标是完善和发展中国特色社会主义制度、推进国家治理体系和治理能力现代化，这为科学社会主义焕发生机活力提供了制度保障。</p>\n\n<p class=\"text_align-justify text_indent-2em\" data-source=\"cke\">中国的发展离不开世界，世界的繁荣也需要中国。中国坚持对外开放的基本国策，实行积极主动的开放政策，打开国门搞建设，实现了从封闭半封闭到全方位开放的历史性转变。对外开放不仅发展了自己，也造福了世界。中国坚定不移推进共建“一带一路”高质量发展，使其成为广受欢迎的国际公共产品和规模最大的合作平台，给参与国家和地区创造了发展机遇。中国在对外开放中展现大国担当，成为世界经济增长的主要稳定器和动力源，促进了人类和平与发展的崇高事业，展现了科学社会主义的优越性。</p>\n\n<p class=\"text_align-justify text_indent-2em\" data-source=\"cke\"><strong data-source=\"cke\">全面推进中国特色社会主义建设</strong></p>\n\n<p class=\"text_align-justify text_indent-2em\" data-source=\"cke\">在推进中国特色社会主义事业的历史进程中，我们既坚持以经济建设为中心，又统筹推进经济建设、政治建设、文化建设、社会建设、生态文明建设，为坚持和发展科学社会主义进行了不懈探索和成功实践。</p>\n\n<p class=\"text_align-justify text_indent-2em\" data-source=\"cke\">以经济建设为中心是兴国之要。新中国成立后，我们积极谋求摆脱国家经济落后的面貌，在不长的时间里，建立起独立的比较完整的工业体系和国民经济体系，为经济发展奠定了重要基础。改革开放以来，我们始终坚持以经济建设为中心，不断解放和发展社会生产力。从1979年到2012年，我国国内生产总值年均增长9.8%，创造了人类经济发展史上的奇迹。党的十八大以来，以习近平同志为核心的党中央，统筹推进“五位一体”总体布局、协调推进“四个全面”战略布局，推动党和国家事业取得历史性成就、发生历史性变革。我国人均国内生产总值突破1万美元，国内生产总值突破100万亿元，经济总量稳居世界第二位。2020年，面对新冠肺炎疫情严重冲击，我国统筹疫情防控和经济社会发展，率先实现经济增长由负转正，成为全球唯一实现经济正增长的主要经济体。可以说，正是坚持以经济建设为中心不动摇，坚持发展是硬道理，保持经济持续健康发展，为保障其他各领域发展、有效应对各种风险挑战、保持社会和谐稳定奠定了坚实经济基础。</p>\n\n<p class=\"text_align-justify text_indent-2em\" data-source=\"cke\">形成中国特色社会主义事业总体布局，是我们党对社会主义建设规律认识不断深化的重要成果。改革开放以来特别是党的十八大以来，我国坚持以经济建设为中心，统筹推进经济、政治、文化、社会、生态文明建设，推动生产关系与生产力、上层建筑与经济基础相适应，推动中国特色社会主义事业全面发展、全面进步。比如，用制度体系保证人民当家作主，推动协商民主广泛、多层、制度化发展；用社会主义核心价值观凝心聚力，推动中华优秀传统文化创造性转化、创新性发展，继承革命文化，发展社会主义先进文化，不断铸就中华文化新辉煌；不断改善民生、增进人民福祉，形成世界上规模最大的中等收入群体，9899万农村贫困人口全部实现脱贫，832个贫困县全部摘帽，12.8万个贫困村全部出列，区域性整体贫困得到解决，历史性消除绝对贫困；践行绿水青山就是金山银山的理念，统筹山水林田湖草沙系统治理，推动形成绿色发展方式和生活方式，推动人与自然和谐共生的现代化建设取得重大进展。统筹推进“五位一体”总体布局、协调推进“四个全面”战略布局，增强了中国特色社会主义发展的整体性、协调性，为焕发科学社会主义的生机活力奠定了坚实基础。</p>\n\n<p class=\"text_align-justify text_indent-2em\" data-source=\"cke\"><strong data-source=\"cke\">充分发挥人民主体作用</strong></p>\n\n<p class=\"text_align-justify text_indent-2em\" data-source=\"cke\">历史唯物主义认为，人民是历史的创造者，是真正的英雄。中国共产党始终坚持以人民为中心，将促进人的全面发展、逐步实现全体人民共同富裕作为发展的目标和归宿，充分尊重人民主体地位，不断激发人民群众的积极性、主动性、创造性，凝聚起实现中华民族伟大复兴的磅礴力量。</p>\n\n<p class=\"text_align-justify text_indent-2em\" data-source=\"cke\">人的全面发展是中国特色社会主义的目标追求，实现人的全面发展需要多方面条件支撑，无疑是一项艰巨复杂的系统工程。只有动员广大人民群众共同参与，只有让广大人民群众不断从中国特色社会主义建设中得到实惠，才能使这一目标变成现实。习近平总书记指出：“我们追求的发展是造福人民的发展，我们追求的富裕是全体人民共同富裕。”改革开放以来特别是党的十八大以来，以习近平同志为核心的党中央坚持以人民为中心的发展思想，努力做到老百姓关心什么、期盼什么，改革就要抓住什么、推进什么，使改革发展成果更多更公平惠及全体人民，不断满足人民日益增长的美好生活需要，为人的全面发展创造了条件，也调动了人民群众投身中国特色社会主义事业的积极性、主动性、创造性。</p>\n\n<p class=\"text_align-justify text_indent-2em\" data-source=\"cke\">人民是我们党执政的最大底气，也是我们党的力量源泉。在革命、建设、改革的历史进程中，新生事物的产生和成长、思想认识的突破和创新、实践经验的创造和积累，无不来自亿万人民的实践和智慧。历史和现实雄辩地证明，中国特色社会主义是人民群众干出来的，凝聚了人民的心血和汗水，人民群众中蕴含着无穷的智慧和力量，赋予科学社会主义无限的生机与活力。</p>\n\n<p class=\"text_align-justify text_indent-2em\" data-source=\"cke\"><strong data-source=\"cke\">（执笔：陈金龙 雷艳芝）</strong></p>\n\n<!--{img:0}-->\n');
INSERT INTO `article_content` VALUES (111, '<p class=\"text_align-justify text_indent-2em\" data-source=\"cke\">习近平总书记指出，“增强做中国人的骨气和底气，让世界更好认识中国、了解中国，需要深入理解中华文明，从历史和现实、理论和实践相结合的角度深入阐释如何更好坚持中国道路、弘扬中国精神、凝聚中国力量。”在“七一”重要讲话中，习近平总书记强调，“新时代的中国青年要以实现中华民族伟大复兴为己任，增强做中国人的志气、骨气和底气”。</p>\n\n<p class=\"text_align-justify text_indent-2em\" data-source=\"cke\">中国人的骨气和底气从哪里来？一是从我们的历史文化底蕴中来。中华优秀传统文化是植根于我们内心深处的民族基因，潜移默化地影响着中国人的思想方式和行为方式，也是我们民族自信的文化根源。二是从我们的道路优势中来。中国特色社会主义一方面体现社会主义本质要求、继承中华优秀传统文化，另一方面凝聚时代精神、吸收世界文明有益成果，展现出强大的生机和活力。三是从我们的发展成就中来。随着我国经济社会的飞速发展进步，中国的国际地位不断提高、国际影响力不断扩大，中国人民用自己的百年奋斗赢得了世人的尊重，真正拥有了屹立于世界民族之林的骨气和底气。</p>\n\n<p class=\"text_align-justify text_indent-2em\" data-source=\"cke\">哲学社会科学工作者要坚持守正创新、不忘本来、吸收外来、面向未来，推动中华优秀传统文化创造性转化、创新性发展，为增强做中国人的骨气和底气提供坚实的文化支撑、思想支撑。</p>\n\n<p class=\"text_align-justify text_indent-2em\" data-source=\"cke\">贯通历史与现实。历史是过去的现实，现实是未来的历史。习近平总书记指出：“坚持把马克思主义基本原理同中国具体实际相结合、同中华优秀传统文化相结合。”这从坚持和发展中国特色社会主义的高度，为哲学社会科学提出了新的时代课题。马克思主义之所以能在中国传播、生根、结果，一方面是其理论的科学性和真理性满足了中国具体实际的需要，为中国革命、建设、改革提供了强大思想武器；另一方面是因为与中华文明在精神上能够契合，与中国传承了几千年的优秀传统文化和广大人民日用而不觉的价值观念实现融通。中华优秀传统文化作为中华民族的突出优势和最深厚的软实力，同马克思主义基本原理相结合、同中国特色社会主义道路相连接，极大地延伸、拓宽和加固了中国道路的文化根基。对于哲学社会科学工作者来说，从马克思主义中国化和优秀传统文化的现代性转化等角度，研究阐释贯穿其中的共通价值观念，把中国特色社会主义牢牢植根于中华文化沃土上，是一个重大的学术命题。</p>\n\n<p class=\"text_align-justify text_indent-2em\" data-source=\"cke\">融合理论与实践。理论源于实践，又用来指导实践，知行辩证统一、相互促进。正如毛泽东同志在《实践论》中所指出的，“实践、认识、再实践、再认识，这种形式，循环往复以至无穷，而实践和认识之每一循环的内容，都比较地进到了高一级的程度。这就是辩证唯物论的全部认识论，这就是辩证唯物论的知行统一观。”习近平总书记强调，必须不断接受马克思主义哲学智慧的滋养，更加自觉地坚持和运用辩证唯物主义世界观和方法论。“要学习掌握认识和实践辩证关系的原理，坚持实践第一的观点，不断推进实践基础上的理论创新。”哲学社会科学工作者要看到中国仍处于并将长期处于社会主义初级阶段这个最大客观实际，也要看到我们正经历着历史上最为广泛而深刻的社会变革，正进行着人类历史上最为宏大而独特的实践创新。这种前无古人的伟大实践，必将给理论创造、学术繁荣提供强大动力和广阔空间。我们应该从“两个大局”出发，深刻认识国情世情，提炼出有学理性的新理论，推动实践发展。</p>\n\n<p class=\"text_align-justify text_indent-2em\" data-source=\"cke\">连接中国与世界。加强中外交流，让世界更好认识中国、了解中国，促进中外学术交流是一个重要的渠道。为了实现这个目标，我们自己首先要把中国认识清楚、解释清楚。这既包括历史中国，又包括当代中国。还要认识到文化交流、文明互鉴对于文化和学术进步的重要意义。历史上，中华文明对于周边国家曾经产生过重要影响，并引起欧洲启蒙思想家们的关注。包括佛教在内外来文化的输入也给中华文明注入了新鲜血液，丰富了中国文化的内涵。近现代西方文化的输入更是极大地影响了现代中国文化和学术形态。与此同时，随着中国的快速发展，中国文化也越来越具有世界性的影响。哲学社会科学工作者应该下大力气，把中国的历史文化和当代发展讲清楚。</p>\n\n<p class=\"text_align-justify text_indent-2em\" data-source=\"cke\"><strong data-source=\"cke\">（作者系北京大学副校长、教授）</strong></p>\n\n<!--{img:0}-->\n');
INSERT INTO `article_content` VALUES (114, 'this is a test');
INSERT INTO `article_content` VALUES (115, '<p wx:nodeid=\"143\">你好啊</p><p wx:nodeid=\"148\">  这是篇正经测试文章</p><p wx:nodeid=\"151\">希望这个软件越来越好</p>');
INSERT INTO `article_content` VALUES (116, '<p>1234</p><p>123</p><p>12</p><p>1</p>');
INSERT INTO `article_content` VALUES (117, '<p>.03232</p><p>23</p>');

-- ----------------------------
-- Table structure for article_tag
-- ----------------------------
DROP TABLE IF EXISTS `article_tag`;
CREATE TABLE `article_tag`  (
  `id` bigint NOT NULL AUTO_INCREMENT COMMENT '编号',
  `article_id` bigint NOT NULL COMMENT '文章ID',
  `tag` varchar(255) CHARACTER SET utf8 COLLATE utf8_general_ci NULL DEFAULT NULL COMMENT '标签ID',
  PRIMARY KEY (`id`) USING BTREE
) ENGINE = InnoDB AUTO_INCREMENT = 388 CHARACTER SET = utf8 COLLATE = utf8_general_ci COMMENT = '文章&&标签关联表' ROW_FORMAT = DYNAMIC;

-- ----------------------------
-- Records of article_tag
-- ----------------------------
INSERT INTO `article_tag` VALUES (333, 57, '社会');
INSERT INTO `article_tag` VALUES (334, 58, '社会');
INSERT INTO `article_tag` VALUES (335, 59, '未分类');
INSERT INTO `article_tag` VALUES (336, 60, '科技');
INSERT INTO `article_tag` VALUES (337, 61, '未分类');
INSERT INTO `article_tag` VALUES (338, 62, '房产');
INSERT INTO `article_tag` VALUES (339, 63, '未分类');
INSERT INTO `article_tag` VALUES (340, 64, '社会');
INSERT INTO `article_tag` VALUES (341, 65, '社会,民生');
INSERT INTO `article_tag` VALUES (342, 66, '科技');
INSERT INTO `article_tag` VALUES (343, 67, '社会,民生');
INSERT INTO `article_tag` VALUES (344, 68, '社会');
INSERT INTO `article_tag` VALUES (345, 69, '健康,美容护肤');
INSERT INTO `article_tag` VALUES (346, 70, '未分类');
INSERT INTO `article_tag` VALUES (347, 71, '科学探索,医学前沿');
INSERT INTO `article_tag` VALUES (348, 72, '科技');
INSERT INTO `article_tag` VALUES (349, 73, '社会');
INSERT INTO `article_tag` VALUES (350, 74, '军事,武器');
INSERT INTO `article_tag` VALUES (351, 75, '科学探索,天文');
INSERT INTO `article_tag` VALUES (352, 76, '社会');
INSERT INTO `article_tag` VALUES (353, 77, '科技');
INSERT INTO `article_tag` VALUES (354, 78, '社会');
INSERT INTO `article_tag` VALUES (355, 79, '社会');
INSERT INTO `article_tag` VALUES (356, 80, '未分类');
INSERT INTO `article_tag` VALUES (357, 81, '未分类');
INSERT INTO `article_tag` VALUES (358, 82, '社会');
INSERT INTO `article_tag` VALUES (359, 83, '社会');
INSERT INTO `article_tag` VALUES (360, 84, '未分类');
INSERT INTO `article_tag` VALUES (361, 85, '社会,民生');
INSERT INTO `article_tag` VALUES (362, 86, '社会');
INSERT INTO `article_tag` VALUES (363, 87, '社会');
INSERT INTO `article_tag` VALUES (364, 88, '教育');
INSERT INTO `article_tag` VALUES (365, 89, '汽车');
INSERT INTO `article_tag` VALUES (366, 90, '科技');
INSERT INTO `article_tag` VALUES (367, 91, '财经');
INSERT INTO `article_tag` VALUES (368, 92, '国内,时政');
INSERT INTO `article_tag` VALUES (369, 93, '财经,宏观经济');
INSERT INTO `article_tag` VALUES (370, 94, '财经');
INSERT INTO `article_tag` VALUES (371, 95, '财经,经济民生');
INSERT INTO `article_tag` VALUES (372, 96, '国内,时政');
INSERT INTO `article_tag` VALUES (373, 97, '财经,股票');
INSERT INTO `article_tag` VALUES (374, 98, '国内,时政');
INSERT INTO `article_tag` VALUES (375, 99, '财经,经济民生');
INSERT INTO `article_tag` VALUES (376, 100, '财经,经济民生');
INSERT INTO `article_tag` VALUES (377, 101, '国内,时政');
INSERT INTO `article_tag` VALUES (378, 102, '国内,时政');
INSERT INTO `article_tag` VALUES (379, 103, '国内,时政');
INSERT INTO `article_tag` VALUES (380, 104, '国内,时政');
INSERT INTO `article_tag` VALUES (381, 105, '国内,时政');
INSERT INTO `article_tag` VALUES (382, 106, '国内,时政');
INSERT INTO `article_tag` VALUES (383, 107, '国内,时政');
INSERT INTO `article_tag` VALUES (384, 108, '国内,时政');
INSERT INTO `article_tag` VALUES (385, 109, '国内,时政');
INSERT INTO `article_tag` VALUES (386, 110, '国内,时政');
INSERT INTO `article_tag` VALUES (387, 111, '未分类');

-- ----------------------------
-- Table structure for category
-- ----------------------------
DROP TABLE IF EXISTS `category`;
CREATE TABLE `category`  (
  `id` bigint NOT NULL AUTO_INCREMENT COMMENT '编号',
  `name` varchar(100) CHARACTER SET utf8 COLLATE utf8_general_ci NULL DEFAULT NULL COMMENT '分类名称',
  PRIMARY KEY (`id`) USING BTREE
) ENGINE = InnoDB AUTO_INCREMENT = 5 CHARACTER SET = utf8 COLLATE = utf8_general_ci COMMENT = '分类表' ROW_FORMAT = DYNAMIC;

-- ----------------------------
-- Records of category
-- ----------------------------
INSERT INTO `category` VALUES (1, '测试');
INSERT INTO `category` VALUES (2, '随笔');
INSERT INTO `category` VALUES (3, '心情');
INSERT INTO `category` VALUES (4, 'springboot');

-- ----------------------------
-- Table structure for comment
-- ----------------------------
DROP TABLE IF EXISTS `comment`;
CREATE TABLE `comment`  (
  `com_id` int NOT NULL AUTO_INCREMENT,
  `auth_id` bigint NOT NULL,
  `article_id` bigint NOT NULL,
  `content` varchar(1500) CHARACTER SET utf8mb4 COLLATE utf8mb4_general_ci NULL DEFAULT NULL COMMENT '留言的内容',
  `status` int UNSIGNED NULL DEFAULT 1 COMMENT '当前留言的状态 2已屏蔽 1正常 0审核中',
  `ignore` int UNSIGNED NULL DEFAULT 0 COMMENT '是否忽略该留言',
  `publishdate` datetime NULL DEFAULT CURRENT_TIMESTAMP COMMENT '留言发布的日期',
  PRIMARY KEY (`com_id`) USING BTREE,
  INDEX `user_id`(`auth_id`) USING BTREE,
  INDEX `article_id`(`article_id`) USING BTREE,
  CONSTRAINT `comment_ibfk_1` FOREIGN KEY (`auth_id`) REFERENCES `user` (`user_id`) ON DELETE RESTRICT ON UPDATE RESTRICT
) ENGINE = InnoDB AUTO_INCREMENT = 48 CHARACTER SET = utf8mb4 COLLATE = utf8mb4_general_ci ROW_FORMAT = DYNAMIC;

-- ----------------------------
-- Records of comment
-- ----------------------------
INSERT INTO `comment` VALUES (1, 2019211178, 1, 'testhhh', NULL, NULL, NULL);
INSERT INTO `comment` VALUES (2, 2020140000, 1, '2jjgj', NULL, NULL, NULL);
INSERT INTO `comment` VALUES (3, 2020140000, 2, 'hhhh ', NULL, NULL, NULL);
INSERT INTO `comment` VALUES (4, 2020130576, 1, 'hhghg ', NULL, NULL, NULL);
INSERT INTO `comment` VALUES (6, 2019211179, 988350023973625281, '她她她', 1, NULL, NULL);
INSERT INTO `comment` VALUES (7, 2019211179, 988350023973625281, '给哈哈哈', NULL, NULL, NULL);
INSERT INTO `comment` VALUES (8, 2020140000, 1, 'hellllllll', NULL, NULL, NULL);
INSERT INTO `comment` VALUES (9, 2020140000, -1, 'hellllllll', NULL, NULL, NULL);
INSERT INTO `comment` VALUES (10, 2019211178, 67, '真好看', NULL, NULL, NULL);
INSERT INTO `comment` VALUES (11, 2019211178, 67, '真不错', NULL, NULL, NULL);
INSERT INTO `comment` VALUES (12, 2019211178, 79, 'jlkkllklk', NULL, NULL, NULL);
INSERT INTO `comment` VALUES (13, 2019211178, 67, '挺好的的', NULL, NULL, NULL);
INSERT INTO `comment` VALUES (14, 2019211178, 67, '', NULL, NULL, NULL);
INSERT INTO `comment` VALUES (15, 2019211178, 67, '', NULL, NULL, NULL);
INSERT INTO `comment` VALUES (16, 2019211178, 67, '', NULL, NULL, NULL);
INSERT INTO `comment` VALUES (17, 2019211178, 59, '', NULL, NULL, NULL);
INSERT INTO `comment` VALUES (18, 2019211178, 81, '太精彩了', NULL, NULL, NULL);
INSERT INTO `comment` VALUES (19, 2019211178, 82, '有人吗', NULL, NULL, NULL);
INSERT INTO `comment` VALUES (20, 2019211178, 80, '123', NULL, NULL, NULL);
INSERT INTO `comment` VALUES (21, 2019211178, 79, 'kjs是我儿', NULL, NULL, NULL);
INSERT INTO `comment` VALUES (22, 2019211178, 79, 'kjs是我儿', NULL, NULL, NULL);
INSERT INTO `comment` VALUES (23, 2019211178, 79, '23', NULL, NULL, NULL);
INSERT INTO `comment` VALUES (24, 2019211178, 81, '不错不错', NULL, NULL, NULL);
INSERT INTO `comment` VALUES (25, 2019211178, 80, '456', NULL, NULL, NULL);
INSERT INTO `comment` VALUES (26, 2019211178, 79, '789', NULL, NULL, NULL);
INSERT INTO `comment` VALUES (27, 2019211178, 80, '789', NULL, NULL, NULL);
INSERT INTO `comment` VALUES (28, 2019211178, 59, '12', NULL, NULL, NULL);
INSERT INTO `comment` VALUES (29, 2019211178, 67, '', NULL, NULL, NULL);
INSERT INTO `comment` VALUES (30, 2019211178, 67, '', NULL, NULL, NULL);
INSERT INTO `comment` VALUES (31, 2019211178, 67, '', NULL, NULL, NULL);
INSERT INTO `comment` VALUES (32, 2019211178, 67, '', NULL, NULL, NULL);
INSERT INTO `comment` VALUES (33, 2019211178, 67, '1', NULL, NULL, NULL);
INSERT INTO `comment` VALUES (34, 2019211178, 67, '', NULL, NULL, NULL);
INSERT INTO `comment` VALUES (35, 2019211178, 67, '', NULL, NULL, NULL);
INSERT INTO `comment` VALUES (36, 2019211178, 80, '', NULL, NULL, NULL);
INSERT INTO `comment` VALUES (37, 2019211178, 80, '', NULL, NULL, NULL);
INSERT INTO `comment` VALUES (38, 2019211178, 67, '', NULL, NULL, NULL);
INSERT INTO `comment` VALUES (39, 2019211178, 62, '213', NULL, NULL, NULL);
INSERT INTO `comment` VALUES (40, 2019211178, 62, '213', NULL, NULL, NULL);
INSERT INTO `comment` VALUES (41, 2019211178, 57, '213', NULL, NULL, NULL);
INSERT INTO `comment` VALUES (42, 2019211178, 59, '456', NULL, NULL, NULL);
INSERT INTO `comment` VALUES (43, 2019211178, 79, '', NULL, NULL, NULL);
INSERT INTO `comment` VALUES (44, 2019211178, 79, '', NULL, NULL, NULL);
INSERT INTO `comment` VALUES (45, 2019211178, 115, '', NULL, NULL, NULL);
INSERT INTO `comment` VALUES (46, 2019211178, 115, '', NULL, NULL, NULL);
INSERT INTO `comment` VALUES (47, 2019211178, 62, '1', NULL, NULL, NULL);

-- ----------------------------
-- Table structure for login_log
-- ----------------------------
DROP TABLE IF EXISTS `login_log`;
CREATE TABLE `login_log`  (
  `id` bigint NOT NULL AUTO_INCREMENT COMMENT '编号',
  `username` varchar(20) CHARACTER SET utf8 COLLATE utf8_general_ci NULL DEFAULT NULL COMMENT '用户名',
  `ip` varchar(20) CHARACTER SET utf8 COLLATE utf8_general_ci NULL DEFAULT NULL COMMENT 'IP地址',
  `location` varchar(255) CHARACTER SET utf8 COLLATE utf8_general_ci NULL DEFAULT NULL COMMENT '登录地点',
  `create_time` datetime NULL DEFAULT NULL COMMENT '登录时间',
  `device` varchar(255) CHARACTER SET utf8 COLLATE utf8_general_ci NULL DEFAULT NULL COMMENT '登录设备',
  PRIMARY KEY (`id`) USING BTREE
) ENGINE = InnoDB AUTO_INCREMENT = 110 CHARACTER SET = utf8 COLLATE = utf8_general_ci ROW_FORMAT = DYNAMIC;

-- ----------------------------
-- Records of login_log
-- ----------------------------
INSERT INTO `login_log` VALUES (1, 'tycoding', '127.0.0.1', '内网IP|0|0|内网IP|内网IP', '2020-06-28 21:13:18', 'Chrome 8 -- Mac OS X');
INSERT INTO `login_log` VALUES (2, 'tycoding', '127.0.0.1', '内网IP|0|0|内网IP|内网IP', '2020-06-28 21:17:13', 'Chrome 8 -- Mac OS X');

-- ----------------------------
-- Table structure for tag
-- ----------------------------
DROP TABLE IF EXISTS `tag`;
CREATE TABLE `tag`  (
  `id` bigint NOT NULL AUTO_INCREMENT COMMENT '编号',
  `name` varchar(100) CHARACTER SET utf8 COLLATE utf8_general_ci NULL DEFAULT NULL COMMENT '标签名称',
  PRIMARY KEY (`id`) USING BTREE
) ENGINE = InnoDB AUTO_INCREMENT = 5 CHARACTER SET = utf8 COLLATE = utf8_general_ci COMMENT = '标签表' ROW_FORMAT = DYNAMIC;

-- ----------------------------
-- Records of tag
-- ----------------------------
INSERT INTO `tag` VALUES (1, '随笔');
INSERT INTO `tag` VALUES (4, '测试');

-- ----------------------------
-- Table structure for task
-- ----------------------------
DROP TABLE IF EXISTS `task`;
CREATE TABLE `task`  (
  `task_id` int NOT NULL AUTO_INCREMENT COMMENT '编号',
  `content` varchar(500) CHARACTER SET utf8 COLLATE utf8_general_ci NULL DEFAULT NULL COMMENT '任务描述',
  `task_status` int NULL DEFAULT 0 COMMENT '0 失效 1 每日任务 7 每周任务',
  `type` int NULL DEFAULT 0 COMMENT '任务类型 0 任务类型未定义 1代表浏览 2代表点赞，3代表收藏 4代表发表 5代表评论 6代表登录',
  `tol_num` int NOT NULL DEFAULT 1 COMMENT '任务数量 如阅读十篇文章即为10，连续登录7天即为7',
  `exp` int NOT NULL DEFAULT 0 COMMENT '经验',
  `point` int NOT NULL DEFAULT 0 COMMENT '积分',
  PRIMARY KEY (`task_id`) USING BTREE
) ENGINE = InnoDB AUTO_INCREMENT = 5 CHARACTER SET = utf8 COLLATE = utf8_general_ci COMMENT = '任务表' ROW_FORMAT = DYNAMIC;

-- ----------------------------
-- Records of task
-- ----------------------------
INSERT INTO `task` VALUES (1, '每日登录', 1, 1, 1, 10, 1);
INSERT INTO `task` VALUES (2, '阅读10篇文章', 1, 2, 10, 20, 5);
INSERT INTO `task` VALUES (3, '发表一篇文章', 7, 5, 1, 10, 1);
INSERT INTO `task` VALUES (4, '阅读30篇文章', 7, 3, 30, 20, 5);

-- ----------------------------
-- Table structure for user
-- ----------------------------
DROP TABLE IF EXISTS `user`;
CREATE TABLE `user`  (
  `user_id` bigint NOT NULL,
  `user_name` varchar(20) CHARACTER SET utf8mb4 COLLATE utf8mb4_general_ci NULL DEFAULT NULL,
  `password` varchar(63) CHARACTER SET utf8mb4 COLLATE utf8mb4_general_ci NULL DEFAULT NULL,
  `status` int(10) UNSIGNED ZEROFILL NOT NULL DEFAULT 0000000001 COMMENT '当前用户的状态 1正常 0异常',
  `gender` int NULL DEFAULT NULL,
  `birthdate` date NULL DEFAULT NULL,
  `email` varchar(30) CHARACTER SET utf8mb4 COLLATE utf8mb4_general_ci NULL DEFAULT NULL,
  `phone` varchar(30) CHARACTER SET utf8mb4 COLLATE utf8mb4_general_ci NULL DEFAULT NULL,
  `graduated` int NULL DEFAULT NULL COMMENT '1代表研究生\r\n0代表本科生',
  `enro_year` int NULL DEFAULT NULL COMMENT '入学年份',
  `nick` varchar(20) CHARACTER SET utf8mb4 COLLATE utf8mb4_general_ci NULL DEFAULT NULL COMMENT '昵称',
  `user_province` varchar(30) CHARACTER SET utf8mb4 COLLATE utf8mb4_general_ci NULL DEFAULT NULL,
  `user_city` varchar(30) CHARACTER SET utf8mb4 COLLATE utf8mb4_general_ci NULL DEFAULT NULL,
  `user_point` int NULL DEFAULT NULL COMMENT '用户积分',
  `remaining_view_num` int NULL DEFAULT NULL COMMENT '用户剩余浏览量',
  `user_exp` int NULL DEFAULT NULL COMMENT '用户经验',
  `avatar_url` varchar(512) CHARACTER SET utf8mb4 COLLATE utf8mb4_general_ci NULL DEFAULT NULL,
  `signature` varchar(256) CHARACTER SET utf8mb4 COLLATE utf8mb4_general_ci NULL DEFAULT NULL,
  PRIMARY KEY (`user_id`) USING BTREE
) ENGINE = InnoDB CHARACTER SET = utf8mb4 COLLATE = utf8mb4_general_ci ROW_FORMAT = DYNAMIC;

-- ----------------------------
-- Records of user
-- ----------------------------
INSERT INTO `user` VALUES (12321, NULL, NULL, 0000000001, 1, NULL, NULL, NULL, NULL, NULL, 'ᯤ⁸ᴳ⁺', NULL, NULL, NULL, NULL, NULL, 'https://thirdwx.qlogo.cn/mmopen/vi_32/DYAIOgq83eo7iaE7icF4u7IeicCK50DHjiaE1ZoLsxrOPnKWVJvkXP4oVJ3EF36WKjzG4JdVu0DJjmibMZzprWTMCcA/132', NULL);
INSERT INTO `user` VALUES (2019211178, 'gjq', NULL, 0000000001, 1, '2021-08-06', 'gjq@qq.com', '13331600193', NULL, NULL, NULL, NULL, NULL, NULL, NULL, NULL, NULL, NULL);
INSERT INTO `user` VALUES (2019211179, 'kjs', NULL, 0000000001, 0, '2021-08-08', '123@qq.com', '13331626668', NULL, NULL, NULL, NULL, NULL, NULL, NULL, NULL, NULL, NULL);
INSERT INTO `user` VALUES (2020130576, 'nick', NULL, 0000000001, 1, '2021-08-06', '', '12000000000', NULL, NULL, NULL, NULL, NULL, NULL, NULL, NULL, NULL, NULL);
INSERT INTO `user` VALUES (2020140000, 'liqw', '81dc9bdb52d04dc20036dbd8313ed055', 0000000000, 1, '2021-08-03', 'zwt@qq.com', '13100000000', 1, 2019, NULL, NULL, NULL, 30, NULL, NULL, NULL, NULL);
INSERT INTO `user` VALUES (2020140001, 'liqw', NULL, 0000000001, 1, '2021-08-03', 'zwt@qq.com', '13100000000', NULL, NULL, NULL, NULL, NULL, NULL, NULL, NULL, NULL, NULL);

-- ----------------------------
-- Table structure for user_article
-- ----------------------------
DROP TABLE IF EXISTS `user_article`;
CREATE TABLE `user_article`  (
  `id` bigint NOT NULL AUTO_INCREMENT,
  `user_id` bigint NULL DEFAULT NULL,
  `art_id` bigint NULL DEFAULT NULL,
  `type` int NULL DEFAULT NULL COMMENT '1代表浏览 2代表点赞，3代表收藏',
  `generate_date` datetime NULL DEFAULT CURRENT_TIMESTAMP,
  PRIMARY KEY (`id`) USING BTREE
) ENGINE = InnoDB AUTO_INCREMENT = 43 CHARACTER SET = utf8 COLLATE = utf8_general_ci ROW_FORMAT = DYNAMIC;

-- ----------------------------
-- Records of user_article
-- ----------------------------
INSERT INTO `user_article` VALUES (1, 2020140000, 67, 3, NULL);
INSERT INTO `user_article` VALUES (2, 2020140000, 71, 3, NULL);
INSERT INTO `user_article` VALUES (3, 2020140000, 69, 1, NULL);
INSERT INTO `user_article` VALUES (4, 2020140000, 67, 2, NULL);
INSERT INTO `user_article` VALUES (5, 2019211178, 67, 1, NULL);
INSERT INTO `user_article` VALUES (6, 2019211178, 67, 2, NULL);
INSERT INTO `user_article` VALUES (7, 2019211178, 67, 3, NULL);
INSERT INTO `user_article` VALUES (8, 2019211178, 67, 2, NULL);
INSERT INTO `user_article` VALUES (9, 2019211178, 67, 3, NULL);
INSERT INTO `user_article` VALUES (27, 2019211178, 79, 2, '2021-08-17 21:32:25');
INSERT INTO `user_article` VALUES (28, 2019211178, 79, 3, '2021-08-17 21:32:26');
INSERT INTO `user_article` VALUES (29, 2019211178, 81, 1, '2021-08-18 21:21:09');
INSERT INTO `user_article` VALUES (30, 2019211178, 81, 2, '2021-08-18 21:21:33');
INSERT INTO `user_article` VALUES (31, 2019211178, 81, 3, '2021-08-18 21:21:34');
INSERT INTO `user_article` VALUES (32, 2019211178, 79, 1, '2021-08-18 21:22:16');
INSERT INTO `user_article` VALUES (33, 2019211178, 116, 1, '2021-08-18 21:22:32');
INSERT INTO `user_article` VALUES (34, 2019211178, 116, 2, '2021-08-18 21:22:34');
INSERT INTO `user_article` VALUES (35, 2019211178, 116, 3, '2021-08-18 21:22:36');
INSERT INTO `user_article` VALUES (36, 2019211178, 115, 1, '2021-08-18 21:27:25');
INSERT INTO `user_article` VALUES (37, 2019211178, 84, 1, '2021-08-18 21:48:08');
INSERT INTO `user_article` VALUES (38, 2019211178, 84, 2, '2021-08-18 21:48:12');
INSERT INTO `user_article` VALUES (39, 2019211178, 84, 3, '2021-08-18 21:48:15');
INSERT INTO `user_article` VALUES (40, 2019211178, 87, 1, '2021-08-18 22:33:54');

-- ----------------------------
-- Table structure for user_log
-- ----------------------------
DROP TABLE IF EXISTS `user_log`;
CREATE TABLE `user_log`  (
  `id` bigint NOT NULL AUTO_INCREMENT COMMENT '编号',
  `username` varchar(20) CHARACTER SET utf8 COLLATE utf8_general_ci NULL DEFAULT NULL COMMENT '操作用户',
  `operation` varchar(20) CHARACTER SET utf8 COLLATE utf8_general_ci NULL DEFAULT NULL COMMENT '操作描述',
  `time` bigint NULL DEFAULT NULL COMMENT '耗时(毫秒)',
  `method` varchar(100) CHARACTER SET utf8 COLLATE utf8_general_ci NULL DEFAULT NULL COMMENT '操作方法',
  `params` varchar(255) CHARACTER SET utf8 COLLATE utf8_general_ci NULL DEFAULT NULL COMMENT '操作参数',
  `ip` varchar(20) CHARACTER SET utf8 COLLATE utf8_general_ci NULL DEFAULT NULL COMMENT 'IP地址',
  `create_time` datetime NULL DEFAULT NULL COMMENT '操作时间',
  `location` varchar(20) CHARACTER SET utf8 COLLATE utf8_general_ci NULL DEFAULT NULL COMMENT '操作地点',
  PRIMARY KEY (`id`) USING BTREE
) ENGINE = InnoDB AUTO_INCREMENT = 94 CHARACTER SET = utf8 COLLATE = utf8_general_ci COMMENT = '系统日志表' ROW_FORMAT = DYNAMIC;

-- ----------------------------
-- Records of user_log
-- ----------------------------
INSERT INTO `user_log` VALUES (87, 'tycoding', '新增文章', 1, 'cn.tycoding.biz.controller.ArticleController.add()', ' sysArticle\"SysArticle(id=14, title=1, author=tycoding, des=1, content=1, create...', '127.0.0.1', '2020-06-28 23:07:41', '内网IP|0|0|内网IP|内网IP');
INSERT INTO `user_log` VALUES (88, 'tycoding', '更新文章', 1, 'cn.tycoding.biz.controller.ArticleController.update()', ' sysArticle\"SysArticle(id=14, title=123, author=tycoding, des=1, content=1, crea...', '127.0.0.1', '2020-06-28 23:07:55', '内网IP|0|0|内网IP|内网IP');

-- ----------------------------
-- Table structure for user_task
-- ----------------------------
DROP TABLE IF EXISTS `user_task`;
CREATE TABLE `user_task`  (
  `id` bigint NOT NULL AUTO_INCREMENT,
  `user_id` bigint NOT NULL COMMENT '用户编号',
  `task_id` int NOT NULL COMMENT '任务编号',
  `now_num` int NOT NULL DEFAULT 0 COMMENT '任务完成数量 如已经阅读五篇文章即为5，连续登录3天即为3',
  `user_task_status` int NULL DEFAULT 0 COMMENT '0 未完成 1 已完成 2 已领取',
  PRIMARY KEY (`id`) USING BTREE,
  INDEX `user_id`(`user_id`) USING BTREE,
  INDEX `task_id`(`task_id`) USING BTREE,
  CONSTRAINT `user_task_ibfk_1` FOREIGN KEY (`user_id`) REFERENCES `user` (`user_id`) ON DELETE RESTRICT ON UPDATE RESTRICT,
  CONSTRAINT `user_task_ibfk_2` FOREIGN KEY (`task_id`) REFERENCES `task` (`task_id`) ON DELETE RESTRICT ON UPDATE RESTRICT
) ENGINE = InnoDB AUTO_INCREMENT = 5 CHARACTER SET = utf8 COLLATE = utf8_general_ci COMMENT = '用户任务表' ROW_FORMAT = DYNAMIC;

-- ----------------------------
-- Records of user_task
-- ----------------------------
INSERT INTO `user_task` VALUES (1, 2019211178, 1, 0, 2);
INSERT INTO `user_task` VALUES (2, 2019211178, 2, 12, 2);
INSERT INTO `user_task` VALUES (3, 2019211178, 3, 0, 2);
INSERT INTO `user_task` VALUES (4, 2019211178, 4, 25, 2);

-- ----------------------------
-- Table structure for wxlogin
-- ----------------------------
DROP TABLE IF EXISTS `wxlogin`;
CREATE TABLE `wxlogin`  (
  `openid` varchar(30) CHARACTER SET utf8mb4 COLLATE utf8mb4_general_ci NOT NULL,
  `session_key` varchar(30) CHARACTER SET utf8mb4 COLLATE utf8mb4_general_ci NULL DEFAULT NULL,
  `user_id` bigint NULL DEFAULT NULL,
  PRIMARY KEY (`openid`) USING BTREE
) ENGINE = InnoDB CHARACTER SET = utf8mb4 COLLATE = utf8mb4_general_ci ROW_FORMAT = Dynamic;

-- ----------------------------
-- Records of wxlogin
-- ----------------------------
INSERT INTO `wxlogin` VALUES ('o0DhN52HNJD3KSC_zAsjb8_SC90c', 'D4hbdWofImHwmPJ9v3K3yQ==', 12321);

SET FOREIGN_KEY_CHECKS = 1;
